[2026-05-18 13:43:27,045][INFO] Loaded configuration from config.yaml
[2026-05-18 13:43:27,045][DEBUG] Configuration validation passed
[2026-05-18 13:43:27,045][INFO][fuzzer_core] Starting fuzzing session against 192.168.60.3:502
[2026-05-18 13:43:27,045][INFO][fuzzer_core] Using strategies: ['grammar_based', 'boundary_values']
[2026-05-18 13:43:27,045][INFO][fuzzer_core] Fuzzing 12 function codes
[2026-05-18 13:43:27,045][INFO][fuzzer_core] Fuzzing function code 01
[2026-05-18 13:43:27,045][INFO][modbus_packet] Generated 48 test cases for FC01
[2026-05-18 13:43:27,055][INFO][modbus_connection] Connected to 192.168.60.3:502
[2026-05-18 13:43:27,132][INFO][fuzzer_core] New response pattern: 1:False:None:2
[2026-05-18 13:43:27,160][INFO][fuzzer_core] New response pattern: 1:False:None:33
[2026-05-18 13:43:27,187][INFO][fuzzer_core] New response pattern: 1:False:None:251
[2026-05-18 13:43:27,187][WARNING][fuzzer_core] Large response: 251 bytes
[2026-05-18 13:43:27,200][WARNING][fuzzer_core] Large response: 251 bytes
[2026-05-18 13:43:27,271][WARNING][fuzzer_core] Large response: 251 bytes
[2026-05-18 13:43:27,285][WARNING][fuzzer_core] Large response: 251 bytes
[2026-05-18 13:43:27,354][WARNING][fuzzer_core] Large response: 251 bytes
[2026-05-18 13:43:27,368][WARNING][fuzzer_core] Large response: 251 bytes
[2026-05-18 13:43:27,382][INFO][fuzzer_core] New response pattern: 1:True:2:1
[2026-05-18 13:43:27,835][INFO][fuzzer_core] Fuzzing function code 02
[2026-05-18 13:43:27,836][INFO][modbus_packet] Generated 48 test cases for FC02
[2026-05-18 13:43:27,840][INFO][fuzzer_core] New response pattern: 2:False:None:2
[2026-05-18 13:43:27,867][INFO][fuzzer_core] New response pattern: 2:False:None:33
[2026-05-18 13:43:27,896][INFO][fuzzer_core] New response pattern: 2:False:None:251
[2026-05-18 13:43:27,896][WARNING][fuzzer_core] Large response: 251 bytes
[2026-05-18 13:43:27,910][WARNING][fuzzer_core] Large response: 251 bytes
[2026-05-18 13:43:27,978][WARNING][fuzzer_core] Large response: 251 bytes
[2026-05-18 13:43:27,992][WARNING][fuzzer_core] Large response: 251 bytes
[2026-05-18 13:43:28,062][WARNING][fuzzer_core] Large response: 251 bytes
[2026-05-18 13:43:28,076][WARNING][fuzzer_core] Large response: 251 bytes
[2026-05-18 13:43:28,090][INFO][fuzzer_core] New response pattern: 2:True:2:1
[2026-05-18 13:43:28,553][INFO][fuzzer_core] Fuzzing function code 03
[2026-05-18 13:43:28,553][INFO][modbus_packet] Generated 32 test cases for FC03
[2026-05-18 13:43:28,558][INFO][fuzzer_core] New response pattern: 3:False:None:3
[2026-05-18 13:43:28,572][INFO][fuzzer_core] New response pattern: 3:False:None:5
[2026-05-18 13:43:28,586][INFO][fuzzer_core] New response pattern: 3:False:None:249
[2026-05-18 13:43:28,600][INFO][fuzzer_core] New response pattern: 3:False:None:251
[2026-05-18 13:43:28,600][WARNING][fuzzer_core] Large response: 251 bytes
[2026-05-18 13:43:28,657][WARNING][fuzzer_core] Large response: 251 bytes
[2026-05-18 13:43:28,712][WARNING][fuzzer_core] Large response: 251 bytes
[2026-05-18 13:43:28,726][INFO][fuzzer_core] New response pattern: 3:True:2:1
[2026-05-18 13:43:29,057][INFO][fuzzer_core] Fuzzing function code 04
[2026-05-18 13:43:29,057][INFO][modbus_packet] Generated 32 test cases for FC04
[2026-05-18 13:43:29,062][INFO][fuzzer_core] New response pattern: 4:False:None:3
[2026-05-18 13:43:29,075][INFO][fuzzer_core] New response pattern: 4:False:None:5
[2026-05-18 13:43:29,091][INFO][fuzzer_core] New response pattern: 4:False:None:249
[2026-05-18 13:43:29,105][INFO][fuzzer_core] New response pattern: 4:False:None:251
[2026-05-18 13:43:29,105][WARNING][fuzzer_core] Large response: 251 bytes
[2026-05-18 13:43:29,160][WARNING][fuzzer_core] Large response: 251 bytes
[2026-05-18 13:43:29,216][WARNING][fuzzer_core] Large response: 251 bytes
[2026-05-18 13:43:29,230][INFO][fuzzer_core] New response pattern: 4:True:2:1
[2026-05-18 13:43:29,554][INFO][fuzzer_core] Fuzzing function code 05
[2026-05-18 13:43:29,557][INFO][modbus_packet] Generated 64 test cases for FC05
[2026-05-18 13:43:29,560][INFO][fuzzer_core] New response pattern: 5:False:None:4
[2026-05-18 13:43:29,892][INFO][fuzzer_core] New response pattern: 5:True:2:1
[2026-05-18 13:43:30,496][INFO][fuzzer_core] Fuzzing function code 06
[2026-05-18 13:43:30,497][INFO][modbus_packet] Generated 64 test cases for FC06
[2026-05-18 13:43:30,501][INFO][fuzzer_core] New response pattern: 6:False:None:4
[2026-05-18 13:43:30,831][INFO][fuzzer_core] New response pattern: 6:True:2:1
[2026-05-18 13:43:31,432][INFO][fuzzer_core] Fuzzing function code 08
[2026-05-18 13:43:31,433][INFO][modbus_packet] Generated 64 test cases for FC08
[2026-05-18 13:43:31,436][INFO][fuzzer_core] New response pattern: 8:True:1:1
[2026-05-18 13:43:32,376][INFO][fuzzer_core] Fuzzing function code 0F
[2026-05-18 13:43:32,376][INFO][modbus_packet] Generated 288 test cases for FC0F
[2026-05-18 13:43:32,381][INFO][fuzzer_core] New response pattern: 15:False:None:4
[2026-05-18 13:43:32,936][INFO][fuzzer_core] New response pattern: 15:True:3:1
[2026-05-18 13:43:33,487][WARNING][modbus_packet] Field byte_count value 255 outside constraints
[2026-05-18 13:43:33,501][WARNING][modbus_packet] Field byte_count value 255 outside constraints
[2026-05-18 13:43:33,515][WARNING][modbus_packet] Field byte_count value 255 outside constraints
[2026-05-18 13:43:33,529][WARNING][modbus_packet] Field byte_count value 255 outside constraints
[2026-05-18 13:43:33,543][WARNING][modbus_packet] Field byte_count value 255 outside constraints
[2026-05-18 13:43:33,557][WARNING][modbus_packet] Field byte_count value 255 outside constraints
[2026-05-18 13:43:33,571][WARNING][modbus_packet] Field byte_count value 255 outside constraints
[2026-05-18 13:43:33,585][WARNING][modbus_packet] Field byte_count value 255 outside constraints
[2026-05-18 13:43:33,598][WARNING][modbus_packet] Field byte_count value 255 outside constraints
[2026-05-18 13:43:33,611][WARNING][modbus_packet] Field byte_count value 255 outside constraints
[2026-05-18 13:43:33,624][WARNING][modbus_packet] Field byte_count value 255 outside constraints
[2026-05-18 13:43:33,638][WARNING][modbus_packet] Field byte_count value 255 outside constraints
[2026-05-18 13:43:33,651][WARNING][modbus_packet] Field byte_count value 255 outside constraints
[2026-05-18 13:43:33,665][WARNING][modbus_packet] Field byte_count value 255 outside constraints
[2026-05-18 13:43:33,679][WARNING][modbus_packet] Field byte_count value 255 outside constraints
[2026-05-18 13:43:33,693][WARNING][modbus_packet] Field byte_count value 255 outside constraints
[2026-05-18 13:43:33,707][WARNING][modbus_packet] Field byte_count value 255 outside constraints
[2026-05-18 13:43:33,720][WARNING][modbus_packet] Field byte_count value 255 outside constraints
[2026-05-18 13:43:33,735][WARNING][modbus_packet] Field byte_count value 255 outside constraints
[2026-05-18 13:43:33,748][WARNING][modbus_packet] Field byte_count value 255 outside constraints
[2026-05-18 13:43:33,762][WARNING][modbus_packet] Field byte_count value 255 outside constraints
[2026-05-18 13:43:33,776][WARNING][modbus_packet] Field byte_count value 255 outside constraints
[2026-05-18 13:43:33,791][WARNING][modbus_packet] Field byte_count value 255 outside constraints
[2026-05-18 13:43:33,805][WARNING][modbus_packet] Field byte_count value 255 outside constraints
[2026-05-18 13:43:33,818][WARNING][modbus_packet] Field byte_count value 255 outside constraints
[2026-05-18 13:43:33,831][WARNING][modbus_packet] Field byte_count value 255 outside constraints
[2026-05-18 13:43:33,844][WARNING][modbus_packet] Field byte_count value 255 outside constraints
[2026-05-18 13:43:33,858][WARNING][modbus_packet] Field byte_count value 255 outside constraints
[2026-05-18 13:43:33,871][WARNING][modbus_packet] Field byte_count value 255 outside constraints
[2026-05-18 13:43:33,885][WARNING][modbus_packet] Field byte_count value 255 outside constraints
[2026-05-18 13:43:33,899][WARNING][modbus_packet] Field byte_count value 255 outside constraints
[2026-05-18 13:43:33,913][WARNING][modbus_packet] Field byte_count value 255 outside constraints
[2026-05-18 13:43:33,928][WARNING][modbus_packet] Field byte_count value 255 outside constraints
[2026-05-18 13:43:33,942][WARNING][modbus_packet] Field byte_count value 255 outside constraints
[2026-05-18 13:43:33,956][WARNING][modbus_packet] Field byte_count value 255 outside constraints
[2026-05-18 13:43:33,970][WARNING][modbus_packet] Field byte_count value 255 outside constraints
[2026-05-18 13:43:33,984][WARNING][modbus_packet] Field byte_count value 255 outside constraints
[2026-05-18 13:43:33,999][WARNING][modbus_packet] Field byte_count value 255 outside constraints
[2026-05-18 13:43:34,014][WARNING][modbus_packet] Field byte_count value 255 outside constraints
[2026-05-18 13:43:34,028][WARNING][modbus_packet] Field byte_count value 255 outside constraints
[2026-05-18 13:43:34,042][WARNING][modbus_packet] Field byte_count value 256 outside constraints
[2026-05-18 13:43:34,055][WARNING][modbus_packet] Field byte_count value 256 outside constraints
[2026-05-18 13:43:34,069][WARNING][modbus_packet] Field byte_count value 256 outside constraints
[2026-05-18 13:43:34,084][WARNING][modbus_packet] Field byte_count value 256 outside constraints
[2026-05-18 13:43:34,097][WARNING][modbus_packet] Field byte_count value 256 outside constraints
[2026-05-18 13:43:34,112][WARNING][modbus_packet] Field byte_count value 256 outside constraints
[2026-05-18 13:43:34,126][WARNING][modbus_packet] Field byte_count value 256 outside constraints
[2026-05-18 13:43:34,142][WARNING][modbus_packet] Field byte_count value 256 outside constraints
[2026-05-18 13:43:34,155][WARNING][modbus_packet] Field byte_count value 256 outside constraints
[2026-05-18 13:43:34,169][WARNING][modbus_packet] Field byte_count value 256 outside constraints
[2026-05-18 13:43:34,183][WARNING][modbus_packet] Field byte_count value 256 outside constraints
[2026-05-18 13:43:34,197][WARNING][modbus_packet] Field byte_count value 256 outside constraints
[2026-05-18 13:43:34,212][WARNING][modbus_packet] Field byte_count value 256 outside constraints
[2026-05-18 13:43:34,227][WARNING][modbus_packet] Field byte_count value 256 outside constraints
[2026-05-18 13:43:34,241][WARNING][modbus_packet] Field byte_count value 256 outside constraints
[2026-05-18 13:43:34,256][WARNING][modbus_packet] Field byte_count value 256 outside constraints
[2026-05-18 13:43:34,270][WARNING][modbus_packet] Field byte_count value 256 outside constraints
[2026-05-18 13:43:34,285][WARNING][modbus_packet] Field byte_count value 256 outside constraints
[2026-05-18 13:43:34,299][WARNING][modbus_packet] Field byte_count value 256 outside constraints
[2026-05-18 13:43:34,313][WARNING][modbus_packet] Field byte_count value 256 outside constraints
[2026-05-18 13:43:34,328][WARNING][modbus_packet] Field byte_count value 256 outside constraints
[2026-05-18 13:43:34,342][WARNING][modbus_packet] Field byte_count value 256 outside constraints
[2026-05-18 13:43:34,356][WARNING][modbus_packet] Field byte_count value 256 outside constraints
[2026-05-18 13:43:34,370][WARNING][modbus_packet] Field byte_count value 256 outside constraints
[2026-05-18 13:43:34,385][WARNING][modbus_packet] Field byte_count value 256 outside constraints
[2026-05-18 13:43:34,398][WARNING][modbus_packet] Field byte_count value 256 outside constraints
[2026-05-18 13:43:34,412][WARNING][modbus_packet] Field byte_count value 256 outside constraints
[2026-05-18 13:43:34,426][WARNING][modbus_packet] Field byte_count value 256 outside constraints
[2026-05-18 13:43:34,440][WARNING][modbus_packet] Field byte_count value 256 outside constraints
[2026-05-18 13:43:34,455][WARNING][modbus_packet] Field byte_count value 256 outside constraints
[2026-05-18 13:43:34,468][WARNING][modbus_packet] Field byte_count value 256 outside constraints
[2026-05-18 13:43:34,482][WARNING][modbus_packet] Field byte_count value 256 outside constraints
[2026-05-18 13:43:34,495][WARNING][modbus_packet] Field byte_count value 256 outside constraints
[2026-05-18 13:43:34,509][WARNING][modbus_packet] Field byte_count value 256 outside constraints
[2026-05-18 13:43:34,523][WARNING][modbus_packet] Field byte_count value 256 outside constraints
[2026-05-18 13:43:34,537][WARNING][modbus_packet] Field byte_count value 256 outside constraints
[2026-05-18 13:43:34,551][WARNING][modbus_packet] Field byte_count value 256 outside constraints
[2026-05-18 13:43:34,565][WARNING][modbus_packet] Field byte_count value 256 outside constraints
[2026-05-18 13:43:34,578][WARNING][modbus_packet] Field byte_count value 256 outside constraints
[2026-05-18 13:43:34,592][WARNING][modbus_packet] Field byte_count value 256 outside constraints
[2026-05-18 13:43:34,606][WARNING][modbus_packet] Field byte_count value 1967 outside constraints
[2026-05-18 13:43:34,620][WARNING][modbus_packet] Field byte_count value 1967 outside constraints
[2026-05-18 13:43:34,634][WARNING][modbus_packet] Field byte_count value 1967 outside constraints
[2026-05-18 13:43:34,648][WARNING][modbus_packet] Field byte_count value 1967 outside constraints
[2026-05-18 13:43:34,663][WARNING][modbus_packet] Field byte_count value 1967 outside constraints
[2026-05-18 13:43:34,678][WARNING][modbus_packet] Field byte_count value 1967 outside constraints
[2026-05-18 13:43:34,692][WARNING][modbus_packet] Field byte_count value 1967 outside constraints
[2026-05-18 13:43:34,706][WARNING][modbus_packet] Field byte_count value 1967 outside constraints
[2026-05-18 13:43:34,719][WARNING][modbus_packet] Field byte_count value 1967 outside constraints
[2026-05-18 13:43:34,733][WARNING][modbus_packet] Field byte_count value 1967 outside constraints
[2026-05-18 13:43:34,747][WARNING][modbus_packet] Field byte_count value 1967 outside constraints
[2026-05-18 13:43:34,761][WARNING][modbus_packet] Field byte_count value 1967 outside constraints
[2026-05-18 13:43:34,776][WARNING][modbus_packet] Field byte_count value 1967 outside constraints
[2026-05-18 13:43:34,790][WARNING][modbus_packet] Field byte_count value 1967 outside constraints
[2026-05-18 13:43:34,804][WARNING][modbus_packet] Field byte_count value 1967 outside constraints
[2026-05-18 13:43:34,817][WARNING][modbus_packet] Field byte_count value 1967 outside constraints
[2026-05-18 13:43:34,831][WARNING][modbus_packet] Field byte_count value 1967 outside constraints
[2026-05-18 13:43:34,846][WARNING][modbus_packet] Field byte_count value 1967 outside constraints
[2026-05-18 13:43:34,860][WARNING][modbus_packet] Field byte_count value 1967 outside constraints
[2026-05-18 13:43:34,874][WARNING][modbus_packet] Field byte_count value 1967 outside constraints
[2026-05-18 13:43:34,888][WARNING][modbus_packet] Field byte_count value 1967 outside constraints
[2026-05-18 13:43:34,902][WARNING][modbus_packet] Field byte_count value 1967 outside constraints
[2026-05-18 13:43:34,915][WARNING][modbus_packet] Field byte_count value 1967 outside constraints
[2026-05-18 13:43:34,929][WARNING][modbus_packet] Field byte_count value 1967 outside constraints
[2026-05-18 13:43:34,943][WARNING][modbus_packet] Field byte_count value 1967 outside constraints
[2026-05-18 13:43:34,958][WARNING][modbus_packet] Field byte_count value 1967 outside constraints
[2026-05-18 13:43:34,972][WARNING][modbus_packet] Field byte_count value 1967 outside constraints
[2026-05-18 13:43:34,986][WARNING][modbus_packet] Field byte_count value 1967 outside constraints
[2026-05-18 13:43:35,000][WARNING][modbus_packet] Field byte_count value 1967 outside constraints
[2026-05-18 13:43:35,014][WARNING][modbus_packet] Field byte_count value 1967 outside constraints
[2026-05-18 13:43:35,027][WARNING][modbus_packet] Field byte_count value 1967 outside constraints
[2026-05-18 13:43:35,041][WARNING][modbus_packet] Field byte_count value 1967 outside constraints
[2026-05-18 13:43:35,055][WARNING][modbus_packet] Field byte_count value 1967 outside constraints
[2026-05-18 13:43:35,070][WARNING][modbus_packet] Field byte_count value 1967 outside constraints
[2026-05-18 13:43:35,084][WARNING][modbus_packet] Field byte_count value 1967 outside constraints
[2026-05-18 13:43:35,099][WARNING][modbus_packet] Field byte_count value 1967 outside constraints
[2026-05-18 13:43:35,114][WARNING][modbus_packet] Field byte_count value 1967 outside constraints
[2026-05-18 13:43:35,129][WARNING][modbus_packet] Field byte_count value 1967 outside constraints
[2026-05-18 13:43:35,142][WARNING][modbus_packet] Field byte_count value 1967 outside constraints
[2026-05-18 13:43:35,156][WARNING][modbus_packet] Field byte_count value 1967 outside constraints
[2026-05-18 13:43:35,170][WARNING][modbus_packet] Field byte_count value 1968 outside constraints
[2026-05-18 13:43:35,184][WARNING][modbus_packet] Field byte_count value 1968 outside constraints
[2026-05-18 13:43:35,198][WARNING][modbus_packet] Field byte_count value 1968 outside constraints
[2026-05-18 13:43:35,214][WARNING][modbus_packet] Field byte_count value 1968 outside constraints
[2026-05-18 13:43:35,227][WARNING][modbus_packet] Field byte_count value 1968 outside constraints
[2026-05-18 13:43:35,241][WARNING][modbus_packet] Field byte_count value 1968 outside constraints
[2026-05-18 13:43:35,256][WARNING][modbus_packet] Field byte_count value 1968 outside constraints
[2026-05-18 13:43:35,270][WARNING][modbus_packet] Field byte_count value 1968 outside constraints
[2026-05-18 13:43:35,285][WARNING][modbus_packet] Field byte_count value 1968 outside constraints
[2026-05-18 13:43:35,299][WARNING][modbus_packet] Field byte_count value 1968 outside constraints
[2026-05-18 13:43:35,313][WARNING][modbus_packet] Field byte_count value 1968 outside constraints
[2026-05-18 13:43:35,328][WARNING][modbus_packet] Field byte_count value 1968 outside constraints
[2026-05-18 13:43:35,341][WARNING][modbus_packet] Field byte_count value 1968 outside constraints
[2026-05-18 13:43:35,355][WARNING][modbus_packet] Field byte_count value 1968 outside constraints
[2026-05-18 13:43:35,369][WARNING][modbus_packet] Field byte_count value 1968 outside constraints
[2026-05-18 13:43:35,384][WARNING][modbus_packet] Field byte_count value 1968 outside constraints
[2026-05-18 13:43:35,397][WARNING][modbus_packet] Field byte_count value 1968 outside constraints
[2026-05-18 13:43:35,411][WARNING][modbus_packet] Field byte_count value 1968 outside constraints
[2026-05-18 13:43:35,426][WARNING][modbus_packet] Field byte_count value 1968 outside constraints
[2026-05-18 13:43:35,440][WARNING][modbus_packet] Field byte_count value 1968 outside constraints
[2026-05-18 13:43:35,453][WARNING][modbus_packet] Field byte_count value 1968 outside constraints
[2026-05-18 13:43:35,467][WARNING][modbus_packet] Field byte_count value 1968 outside constraints
[2026-05-18 13:43:35,481][WARNING][modbus_packet] Field byte_count value 1968 outside constraints
[2026-05-18 13:43:35,495][WARNING][modbus_packet] Field byte_count value 1968 outside constraints
[2026-05-18 13:43:35,509][WARNING][modbus_packet] Field byte_count value 1968 outside constraints
[2026-05-18 13:43:35,523][WARNING][modbus_packet] Field byte_count value 1968 outside constraints
[2026-05-18 13:43:35,541][WARNING][modbus_packet] Field byte_count value 1968 outside constraints
[2026-05-18 13:43:35,556][WARNING][modbus_packet] Field byte_count value 1968 outside constraints
[2026-05-18 13:43:35,571][WARNING][modbus_packet] Field byte_count value 1968 outside constraints
[2026-05-18 13:43:35,586][WARNING][modbus_packet] Field byte_count value 1968 outside constraints
[2026-05-18 13:43:35,599][WARNING][modbus_packet] Field byte_count value 1968 outside constraints
[2026-05-18 13:43:35,613][WARNING][modbus_packet] Field byte_count value 1968 outside constraints
[2026-05-18 13:43:35,627][WARNING][modbus_packet] Field byte_count value 1968 outside constraints
[2026-05-18 13:43:35,642][WARNING][modbus_packet] Field byte_count value 1968 outside constraints
[2026-05-18 13:43:35,655][WARNING][modbus_packet] Field byte_count value 1968 outside constraints
[2026-05-18 13:43:35,670][WARNING][modbus_packet] Field byte_count value 1968 outside constraints
[2026-05-18 13:43:35,683][WARNING][modbus_packet] Field byte_count value 1968 outside constraints
[2026-05-18 13:43:35,697][WARNING][modbus_packet] Field byte_count value 1968 outside constraints
[2026-05-18 13:43:35,711][WARNING][modbus_packet] Field byte_count value 1968 outside constraints
[2026-05-18 13:43:35,726][WARNING][modbus_packet] Field byte_count value 1968 outside constraints
[2026-05-18 13:43:36,852][WARNING][modbus_packet] Field byte_count value 255 outside constraints
[2026-05-18 13:43:36,867][WARNING][modbus_packet] Field byte_count value 255 outside constraints
[2026-05-18 13:43:36,880][WARNING][modbus_packet] Field byte_count value 255 outside constraints
[2026-05-18 13:43:36,893][WARNING][modbus_packet] Field byte_count value 255 outside constraints
[2026-05-18 13:43:36,907][WARNING][modbus_packet] Field byte_count value 255 outside constraints
[2026-05-18 13:43:36,921][WARNING][modbus_packet] Field byte_count value 255 outside constraints
[2026-05-18 13:43:36,935][WARNING][modbus_packet] Field byte_count value 255 outside constraints
[2026-05-18 13:43:36,950][WARNING][modbus_packet] Field byte_count value 255 outside constraints
[2026-05-18 13:43:36,965][WARNING][modbus_packet] Field byte_count value 255 outside constraints
[2026-05-18 13:43:36,980][WARNING][modbus_packet] Field byte_count value 255 outside constraints
[2026-05-18 13:43:36,994][WARNING][modbus_packet] Field byte_count value 255 outside constraints
[2026-05-18 13:43:37,008][WARNING][modbus_packet] Field byte_count value 255 outside constraints
[2026-05-18 13:43:37,022][WARNING][modbus_packet] Field byte_count value 255 outside constraints
[2026-05-18 13:43:37,036][WARNING][modbus_packet] Field byte_count value 255 outside constraints
[2026-05-18 13:43:37,050][WARNING][modbus_packet] Field byte_count value 255 outside constraints
[2026-05-18 13:43:37,064][WARNING][modbus_packet] Field byte_count value 255 outside constraints
[2026-05-18 13:43:37,079][WARNING][modbus_packet] Field byte_count value 255 outside constraints
[2026-05-18 13:43:37,093][WARNING][modbus_packet] Field byte_count value 255 outside constraints
[2026-05-18 13:43:37,107][WARNING][modbus_packet] Field byte_count value 255 outside constraints
[2026-05-18 13:43:37,121][WARNING][modbus_packet] Field byte_count value 255 outside constraints
[2026-05-18 13:43:37,134][WARNING][modbus_packet] Field byte_count value 255 outside constraints
[2026-05-18 13:43:37,148][WARNING][modbus_packet] Field byte_count value 255 outside constraints
[2026-05-18 13:43:37,162][WARNING][modbus_packet] Field byte_count value 255 outside constraints
[2026-05-18 13:43:37,176][WARNING][modbus_packet] Field byte_count value 255 outside constraints
[2026-05-18 13:43:37,189][WARNING][modbus_packet] Field byte_count value 255 outside constraints
[2026-05-18 13:43:37,203][WARNING][modbus_packet] Field byte_count value 255 outside constraints
[2026-05-18 13:43:37,217][WARNING][modbus_packet] Field byte_count value 255 outside constraints
[2026-05-18 13:43:37,230][WARNING][modbus_packet] Field byte_count value 255 outside constraints
[2026-05-18 13:43:37,243][WARNING][modbus_packet] Field byte_count value 255 outside constraints
[2026-05-18 13:43:37,257][WARNING][modbus_packet] Field byte_count value 255 outside constraints
[2026-05-18 13:43:37,271][WARNING][modbus_packet] Field byte_count value 255 outside constraints
[2026-05-18 13:43:37,287][WARNING][modbus_packet] Field byte_count value 255 outside constraints
[2026-05-18 13:43:37,301][WARNING][modbus_packet] Field byte_count value 255 outside constraints
[2026-05-18 13:43:37,315][WARNING][modbus_packet] Field byte_count value 255 outside constraints
[2026-05-18 13:43:37,329][WARNING][modbus_packet] Field byte_count value 255 outside constraints
[2026-05-18 13:43:37,343][WARNING][modbus_packet] Field byte_count value 255 outside constraints
[2026-05-18 13:43:37,356][WARNING][modbus_packet] Field byte_count value 255 outside constraints
[2026-05-18 13:43:37,370][WARNING][modbus_packet] Field byte_count value 255 outside constraints
[2026-05-18 13:43:37,384][WARNING][modbus_packet] Field byte_count value 255 outside constraints
[2026-05-18 13:43:37,398][WARNING][modbus_packet] Field byte_count value 255 outside constraints
[2026-05-18 13:43:37,411][WARNING][modbus_packet] Field byte_count value 256 outside constraints
[2026-05-18 13:43:37,424][WARNING][modbus_packet] Field byte_count value 256 outside constraints
[2026-05-18 13:43:37,438][WARNING][modbus_packet] Field byte_count value 256 outside constraints
[2026-05-18 13:43:37,451][WARNING][modbus_packet] Field byte_count value 256 outside constraints
[2026-05-18 13:43:37,464][WARNING][modbus_packet] Field byte_count value 256 outside constraints
[2026-05-18 13:43:37,478][WARNING][modbus_packet] Field byte_count value 256 outside constraints
[2026-05-18 13:43:37,492][WARNING][modbus_packet] Field byte_count value 256 outside constraints
[2026-05-18 13:43:37,506][WARNING][modbus_packet] Field byte_count value 256 outside constraints
[2026-05-18 13:43:37,519][WARNING][modbus_packet] Field byte_count value 256 outside constraints
[2026-05-18 13:43:37,533][WARNING][modbus_packet] Field byte_count value 256 outside constraints
[2026-05-18 13:43:37,546][WARNING][modbus_packet] Field byte_count value 256 outside constraints
[2026-05-18 13:43:37,560][WARNING][modbus_packet] Field byte_count value 256 outside constraints
[2026-05-18 13:43:37,573][WARNING][modbus_packet] Field byte_count value 256 outside constraints
[2026-05-18 13:43:37,587][WARNING][modbus_packet] Field byte_count value 256 outside constraints
[2026-05-18 13:43:37,600][WARNING][modbus_packet] Field byte_count value 256 outside constraints
[2026-05-18 13:43:37,614][WARNING][modbus_packet] Field byte_count value 256 outside constraints
[2026-05-18 13:43:37,628][WARNING][modbus_packet] Field byte_count value 256 outside constraints
[2026-05-18 13:43:37,641][WARNING][modbus_packet] Field byte_count value 256 outside constraints
[2026-05-18 13:43:37,655][WARNING][modbus_packet] Field byte_count value 256 outside constraints
[2026-05-18 13:43:37,668][WARNING][modbus_packet] Field byte_count value 256 outside constraints
[2026-05-18 13:43:37,681][WARNING][modbus_packet] Field byte_count value 256 outside constraints
[2026-05-18 13:43:37,694][WARNING][modbus_packet] Field byte_count value 256 outside constraints
[2026-05-18 13:43:37,708][WARNING][modbus_packet] Field byte_count value 256 outside constraints
[2026-05-18 13:43:37,723][WARNING][modbus_packet] Field byte_count value 256 outside constraints
[2026-05-18 13:43:37,737][WARNING][modbus_packet] Field byte_count value 256 outside constraints
[2026-05-18 13:43:37,751][WARNING][modbus_packet] Field byte_count value 256 outside constraints
[2026-05-18 13:43:37,765][WARNING][modbus_packet] Field byte_count value 256 outside constraints
[2026-05-18 13:43:37,778][WARNING][modbus_packet] Field byte_count value 256 outside constraints
[2026-05-18 13:43:37,794][WARNING][modbus_packet] Field byte_count value 256 outside constraints
[2026-05-18 13:43:37,808][WARNING][modbus_packet] Field byte_count value 256 outside constraints
[2026-05-18 13:43:37,822][WARNING][modbus_packet] Field byte_count value 256 outside constraints
[2026-05-18 13:43:37,836][WARNING][modbus_packet] Field byte_count value 256 outside constraints
[2026-05-18 13:43:37,850][WARNING][modbus_packet] Field byte_count value 256 outside constraints
[2026-05-18 13:43:37,864][WARNING][modbus_packet] Field byte_count value 256 outside constraints
[2026-05-18 13:43:37,877][WARNING][modbus_packet] Field byte_count value 256 outside constraints
[2026-05-18 13:43:37,891][WARNING][modbus_packet] Field byte_count value 256 outside constraints
[2026-05-18 13:43:37,904][WARNING][modbus_packet] Field byte_count value 256 outside constraints
[2026-05-18 13:43:37,918][WARNING][modbus_packet] Field byte_count value 256 outside constraints
[2026-05-18 13:43:37,933][WARNING][modbus_packet] Field byte_count value 256 outside constraints
[2026-05-18 13:43:37,947][WARNING][modbus_packet] Field byte_count value 256 outside constraints
[2026-05-18 13:43:37,961][WARNING][modbus_packet] Field byte_count value 1967 outside constraints
[2026-05-18 13:43:37,974][WARNING][modbus_packet] Field byte_count value 1967 outside constraints
[2026-05-18 13:43:37,988][WARNING][modbus_packet] Field byte_count value 1967 outside constraints
[2026-05-18 13:43:38,001][WARNING][modbus_packet] Field byte_count value 1967 outside constraints
[2026-05-18 13:43:38,016][WARNING][modbus_packet] Field byte_count value 1967 outside constraints
[2026-05-18 13:43:38,029][WARNING][modbus_packet] Field byte_count value 1967 outside constraints
[2026-05-18 13:43:38,044][WARNING][modbus_packet] Field byte_count value 1967 outside constraints
[2026-05-18 13:43:38,058][WARNING][modbus_packet] Field byte_count value 1967 outside constraints
[2026-05-18 13:43:38,072][WARNING][modbus_packet] Field byte_count value 1967 outside constraints
[2026-05-18 13:43:38,086][WARNING][modbus_packet] Field byte_count value 1967 outside constraints
[2026-05-18 13:43:38,099][WARNING][modbus_packet] Field byte_count value 1967 outside constraints
[2026-05-18 13:43:38,113][WARNING][modbus_packet] Field byte_count value 1967 outside constraints
[2026-05-18 13:43:38,127][WARNING][modbus_packet] Field byte_count value 1967 outside constraints
[2026-05-18 13:43:38,141][WARNING][modbus_packet] Field byte_count value 1967 outside constraints
[2026-05-18 13:43:38,156][WARNING][modbus_packet] Field byte_count value 1967 outside constraints
[2026-05-18 13:43:38,170][WARNING][modbus_packet] Field byte_count value 1967 outside constraints
[2026-05-18 13:43:38,184][WARNING][modbus_packet] Field byte_count value 1967 outside constraints
[2026-05-18 13:43:38,198][WARNING][modbus_packet] Field byte_count value 1967 outside constraints
[2026-05-18 13:43:38,213][WARNING][modbus_packet] Field byte_count value 1967 outside constraints
[2026-05-18 13:43:38,227][WARNING][modbus_packet] Field byte_count value 1967 outside constraints
[2026-05-18 13:43:38,241][WARNING][modbus_packet] Field byte_count value 1967 outside constraints
[2026-05-18 13:43:38,256][WARNING][modbus_packet] Field byte_count value 1967 outside constraints
[2026-05-18 13:43:38,270][WARNING][modbus_packet] Field byte_count value 1967 outside constraints
[2026-05-18 13:43:38,284][WARNING][modbus_packet] Field byte_count value 1967 outside constraints
[2026-05-18 13:43:38,299][WARNING][modbus_packet] Field byte_count value 1967 outside constraints
[2026-05-18 13:43:38,312][WARNING][modbus_packet] Field byte_count value 1967 outside constraints
[2026-05-18 13:43:38,326][WARNING][modbus_packet] Field byte_count value 1967 outside constraints
[2026-05-18 13:43:38,340][WARNING][modbus_packet] Field byte_count value 1967 outside constraints
[2026-05-18 13:43:38,353][WARNING][modbus_packet] Field byte_count value 1967 outside constraints
[2026-05-18 13:43:38,367][WARNING][modbus_packet] Field byte_count value 1967 outside constraints
[2026-05-18 13:43:38,382][WARNING][modbus_packet] Field byte_count value 1967 outside constraints
[2026-05-18 13:43:38,395][WARNING][modbus_packet] Field byte_count value 1967 outside constraints
[2026-05-18 13:43:38,409][WARNING][modbus_packet] Field byte_count value 1967 outside constraints
[2026-05-18 13:43:38,422][WARNING][modbus_packet] Field byte_count value 1967 outside constraints
[2026-05-18 13:43:38,436][WARNING][modbus_packet] Field byte_count value 1967 outside constraints
[2026-05-18 13:43:38,449][WARNING][modbus_packet] Field byte_count value 1967 outside constraints
[2026-05-18 13:43:38,463][WARNING][modbus_packet] Field byte_count value 1967 outside constraints
[2026-05-18 13:43:38,477][WARNING][modbus_packet] Field byte_count value 1967 outside constraints
[2026-05-18 13:43:38,491][WARNING][modbus_packet] Field byte_count value 1967 outside constraints
[2026-05-18 13:43:38,504][WARNING][modbus_packet] Field byte_count value 1967 outside constraints
[2026-05-18 13:43:38,518][WARNING][modbus_packet] Field byte_count value 1968 outside constraints
[2026-05-18 13:43:38,532][WARNING][modbus_packet] Field byte_count value 1968 outside constraints
[2026-05-18 13:43:38,545][WARNING][modbus_packet] Field byte_count value 1968 outside constraints
[2026-05-18 13:43:38,559][WARNING][modbus_packet] Field byte_count value 1968 outside constraints
[2026-05-18 13:43:38,572][WARNING][modbus_packet] Field byte_count value 1968 outside constraints
[2026-05-18 13:43:38,586][WARNING][modbus_packet] Field byte_count value 1968 outside constraints
[2026-05-18 13:43:38,601][WARNING][modbus_packet] Field byte_count value 1968 outside constraints
[2026-05-18 13:43:38,615][WARNING][modbus_packet] Field byte_count value 1968 outside constraints
[2026-05-18 13:43:38,629][WARNING][modbus_packet] Field byte_count value 1968 outside constraints
[2026-05-18 13:43:38,643][WARNING][modbus_packet] Field byte_count value 1968 outside constraints
[2026-05-18 13:43:38,657][WARNING][modbus_packet] Field byte_count value 1968 outside constraints
[2026-05-18 13:43:38,670][WARNING][modbus_packet] Field byte_count value 1968 outside constraints
[2026-05-18 13:43:38,684][WARNING][modbus_packet] Field byte_count value 1968 outside constraints
[2026-05-18 13:43:38,698][WARNING][modbus_packet] Field byte_count value 1968 outside constraints
[2026-05-18 13:43:38,711][WARNING][modbus_packet] Field byte_count value 1968 outside constraints
[2026-05-18 13:43:38,725][WARNING][modbus_packet] Field byte_count value 1968 outside constraints
[2026-05-18 13:43:38,739][WARNING][modbus_packet] Field byte_count value 1968 outside constraints
[2026-05-18 13:43:38,752][WARNING][modbus_packet] Field byte_count value 1968 outside constraints
[2026-05-18 13:43:38,766][WARNING][modbus_packet] Field byte_count value 1968 outside constraints
[2026-05-18 13:43:38,780][WARNING][modbus_packet] Field byte_count value 1968 outside constraints
[2026-05-18 13:43:38,793][WARNING][modbus_packet] Field byte_count value 1968 outside constraints
[2026-05-18 13:43:38,807][WARNING][modbus_packet] Field byte_count value 1968 outside constraints
[2026-05-18 13:43:38,821][WARNING][modbus_packet] Field byte_count value 1968 outside constraints
[2026-05-18 13:43:38,834][WARNING][modbus_packet] Field byte_count value 1968 outside constraints
[2026-05-18 13:43:38,848][WARNING][modbus_packet] Field byte_count value 1968 outside constraints
[2026-05-18 13:43:38,861][WARNING][modbus_packet] Field byte_count value 1968 outside constraints
[2026-05-18 13:43:38,875][WARNING][modbus_packet] Field byte_count value 1968 outside constraints
[2026-05-18 13:43:38,888][WARNING][modbus_packet] Field byte_count value 1968 outside constraints
[2026-05-18 13:43:38,901][WARNING][modbus_packet] Field byte_count value 1968 outside constraints
[2026-05-18 13:43:38,916][WARNING][modbus_packet] Field byte_count value 1968 outside constraints
[2026-05-18 13:43:38,929][WARNING][modbus_packet] Field byte_count value 1968 outside constraints
[2026-05-18 13:43:38,943][WARNING][modbus_packet] Field byte_count value 1968 outside constraints
[2026-05-18 13:43:38,956][WARNING][modbus_packet] Field byte_count value 1968 outside constraints
[2026-05-18 13:43:38,970][WARNING][modbus_packet] Field byte_count value 1968 outside constraints
[2026-05-18 13:43:38,983][WARNING][modbus_packet] Field byte_count value 1968 outside constraints
[2026-05-18 13:43:38,997][WARNING][modbus_packet] Field byte_count value 1968 outside constraints
[2026-05-18 13:43:39,011][WARNING][modbus_packet] Field byte_count value 1968 outside constraints
[2026-05-18 13:43:39,026][WARNING][modbus_packet] Field byte_count value 1968 outside constraints
[2026-05-18 13:43:39,041][WARNING][modbus_packet] Field byte_count value 1968 outside constraints
[2026-05-18 13:43:39,055][WARNING][modbus_packet] Field byte_count value 1968 outside constraints
[2026-05-18 13:43:40,158][WARNING][modbus_packet] Field byte_count value 255 outside constraints
[2026-05-18 13:43:40,172][WARNING][modbus_packet] Field byte_count value 255 outside constraints
[2026-05-18 13:43:40,185][WARNING][modbus_packet] Field byte_count value 255 outside constraints
[2026-05-18 13:43:40,199][WARNING][modbus_packet] Field byte_count value 255 outside constraints
[2026-05-18 13:43:40,212][WARNING][modbus_packet] Field byte_count value 255 outside constraints
[2026-05-18 13:43:40,227][WARNING][modbus_packet] Field byte_count value 255 outside constraints
[2026-05-18 13:43:40,241][WARNING][modbus_packet] Field byte_count value 255 outside constraints
[2026-05-18 13:43:40,254][WARNING][modbus_packet] Field byte_count value 255 outside constraints
[2026-05-18 13:43:40,269][WARNING][modbus_packet] Field byte_count value 255 outside constraints
[2026-05-18 13:43:40,282][WARNING][modbus_packet] Field byte_count value 255 outside constraints
[2026-05-18 13:43:40,296][WARNING][modbus_packet] Field byte_count value 255 outside constraints
[2026-05-18 13:43:40,310][WARNING][modbus_packet] Field byte_count value 255 outside constraints
[2026-05-18 13:43:40,324][WARNING][modbus_packet] Field byte_count value 255 outside constraints
[2026-05-18 13:43:40,339][WARNING][modbus_packet] Field byte_count value 255 outside constraints
[2026-05-18 13:43:40,355][WARNING][modbus_packet] Field byte_count value 255 outside constraints
[2026-05-18 13:43:40,369][WARNING][modbus_packet] Field byte_count value 255 outside constraints
[2026-05-18 13:43:40,383][WARNING][modbus_packet] Field byte_count value 255 outside constraints
[2026-05-18 13:43:40,397][WARNING][modbus_packet] Field byte_count value 255 outside constraints
[2026-05-18 13:43:40,411][WARNING][modbus_packet] Field byte_count value 255 outside constraints
[2026-05-18 13:43:40,424][WARNING][modbus_packet] Field byte_count value 255 outside constraints
[2026-05-18 13:43:40,438][WARNING][modbus_packet] Field byte_count value 255 outside constraints
[2026-05-18 13:43:40,452][WARNING][modbus_packet] Field byte_count value 255 outside constraints
[2026-05-18 13:43:40,466][WARNING][modbus_packet] Field byte_count value 255 outside constraints
[2026-05-18 13:43:40,479][WARNING][modbus_packet] Field byte_count value 255 outside constraints
[2026-05-18 13:43:40,493][WARNING][modbus_packet] Field byte_count value 255 outside constraints
[2026-05-18 13:43:40,506][WARNING][modbus_packet] Field byte_count value 255 outside constraints
[2026-05-18 13:43:40,520][WARNING][modbus_packet] Field byte_count value 255 outside constraints
[2026-05-18 13:43:40,534][WARNING][modbus_packet] Field byte_count value 255 outside constraints
[2026-05-18 13:43:40,548][WARNING][modbus_packet] Field byte_count value 255 outside constraints
[2026-05-18 13:43:40,562][WARNING][modbus_packet] Field byte_count value 255 outside constraints
[2026-05-18 13:43:40,576][WARNING][modbus_packet] Field byte_count value 255 outside constraints
[2026-05-18 13:43:40,590][WARNING][modbus_packet] Field byte_count value 255 outside constraints
[2026-05-18 13:43:40,603][WARNING][modbus_packet] Field byte_count value 255 outside constraints
[2026-05-18 13:43:40,617][WARNING][modbus_packet] Field byte_count value 255 outside constraints
[2026-05-18 13:43:40,630][WARNING][modbus_packet] Field byte_count value 255 outside constraints
[2026-05-18 13:43:40,644][WARNING][modbus_packet] Field byte_count value 255 outside constraints
[2026-05-18 13:43:40,658][WARNING][modbus_packet] Field byte_count value 255 outside constraints
[2026-05-18 13:43:40,672][WARNING][modbus_packet] Field byte_count value 255 outside constraints
[2026-05-18 13:43:40,686][WARNING][modbus_packet] Field byte_count value 255 outside constraints
[2026-05-18 13:43:40,700][WARNING][modbus_packet] Field byte_count value 255 outside constraints
[2026-05-18 13:43:40,713][WARNING][modbus_packet] Field byte_count value 256 outside constraints
[2026-05-18 13:43:40,727][WARNING][modbus_packet] Field byte_count value 256 outside constraints
[2026-05-18 13:43:40,741][WARNING][modbus_packet] Field byte_count value 256 outside constraints
[2026-05-18 13:43:40,754][WARNING][modbus_packet] Field byte_count value 256 outside constraints
[2026-05-18 13:43:40,769][WARNING][modbus_packet] Field byte_count value 256 outside constraints
[2026-05-18 13:43:40,785][WARNING][modbus_packet] Field byte_count value 256 outside constraints
[2026-05-18 13:43:40,800][WARNING][modbus_packet] Field byte_count value 256 outside constraints
[2026-05-18 13:43:40,813][WARNING][modbus_packet] Field byte_count value 256 outside constraints
[2026-05-18 13:43:40,827][WARNING][modbus_packet] Field byte_count value 256 outside constraints
[2026-05-18 13:43:40,841][WARNING][modbus_packet] Field byte_count value 256 outside constraints
[2026-05-18 13:43:40,854][WARNING][modbus_packet] Field byte_count value 256 outside constraints
[2026-05-18 13:43:40,868][WARNING][modbus_packet] Field byte_count value 256 outside constraints
[2026-05-18 13:43:40,883][WARNING][modbus_packet] Field byte_count value 256 outside constraints
[2026-05-18 13:43:40,896][WARNING][modbus_packet] Field byte_count value 256 outside constraints
[2026-05-18 13:43:40,910][WARNING][modbus_packet] Field byte_count value 256 outside constraints
[2026-05-18 13:43:40,923][WARNING][modbus_packet] Field byte_count value 256 outside constraints
[2026-05-18 13:43:40,937][WARNING][modbus_packet] Field byte_count value 256 outside constraints
[2026-05-18 13:43:40,950][WARNING][modbus_packet] Field byte_count value 256 outside constraints
[2026-05-18 13:43:40,964][WARNING][modbus_packet] Field byte_count value 256 outside constraints
[2026-05-18 13:43:40,977][WARNING][modbus_packet] Field byte_count value 256 outside constraints
[2026-05-18 13:43:40,992][WARNING][modbus_packet] Field byte_count value 256 outside constraints
[2026-05-18 13:43:41,008][WARNING][modbus_packet] Field byte_count value 256 outside constraints
[2026-05-18 13:43:41,023][WARNING][modbus_packet] Field byte_count value 256 outside constraints
[2026-05-18 13:43:41,037][WARNING][modbus_packet] Field byte_count value 256 outside constraints
[2026-05-18 13:43:41,053][WARNING][modbus_packet] Field byte_count value 256 outside constraints
[2026-05-18 13:43:41,067][WARNING][modbus_packet] Field byte_count value 256 outside constraints
[2026-05-18 13:43:41,080][WARNING][modbus_packet] Field byte_count value 256 outside constraints
[2026-05-18 13:43:41,095][WARNING][modbus_packet] Field byte_count value 256 outside constraints
[2026-05-18 13:43:41,109][WARNING][modbus_packet] Field byte_count value 256 outside constraints
[2026-05-18 13:43:41,123][WARNING][modbus_packet] Field byte_count value 256 outside constraints
[2026-05-18 13:43:41,136][WARNING][modbus_packet] Field byte_count value 256 outside constraints
[2026-05-18 13:43:41,150][WARNING][modbus_packet] Field byte_count value 256 outside constraints
[2026-05-18 13:43:41,163][WARNING][modbus_packet] Field byte_count value 256 outside constraints
[2026-05-18 13:43:41,177][WARNING][modbus_packet] Field byte_count value 256 outside constraints
[2026-05-18 13:43:41,190][WARNING][modbus_packet] Field byte_count value 256 outside constraints
[2026-05-18 13:43:41,205][WARNING][modbus_packet] Field byte_count value 256 outside constraints
[2026-05-18 13:43:41,219][WARNING][modbus_packet] Field byte_count value 256 outside constraints
[2026-05-18 13:43:41,233][WARNING][modbus_packet] Field byte_count value 256 outside constraints
[2026-05-18 13:43:41,246][WARNING][modbus_packet] Field byte_count value 256 outside constraints
[2026-05-18 13:43:41,260][WARNING][modbus_packet] Field byte_count value 256 outside constraints
[2026-05-18 13:43:41,274][WARNING][modbus_packet] Field byte_count value 1967 outside constraints
[2026-05-18 13:43:41,287][WARNING][modbus_packet] Field byte_count value 1967 outside constraints
[2026-05-18 13:43:41,301][WARNING][modbus_packet] Field byte_count value 1967 outside constraints
[2026-05-18 13:43:41,315][WARNING][modbus_packet] Field byte_count value 1967 outside constraints
[2026-05-18 13:43:41,329][WARNING][modbus_packet] Field byte_count value 1967 outside constraints
[2026-05-18 13:43:41,343][WARNING][modbus_packet] Field byte_count value 1967 outside constraints
[2026-05-18 13:43:41,357][WARNING][modbus_packet] Field byte_count value 1967 outside constraints
[2026-05-18 13:43:41,370][WARNING][modbus_packet] Field byte_count value 1967 outside constraints
[2026-05-18 13:43:41,383][WARNING][modbus_packet] Field byte_count value 1967 outside constraints
[2026-05-18 13:43:41,398][WARNING][modbus_packet] Field byte_count value 1967 outside constraints
[2026-05-18 13:43:41,411][WARNING][modbus_packet] Field byte_count value 1967 outside constraints
[2026-05-18 13:43:41,426][WARNING][modbus_packet] Field byte_count value 1967 outside constraints
[2026-05-18 13:43:41,439][WARNING][modbus_packet] Field byte_count value 1967 outside constraints
[2026-05-18 13:43:41,453][WARNING][modbus_packet] Field byte_count value 1967 outside constraints
[2026-05-18 13:43:41,468][WARNING][modbus_packet] Field byte_count value 1967 outside constraints
[2026-05-18 13:43:41,482][WARNING][modbus_packet] Field byte_count value 1967 outside constraints
[2026-05-18 13:43:41,495][WARNING][modbus_packet] Field byte_count value 1967 outside constraints
[2026-05-18 13:43:41,509][WARNING][modbus_packet] Field byte_count value 1967 outside constraints
[2026-05-18 13:43:41,523][WARNING][modbus_packet] Field byte_count value 1967 outside constraints
[2026-05-18 13:43:41,538][WARNING][modbus_packet] Field byte_count value 1967 outside constraints
[2026-05-18 13:43:41,555][WARNING][modbus_packet] Field byte_count value 1967 outside constraints
[2026-05-18 13:43:41,568][WARNING][modbus_packet] Field byte_count value 1967 outside constraints
[2026-05-18 13:43:41,582][WARNING][modbus_packet] Field byte_count value 1967 outside constraints
[2026-05-18 13:43:41,596][WARNING][modbus_packet] Field byte_count value 1967 outside constraints
[2026-05-18 13:43:41,609][WARNING][modbus_packet] Field byte_count value 1967 outside constraints
[2026-05-18 13:43:41,623][WARNING][modbus_packet] Field byte_count value 1967 outside constraints
[2026-05-18 13:43:41,639][WARNING][modbus_packet] Field byte_count value 1967 outside constraints
[2026-05-18 13:43:41,652][WARNING][modbus_packet] Field byte_count value 1967 outside constraints
[2026-05-18 13:43:41,666][WARNING][modbus_packet] Field byte_count value 1967 outside constraints
[2026-05-18 13:43:41,680][WARNING][modbus_packet] Field byte_count value 1967 outside constraints
[2026-05-18 13:43:41,694][WARNING][modbus_packet] Field byte_count value 1967 outside constraints
[2026-05-18 13:43:41,708][WARNING][modbus_packet] Field byte_count value 1967 outside constraints
[2026-05-18 13:43:41,721][WARNING][modbus_packet] Field byte_count value 1967 outside constraints
[2026-05-18 13:43:41,736][WARNING][modbus_packet] Field byte_count value 1967 outside constraints
[2026-05-18 13:43:41,750][WARNING][modbus_packet] Field byte_count value 1967 outside constraints
[2026-05-18 13:43:41,764][WARNING][modbus_packet] Field byte_count value 1967 outside constraints
[2026-05-18 13:43:41,778][WARNING][modbus_packet] Field byte_count value 1967 outside constraints
[2026-05-18 13:43:41,792][WARNING][modbus_packet] Field byte_count value 1967 outside constraints
[2026-05-18 13:43:41,806][WARNING][modbus_packet] Field byte_count value 1967 outside constraints
[2026-05-18 13:43:41,821][WARNING][modbus_packet] Field byte_count value 1967 outside constraints
[2026-05-18 13:43:41,836][WARNING][modbus_packet] Field byte_count value 1968 outside constraints
[2026-05-18 13:43:41,849][WARNING][modbus_packet] Field byte_count value 1968 outside constraints
[2026-05-18 13:43:41,864][WARNING][modbus_packet] Field byte_count value 1968 outside constraints
[2026-05-18 13:43:41,878][WARNING][modbus_packet] Field byte_count value 1968 outside constraints
[2026-05-18 13:43:41,892][WARNING][modbus_packet] Field byte_count value 1968 outside constraints
[2026-05-18 13:43:41,906][WARNING][modbus_packet] Field byte_count value 1968 outside constraints
[2026-05-18 13:43:41,919][WARNING][modbus_packet] Field byte_count value 1968 outside constraints
[2026-05-18 13:43:41,933][WARNING][modbus_packet] Field byte_count value 1968 outside constraints
[2026-05-18 13:43:41,946][WARNING][modbus_packet] Field byte_count value 1968 outside constraints
[2026-05-18 13:43:41,961][WARNING][modbus_packet] Field byte_count value 1968 outside constraints
[2026-05-18 13:43:41,975][WARNING][modbus_packet] Field byte_count value 1968 outside constraints
[2026-05-18 13:43:41,988][WARNING][modbus_packet] Field byte_count value 1968 outside constraints
[2026-05-18 13:43:42,002][WARNING][modbus_packet] Field byte_count value 1968 outside constraints
[2026-05-18 13:43:42,016][WARNING][modbus_packet] Field byte_count value 1968 outside constraints
[2026-05-18 13:43:42,030][WARNING][modbus_packet] Field byte_count value 1968 outside constraints
[2026-05-18 13:43:42,044][WARNING][modbus_packet] Field byte_count value 1968 outside constraints
[2026-05-18 13:43:42,059][WARNING][modbus_packet] Field byte_count value 1968 outside constraints
[2026-05-18 13:43:42,073][WARNING][modbus_packet] Field byte_count value 1968 outside constraints
[2026-05-18 13:43:42,087][WARNING][modbus_packet] Field byte_count value 1968 outside constraints
[2026-05-18 13:43:42,101][WARNING][modbus_packet] Field byte_count value 1968 outside constraints
[2026-05-18 13:43:42,115][WARNING][modbus_packet] Field byte_count value 1968 outside constraints
[2026-05-18 13:43:42,129][WARNING][modbus_packet] Field byte_count value 1968 outside constraints
[2026-05-18 13:43:42,143][WARNING][modbus_packet] Field byte_count value 1968 outside constraints
[2026-05-18 13:43:42,157][WARNING][modbus_packet] Field byte_count value 1968 outside constraints
[2026-05-18 13:43:42,170][WARNING][modbus_packet] Field byte_count value 1968 outside constraints
[2026-05-18 13:43:42,184][WARNING][modbus_packet] Field byte_count value 1968 outside constraints
[2026-05-18 13:43:42,198][WARNING][modbus_packet] Field byte_count value 1968 outside constraints
[2026-05-18 13:43:42,212][WARNING][modbus_packet] Field byte_count value 1968 outside constraints
[2026-05-18 13:43:42,225][WARNING][modbus_packet] Field byte_count value 1968 outside constraints
[2026-05-18 13:43:42,239][WARNING][modbus_packet] Field byte_count value 1968 outside constraints
[2026-05-18 13:43:42,253][WARNING][modbus_packet] Field byte_count value 1968 outside constraints
[2026-05-18 13:43:42,267][WARNING][modbus_packet] Field byte_count value 1968 outside constraints
[2026-05-18 13:43:42,281][WARNING][modbus_packet] Field byte_count value 1968 outside constraints
[2026-05-18 13:43:42,296][WARNING][modbus_packet] Field byte_count value 1968 outside constraints
[2026-05-18 13:43:42,311][WARNING][modbus_packet] Field byte_count value 1968 outside constraints
[2026-05-18 13:43:42,326][WARNING][modbus_packet] Field byte_count value 1968 outside constraints
[2026-05-18 13:43:42,339][WARNING][modbus_packet] Field byte_count value 1968 outside constraints
[2026-05-18 13:43:42,354][WARNING][modbus_packet] Field byte_count value 1968 outside constraints
[2026-05-18 13:43:42,367][WARNING][modbus_packet] Field byte_count value 1968 outside constraints
[2026-05-18 13:43:42,381][WARNING][modbus_packet] Field byte_count value 1968 outside constraints
[2026-05-18 13:43:42,399][INFO][fuzzer_core] New response pattern: 15:True:2:1
[2026-05-18 13:43:43,486][WARNING][modbus_packet] Field byte_count value 255 outside constraints
[2026-05-18 13:43:43,500][WARNING][modbus_packet] Field byte_count value 255 outside constraints
[2026-05-18 13:43:43,515][WARNING][modbus_packet] Field byte_count value 255 outside constraints
[2026-05-18 13:43:43,529][WARNING][modbus_packet] Field byte_count value 255 outside constraints
[2026-05-18 13:43:43,543][WARNING][modbus_packet] Field byte_count value 255 outside constraints
[2026-05-18 13:43:43,565][WARNING][modbus_packet] Field byte_count value 255 outside constraints
[2026-05-18 13:43:43,579][WARNING][modbus_packet] Field byte_count value 255 outside constraints
[2026-05-18 13:43:43,593][WARNING][modbus_packet] Field byte_count value 255 outside constraints
[2026-05-18 13:43:43,607][WARNING][modbus_packet] Field byte_count value 255 outside constraints
[2026-05-18 13:43:43,621][WARNING][modbus_packet] Field byte_count value 255 outside constraints
[2026-05-18 13:43:43,634][WARNING][modbus_packet] Field byte_count value 255 outside constraints
[2026-05-18 13:43:43,648][WARNING][modbus_packet] Field byte_count value 255 outside constraints
[2026-05-18 13:43:43,662][WARNING][modbus_packet] Field byte_count value 255 outside constraints
[2026-05-18 13:43:43,675][WARNING][modbus_packet] Field byte_count value 255 outside constraints
[2026-05-18 13:43:43,689][WARNING][modbus_packet] Field byte_count value 255 outside constraints
[2026-05-18 13:43:43,703][WARNING][modbus_packet] Field byte_count value 255 outside constraints
[2026-05-18 13:43:43,717][WARNING][modbus_packet] Field byte_count value 255 outside constraints
[2026-05-18 13:43:43,731][WARNING][modbus_packet] Field byte_count value 255 outside constraints
[2026-05-18 13:43:43,745][WARNING][modbus_packet] Field byte_count value 255 outside constraints
[2026-05-18 13:43:43,759][WARNING][modbus_packet] Field byte_count value 255 outside constraints
[2026-05-18 13:43:43,773][WARNING][modbus_packet] Field byte_count value 255 outside constraints
[2026-05-18 13:43:43,786][WARNING][modbus_packet] Field byte_count value 255 outside constraints
[2026-05-18 13:43:43,800][WARNING][modbus_packet] Field byte_count value 255 outside constraints
[2026-05-18 13:43:43,814][WARNING][modbus_packet] Field byte_count value 255 outside constraints
[2026-05-18 13:43:43,828][WARNING][modbus_packet] Field byte_count value 255 outside constraints
[2026-05-18 13:43:43,842][WARNING][modbus_packet] Field byte_count value 255 outside constraints
[2026-05-18 13:43:43,856][WARNING][modbus_packet] Field byte_count value 255 outside constraints
[2026-05-18 13:43:43,870][WARNING][modbus_packet] Field byte_count value 255 outside constraints
[2026-05-18 13:43:43,883][WARNING][modbus_packet] Field byte_count value 255 outside constraints
[2026-05-18 13:43:43,897][WARNING][modbus_packet] Field byte_count value 255 outside constraints
[2026-05-18 13:43:43,911][WARNING][modbus_packet] Field byte_count value 255 outside constraints
[2026-05-18 13:43:43,924][WARNING][modbus_packet] Field byte_count value 255 outside constraints
[2026-05-18 13:43:43,939][WARNING][modbus_packet] Field byte_count value 255 outside constraints
[2026-05-18 13:43:43,955][WARNING][modbus_packet] Field byte_count value 255 outside constraints
[2026-05-18 13:43:43,970][WARNING][modbus_packet] Field byte_count value 255 outside constraints
[2026-05-18 13:43:43,983][WARNING][modbus_packet] Field byte_count value 255 outside constraints
[2026-05-18 13:43:43,997][WARNING][modbus_packet] Field byte_count value 255 outside constraints
[2026-05-18 13:43:44,010][WARNING][modbus_packet] Field byte_count value 255 outside constraints
[2026-05-18 13:43:44,025][WARNING][modbus_packet] Field byte_count value 255 outside constraints
[2026-05-18 13:43:44,039][WARNING][modbus_packet] Field byte_count value 255 outside constraints
[2026-05-18 13:43:44,053][WARNING][modbus_packet] Field byte_count value 256 outside constraints
[2026-05-18 13:43:44,066][WARNING][modbus_packet] Field byte_count value 256 outside constraints
[2026-05-18 13:43:44,079][WARNING][modbus_packet] Field byte_count value 256 outside constraints
[2026-05-18 13:43:44,093][WARNING][modbus_packet] Field byte_count value 256 outside constraints
[2026-05-18 13:43:44,106][WARNING][modbus_packet] Field byte_count value 256 outside constraints
[2026-05-18 13:43:44,120][WARNING][modbus_packet] Field byte_count value 256 outside constraints
[2026-05-18 13:43:44,134][WARNING][modbus_packet] Field byte_count value 256 outside constraints
[2026-05-18 13:43:44,148][WARNING][modbus_packet] Field byte_count value 256 outside constraints
[2026-05-18 13:43:44,162][WARNING][modbus_packet] Field byte_count value 256 outside constraints
[2026-05-18 13:43:44,176][WARNING][modbus_packet] Field byte_count value 256 outside constraints
[2026-05-18 13:43:44,189][WARNING][modbus_packet] Field byte_count value 256 outside constraints
[2026-05-18 13:43:44,203][WARNING][modbus_packet] Field byte_count value 256 outside constraints
[2026-05-18 13:43:44,216][WARNING][modbus_packet] Field byte_count value 256 outside constraints
[2026-05-18 13:43:44,230][WARNING][modbus_packet] Field byte_count value 256 outside constraints
[2026-05-18 13:43:44,243][WARNING][modbus_packet] Field byte_count value 256 outside constraints
[2026-05-18 13:43:44,257][WARNING][modbus_packet] Field byte_count value 256 outside constraints
[2026-05-18 13:43:44,272][WARNING][modbus_packet] Field byte_count value 256 outside constraints
[2026-05-18 13:43:44,287][WARNING][modbus_packet] Field byte_count value 256 outside constraints
[2026-05-18 13:43:44,301][WARNING][modbus_packet] Field byte_count value 256 outside constraints
[2026-05-18 13:43:44,315][WARNING][modbus_packet] Field byte_count value 256 outside constraints
[2026-05-18 13:43:44,329][WARNING][modbus_packet] Field byte_count value 256 outside constraints
[2026-05-18 13:43:44,343][WARNING][modbus_packet] Field byte_count value 256 outside constraints
[2026-05-18 13:43:44,356][WARNING][modbus_packet] Field byte_count value 256 outside constraints
[2026-05-18 13:43:44,371][WARNING][modbus_packet] Field byte_count value 256 outside constraints
[2026-05-18 13:43:44,386][WARNING][modbus_packet] Field byte_count value 256 outside constraints
[2026-05-18 13:43:44,401][WARNING][modbus_packet] Field byte_count value 256 outside constraints
[2026-05-18 13:43:44,414][WARNING][modbus_packet] Field byte_count value 256 outside constraints
[2026-05-18 13:43:44,428][WARNING][modbus_packet] Field byte_count value 256 outside constraints
[2026-05-18 13:43:44,441][WARNING][modbus_packet] Field byte_count value 256 outside constraints
[2026-05-18 13:43:44,455][WARNING][modbus_packet] Field byte_count value 256 outside constraints
[2026-05-18 13:43:44,468][WARNING][modbus_packet] Field byte_count value 256 outside constraints
[2026-05-18 13:43:44,482][WARNING][modbus_packet] Field byte_count value 256 outside constraints
[2026-05-18 13:43:44,496][WARNING][modbus_packet] Field byte_count value 256 outside constraints
[2026-05-18 13:43:44,510][WARNING][modbus_packet] Field byte_count value 256 outside constraints
[2026-05-18 13:43:44,523][WARNING][modbus_packet] Field byte_count value 256 outside constraints
[2026-05-18 13:43:44,537][WARNING][modbus_packet] Field byte_count value 256 outside constraints
[2026-05-18 13:43:44,550][WARNING][modbus_packet] Field byte_count value 256 outside constraints
[2026-05-18 13:43:44,563][WARNING][modbus_packet] Field byte_count value 256 outside constraints
[2026-05-18 13:43:44,577][WARNING][modbus_packet] Field byte_count value 256 outside constraints
[2026-05-18 13:43:44,592][WARNING][modbus_packet] Field byte_count value 256 outside constraints
[2026-05-18 13:43:44,606][WARNING][modbus_packet] Field byte_count value 1967 outside constraints
[2026-05-18 13:43:44,620][WARNING][modbus_packet] Field byte_count value 1967 outside constraints
[2026-05-18 13:43:44,633][WARNING][modbus_packet] Field byte_count value 1967 outside constraints
[2026-05-18 13:43:44,647][WARNING][modbus_packet] Field byte_count value 1967 outside constraints
[2026-05-18 13:43:44,660][WARNING][modbus_packet] Field byte_count value 1967 outside constraints
[2026-05-18 13:43:44,674][WARNING][modbus_packet] Field byte_count value 1967 outside constraints
[2026-05-18 13:43:44,687][WARNING][modbus_packet] Field byte_count value 1967 outside constraints
[2026-05-18 13:43:44,701][WARNING][modbus_packet] Field byte_count value 1967 outside constraints
[2026-05-18 13:43:44,715][WARNING][modbus_packet] Field byte_count value 1967 outside constraints
[2026-05-18 13:43:44,728][WARNING][modbus_packet] Field byte_count value 1967 outside constraints
[2026-05-18 13:43:44,741][WARNING][modbus_packet] Field byte_count value 1967 outside constraints
[2026-05-18 13:43:44,755][WARNING][modbus_packet] Field byte_count value 1967 outside constraints
[2026-05-18 13:43:44,768][WARNING][modbus_packet] Field byte_count value 1967 outside constraints
[2026-05-18 13:43:44,782][WARNING][modbus_packet] Field byte_count value 1967 outside constraints
[2026-05-18 13:43:44,796][WARNING][modbus_packet] Field byte_count value 1967 outside constraints
[2026-05-18 13:43:44,810][WARNING][modbus_packet] Field byte_count value 1967 outside constraints
[2026-05-18 13:43:44,824][WARNING][modbus_packet] Field byte_count value 1967 outside constraints
[2026-05-18 13:43:44,838][WARNING][modbus_packet] Field byte_count value 1967 outside constraints
[2026-05-18 13:43:44,851][WARNING][modbus_packet] Field byte_count value 1967 outside constraints
[2026-05-18 13:43:44,865][WARNING][modbus_packet] Field byte_count value 1967 outside constraints
[2026-05-18 13:43:44,878][WARNING][modbus_packet] Field byte_count value 1967 outside constraints
[2026-05-18 13:43:44,892][WARNING][modbus_packet] Field byte_count value 1967 outside constraints
[2026-05-18 13:43:44,905][WARNING][modbus_packet] Field byte_count value 1967 outside constraints
[2026-05-18 13:43:44,919][WARNING][modbus_packet] Field byte_count value 1967 outside constraints
[2026-05-18 13:43:44,933][WARNING][modbus_packet] Field byte_count value 1967 outside constraints
[2026-05-18 13:43:44,947][WARNING][modbus_packet] Field byte_count value 1967 outside constraints
[2026-05-18 13:43:44,961][WARNING][modbus_packet] Field byte_count value 1967 outside constraints
[2026-05-18 13:43:44,975][WARNING][modbus_packet] Field byte_count value 1967 outside constraints
[2026-05-18 13:43:44,989][WARNING][modbus_packet] Field byte_count value 1967 outside constraints
[2026-05-18 13:43:45,003][WARNING][modbus_packet] Field byte_count value 1967 outside constraints
[2026-05-18 13:43:45,017][WARNING][modbus_packet] Field byte_count value 1967 outside constraints
[2026-05-18 13:43:45,032][WARNING][modbus_packet] Field byte_count value 1967 outside constraints
[2026-05-18 13:43:45,045][WARNING][modbus_packet] Field byte_count value 1967 outside constraints
[2026-05-18 13:43:45,062][WARNING][modbus_packet] Field byte_count value 1967 outside constraints
[2026-05-18 13:43:45,075][WARNING][modbus_packet] Field byte_count value 1967 outside constraints
[2026-05-18 13:43:45,090][WARNING][modbus_packet] Field byte_count value 1967 outside constraints
[2026-05-18 13:43:45,104][WARNING][modbus_packet] Field byte_count value 1967 outside constraints
[2026-05-18 13:43:45,117][WARNING][modbus_packet] Field byte_count value 1967 outside constraints
[2026-05-18 13:43:45,133][WARNING][modbus_packet] Field byte_count value 1967 outside constraints
[2026-05-18 13:43:45,147][WARNING][modbus_packet] Field byte_count value 1967 outside constraints
[2026-05-18 13:43:45,161][WARNING][modbus_packet] Field byte_count value 1968 outside constraints
[2026-05-18 13:43:45,173][WARNING][modbus_packet] Field byte_count value 1968 outside constraints
[2026-05-18 13:43:45,186][WARNING][modbus_packet] Field byte_count value 1968 outside constraints
[2026-05-18 13:43:45,200][WARNING][modbus_packet] Field byte_count value 1968 outside constraints
[2026-05-18 13:43:45,213][WARNING][modbus_packet] Field byte_count value 1968 outside constraints
[2026-05-18 13:43:45,225][WARNING][modbus_packet] Field byte_count value 1968 outside constraints
[2026-05-18 13:43:45,239][WARNING][modbus_packet] Field byte_count value 1968 outside constraints
[2026-05-18 13:43:45,253][WARNING][modbus_packet] Field byte_count value 1968 outside constraints
[2026-05-18 13:43:45,266][WARNING][modbus_packet] Field byte_count value 1968 outside constraints
[2026-05-18 13:43:45,279][WARNING][modbus_packet] Field byte_count value 1968 outside constraints
[2026-05-18 13:43:45,293][WARNING][modbus_packet] Field byte_count value 1968 outside constraints
[2026-05-18 13:43:45,306][WARNING][modbus_packet] Field byte_count value 1968 outside constraints
[2026-05-18 13:43:45,320][WARNING][modbus_packet] Field byte_count value 1968 outside constraints
[2026-05-18 13:43:45,333][WARNING][modbus_packet] Field byte_count value 1968 outside constraints
[2026-05-18 13:43:45,347][WARNING][modbus_packet] Field byte_count value 1968 outside constraints
[2026-05-18 13:43:45,362][WARNING][modbus_packet] Field byte_count value 1968 outside constraints
[2026-05-18 13:43:45,377][WARNING][modbus_packet] Field byte_count value 1968 outside constraints
[2026-05-18 13:43:45,391][WARNING][modbus_packet] Field byte_count value 1968 outside constraints
[2026-05-18 13:43:45,405][WARNING][modbus_packet] Field byte_count value 1968 outside constraints
[2026-05-18 13:43:45,419][WARNING][modbus_packet] Field byte_count value 1968 outside constraints
[2026-05-18 13:43:45,433][WARNING][modbus_packet] Field byte_count value 1968 outside constraints
[2026-05-18 13:43:45,447][WARNING][modbus_packet] Field byte_count value 1968 outside constraints
[2026-05-18 13:43:45,461][WARNING][modbus_packet] Field byte_count value 1968 outside constraints
[2026-05-18 13:43:45,475][WARNING][modbus_packet] Field byte_count value 1968 outside constraints
[2026-05-18 13:43:45,488][WARNING][modbus_packet] Field byte_count value 1968 outside constraints
[2026-05-18 13:43:45,502][WARNING][modbus_packet] Field byte_count value 1968 outside constraints
[2026-05-18 13:43:45,515][WARNING][modbus_packet] Field byte_count value 1968 outside constraints
[2026-05-18 13:43:45,529][WARNING][modbus_packet] Field byte_count value 1968 outside constraints
[2026-05-18 13:43:45,543][WARNING][modbus_packet] Field byte_count value 1968 outside constraints
[2026-05-18 13:43:45,557][WARNING][modbus_packet] Field byte_count value 1968 outside constraints
[2026-05-18 13:43:45,571][WARNING][modbus_packet] Field byte_count value 1968 outside constraints
[2026-05-18 13:43:45,585][WARNING][modbus_packet] Field byte_count value 1968 outside constraints
[2026-05-18 13:43:45,599][WARNING][modbus_packet] Field byte_count value 1968 outside constraints
[2026-05-18 13:43:45,613][WARNING][modbus_packet] Field byte_count value 1968 outside constraints
[2026-05-18 13:43:45,627][WARNING][modbus_packet] Field byte_count value 1968 outside constraints
[2026-05-18 13:43:45,641][WARNING][modbus_packet] Field byte_count value 1968 outside constraints
[2026-05-18 13:43:45,655][WARNING][modbus_packet] Field byte_count value 1968 outside constraints
[2026-05-18 13:43:45,668][WARNING][modbus_packet] Field byte_count value 1968 outside constraints
[2026-05-18 13:43:45,683][WARNING][modbus_packet] Field byte_count value 1968 outside constraints
[2026-05-18 13:43:45,697][WARNING][modbus_packet] Field byte_count value 1968 outside constraints
[2026-05-18 13:43:46,806][WARNING][modbus_packet] Field byte_count value 255 outside constraints
[2026-05-18 13:43:46,820][WARNING][modbus_packet] Field byte_count value 255 outside constraints
[2026-05-18 13:43:46,833][WARNING][modbus_packet] Field byte_count value 255 outside constraints
[2026-05-18 13:43:46,847][WARNING][modbus_packet] Field byte_count value 255 outside constraints
[2026-05-18 13:43:46,861][WARNING][modbus_packet] Field byte_count value 255 outside constraints
[2026-05-18 13:43:46,875][WARNING][modbus_packet] Field byte_count value 255 outside constraints
[2026-05-18 13:43:46,889][WARNING][modbus_packet] Field byte_count value 255 outside constraints
[2026-05-18 13:43:46,902][WARNING][modbus_packet] Field byte_count value 255 outside constraints
[2026-05-18 13:43:46,915][WARNING][modbus_packet] Field byte_count value 255 outside constraints
[2026-05-18 13:43:46,929][WARNING][modbus_packet] Field byte_count value 255 outside constraints
[2026-05-18 13:43:46,943][WARNING][modbus_packet] Field byte_count value 255 outside constraints
[2026-05-18 13:43:46,956][WARNING][modbus_packet] Field byte_count value 255 outside constraints
[2026-05-18 13:43:46,972][WARNING][modbus_packet] Field byte_count value 255 outside constraints
[2026-05-18 13:43:46,986][WARNING][modbus_packet] Field byte_count value 255 outside constraints
[2026-05-18 13:43:47,000][WARNING][modbus_packet] Field byte_count value 255 outside constraints
[2026-05-18 13:43:47,014][WARNING][modbus_packet] Field byte_count value 255 outside constraints
[2026-05-18 13:43:47,028][WARNING][modbus_packet] Field byte_count value 255 outside constraints
[2026-05-18 13:43:47,041][WARNING][modbus_packet] Field byte_count value 255 outside constraints
[2026-05-18 13:43:47,054][WARNING][modbus_packet] Field byte_count value 255 outside constraints
[2026-05-18 13:43:47,068][WARNING][modbus_packet] Field byte_count value 255 outside constraints
[2026-05-18 13:43:47,082][WARNING][modbus_packet] Field byte_count value 255 outside constraints
[2026-05-18 13:43:47,096][WARNING][modbus_packet] Field byte_count value 255 outside constraints
[2026-05-18 13:43:47,110][WARNING][modbus_packet] Field byte_count value 255 outside constraints
[2026-05-18 13:43:47,123][WARNING][modbus_packet] Field byte_count value 255 outside constraints
[2026-05-18 13:43:47,137][WARNING][modbus_packet] Field byte_count value 255 outside constraints
[2026-05-18 13:43:47,151][WARNING][modbus_packet] Field byte_count value 255 outside constraints
[2026-05-18 13:43:47,164][WARNING][modbus_packet] Field byte_count value 255 outside constraints
[2026-05-18 13:43:47,178][WARNING][modbus_packet] Field byte_count value 255 outside constraints
[2026-05-18 13:43:47,192][WARNING][modbus_packet] Field byte_count value 255 outside constraints
[2026-05-18 13:43:47,206][WARNING][modbus_packet] Field byte_count value 255 outside constraints
[2026-05-18 13:43:47,221][WARNING][modbus_packet] Field byte_count value 255 outside constraints
[2026-05-18 13:43:47,235][WARNING][modbus_packet] Field byte_count value 255 outside constraints
[2026-05-18 13:43:47,248][WARNING][modbus_packet] Field byte_count value 255 outside constraints
[2026-05-18 13:43:47,262][WARNING][modbus_packet] Field byte_count value 255 outside constraints
[2026-05-18 13:43:47,276][WARNING][modbus_packet] Field byte_count value 255 outside constraints
[2026-05-18 13:43:47,290][WARNING][modbus_packet] Field byte_count value 255 outside constraints
[2026-05-18 13:43:47,304][WARNING][modbus_packet] Field byte_count value 255 outside constraints
[2026-05-18 13:43:47,319][WARNING][modbus_packet] Field byte_count value 255 outside constraints
[2026-05-18 13:43:47,332][WARNING][modbus_packet] Field byte_count value 255 outside constraints
[2026-05-18 13:43:47,346][WARNING][modbus_packet] Field byte_count value 255 outside constraints
[2026-05-18 13:43:47,360][WARNING][modbus_packet] Field byte_count value 256 outside constraints
[2026-05-18 13:43:47,374][WARNING][modbus_packet] Field byte_count value 256 outside constraints
[2026-05-18 13:43:47,387][WARNING][modbus_packet] Field byte_count value 256 outside constraints
[2026-05-18 13:43:47,401][WARNING][modbus_packet] Field byte_count value 256 outside constraints
[2026-05-18 13:43:47,415][WARNING][modbus_packet] Field byte_count value 256 outside constraints
[2026-05-18 13:43:47,428][WARNING][modbus_packet] Field byte_count value 256 outside constraints
[2026-05-18 13:43:47,443][WARNING][modbus_packet] Field byte_count value 256 outside constraints
[2026-05-18 13:43:47,457][WARNING][modbus_packet] Field byte_count value 256 outside constraints
[2026-05-18 13:43:47,470][WARNING][modbus_packet] Field byte_count value 256 outside constraints
[2026-05-18 13:43:47,484][WARNING][modbus_packet] Field byte_count value 256 outside constraints
[2026-05-18 13:43:47,498][WARNING][modbus_packet] Field byte_count value 256 outside constraints
[2026-05-18 13:43:47,511][WARNING][modbus_packet] Field byte_count value 256 outside constraints
[2026-05-18 13:43:47,525][WARNING][modbus_packet] Field byte_count value 256 outside constraints
[2026-05-18 13:43:47,539][WARNING][modbus_packet] Field byte_count value 256 outside constraints
[2026-05-18 13:43:47,553][WARNING][modbus_packet] Field byte_count value 256 outside constraints
[2026-05-18 13:43:47,567][WARNING][modbus_packet] Field byte_count value 256 outside constraints
[2026-05-18 13:43:47,580][WARNING][modbus_packet] Field byte_count value 256 outside constraints
[2026-05-18 13:43:47,593][WARNING][modbus_packet] Field byte_count value 256 outside constraints
[2026-05-18 13:43:47,607][WARNING][modbus_packet] Field byte_count value 256 outside constraints
[2026-05-18 13:43:47,620][WARNING][modbus_packet] Field byte_count value 256 outside constraints
[2026-05-18 13:43:47,634][WARNING][modbus_packet] Field byte_count value 256 outside constraints
[2026-05-18 13:43:47,648][WARNING][modbus_packet] Field byte_count value 256 outside constraints
[2026-05-18 13:43:47,662][WARNING][modbus_packet] Field byte_count value 256 outside constraints
[2026-05-18 13:43:47,676][WARNING][modbus_packet] Field byte_count value 256 outside constraints
[2026-05-18 13:43:47,689][WARNING][modbus_packet] Field byte_count value 256 outside constraints
[2026-05-18 13:43:47,703][WARNING][modbus_packet] Field byte_count value 256 outside constraints
[2026-05-18 13:43:47,716][WARNING][modbus_packet] Field byte_count value 256 outside constraints
[2026-05-18 13:43:47,730][WARNING][modbus_packet] Field byte_count value 256 outside constraints
[2026-05-18 13:43:47,744][WARNING][modbus_packet] Field byte_count value 256 outside constraints
[2026-05-18 13:43:47,759][WARNING][modbus_packet] Field byte_count value 256 outside constraints
[2026-05-18 13:43:47,774][WARNING][modbus_packet] Field byte_count value 256 outside constraints
[2026-05-18 13:43:47,789][WARNING][modbus_packet] Field byte_count value 256 outside constraints
[2026-05-18 13:43:47,802][WARNING][modbus_packet] Field byte_count value 256 outside constraints
[2026-05-18 13:43:47,816][WARNING][modbus_packet] Field byte_count value 256 outside constraints
[2026-05-18 13:43:47,830][WARNING][modbus_packet] Field byte_count value 256 outside constraints
[2026-05-18 13:43:47,843][WARNING][modbus_packet] Field byte_count value 256 outside constraints
[2026-05-18 13:43:47,858][WARNING][modbus_packet] Field byte_count value 256 outside constraints
[2026-05-18 13:43:47,873][WARNING][modbus_packet] Field byte_count value 256 outside constraints
[2026-05-18 13:43:47,886][WARNING][modbus_packet] Field byte_count value 256 outside constraints
[2026-05-18 13:43:47,901][WARNING][modbus_packet] Field byte_count value 256 outside constraints
[2026-05-18 13:43:47,915][WARNING][modbus_packet] Field byte_count value 1967 outside constraints
[2026-05-18 13:43:47,928][WARNING][modbus_packet] Field byte_count value 1967 outside constraints
[2026-05-18 13:43:47,942][WARNING][modbus_packet] Field byte_count value 1967 outside constraints
[2026-05-18 13:43:47,956][WARNING][modbus_packet] Field byte_count value 1967 outside constraints
[2026-05-18 13:43:47,970][WARNING][modbus_packet] Field byte_count value 1967 outside constraints
[2026-05-18 13:43:47,983][WARNING][modbus_packet] Field byte_count value 1967 outside constraints
[2026-05-18 13:43:47,997][WARNING][modbus_packet] Field byte_count value 1967 outside constraints
[2026-05-18 13:43:48,011][WARNING][modbus_packet] Field byte_count value 1967 outside constraints
[2026-05-18 13:43:48,024][WARNING][modbus_packet] Field byte_count value 1967 outside constraints
[2026-05-18 13:43:48,038][WARNING][modbus_packet] Field byte_count value 1967 outside constraints
[2026-05-18 13:43:48,051][WARNING][modbus_packet] Field byte_count value 1967 outside constraints
[2026-05-18 13:43:48,064][WARNING][modbus_packet] Field byte_count value 1967 outside constraints
[2026-05-18 13:43:48,078][WARNING][modbus_packet] Field byte_count value 1967 outside constraints
[2026-05-18 13:43:48,093][WARNING][modbus_packet] Field byte_count value 1967 outside constraints
[2026-05-18 13:43:48,106][WARNING][modbus_packet] Field byte_count value 1967 outside constraints
[2026-05-18 13:43:48,120][WARNING][modbus_packet] Field byte_count value 1967 outside constraints
[2026-05-18 13:43:48,134][WARNING][modbus_packet] Field byte_count value 1967 outside constraints
[2026-05-18 13:43:48,147][WARNING][modbus_packet] Field byte_count value 1967 outside constraints
[2026-05-18 13:43:48,160][WARNING][modbus_packet] Field byte_count value 1967 outside constraints
[2026-05-18 13:43:48,174][WARNING][modbus_packet] Field byte_count value 1967 outside constraints
[2026-05-18 13:43:48,188][WARNING][modbus_packet] Field byte_count value 1967 outside constraints
[2026-05-18 13:43:48,201][WARNING][modbus_packet] Field byte_count value 1967 outside constraints
[2026-05-18 13:43:48,216][WARNING][modbus_packet] Field byte_count value 1967 outside constraints
[2026-05-18 13:43:48,231][WARNING][modbus_packet] Field byte_count value 1967 outside constraints
[2026-05-18 13:43:48,244][WARNING][modbus_packet] Field byte_count value 1967 outside constraints
[2026-05-18 13:43:48,257][WARNING][modbus_packet] Field byte_count value 1967 outside constraints
[2026-05-18 13:43:48,271][WARNING][modbus_packet] Field byte_count value 1967 outside constraints
[2026-05-18 13:43:48,285][WARNING][modbus_packet] Field byte_count value 1967 outside constraints
[2026-05-18 13:43:48,299][WARNING][modbus_packet] Field byte_count value 1967 outside constraints
[2026-05-18 13:43:48,313][WARNING][modbus_packet] Field byte_count value 1967 outside constraints
[2026-05-18 13:43:48,326][WARNING][modbus_packet] Field byte_count value 1967 outside constraints
[2026-05-18 13:43:48,340][WARNING][modbus_packet] Field byte_count value 1967 outside constraints
[2026-05-18 13:43:48,353][WARNING][modbus_packet] Field byte_count value 1967 outside constraints
[2026-05-18 13:43:48,367][WARNING][modbus_packet] Field byte_count value 1967 outside constraints
[2026-05-18 13:43:48,380][WARNING][modbus_packet] Field byte_count value 1967 outside constraints
[2026-05-18 13:43:48,394][WARNING][modbus_packet] Field byte_count value 1967 outside constraints
[2026-05-18 13:43:48,408][WARNING][modbus_packet] Field byte_count value 1967 outside constraints
[2026-05-18 13:43:48,422][WARNING][modbus_packet] Field byte_count value 1967 outside constraints
[2026-05-18 13:43:48,436][WARNING][modbus_packet] Field byte_count value 1967 outside constraints
[2026-05-18 13:43:48,449][WARNING][modbus_packet] Field byte_count value 1967 outside constraints
[2026-05-18 13:43:48,463][WARNING][modbus_packet] Field byte_count value 1968 outside constraints
[2026-05-18 13:43:48,477][WARNING][modbus_packet] Field byte_count value 1968 outside constraints
[2026-05-18 13:43:48,491][WARNING][modbus_packet] Field byte_count value 1968 outside constraints
[2026-05-18 13:43:48,505][WARNING][modbus_packet] Field byte_count value 1968 outside constraints
[2026-05-18 13:43:48,519][WARNING][modbus_packet] Field byte_count value 1968 outside constraints
[2026-05-18 13:43:48,534][WARNING][modbus_packet] Field byte_count value 1968 outside constraints
[2026-05-18 13:43:48,547][WARNING][modbus_packet] Field byte_count value 1968 outside constraints
[2026-05-18 13:43:48,564][WARNING][modbus_packet] Field byte_count value 1968 outside constraints
[2026-05-18 13:43:48,578][WARNING][modbus_packet] Field byte_count value 1968 outside constraints
[2026-05-18 13:43:48,592][WARNING][modbus_packet] Field byte_count value 1968 outside constraints
[2026-05-18 13:43:48,606][WARNING][modbus_packet] Field byte_count value 1968 outside constraints
[2026-05-18 13:43:48,620][WARNING][modbus_packet] Field byte_count value 1968 outside constraints
[2026-05-18 13:43:48,634][WARNING][modbus_packet] Field byte_count value 1968 outside constraints
[2026-05-18 13:43:48,648][WARNING][modbus_packet] Field byte_count value 1968 outside constraints
[2026-05-18 13:43:48,663][WARNING][modbus_packet] Field byte_count value 1968 outside constraints
[2026-05-18 13:43:48,676][WARNING][modbus_packet] Field byte_count value 1968 outside constraints
[2026-05-18 13:43:48,689][WARNING][modbus_packet] Field byte_count value 1968 outside constraints
[2026-05-18 13:43:48,702][WARNING][modbus_packet] Field byte_count value 1968 outside constraints
[2026-05-18 13:43:48,715][WARNING][modbus_packet] Field byte_count value 1968 outside constraints
[2026-05-18 13:43:48,729][WARNING][modbus_packet] Field byte_count value 1968 outside constraints
[2026-05-18 13:43:48,743][WARNING][modbus_packet] Field byte_count value 1968 outside constraints
[2026-05-18 13:43:48,756][WARNING][modbus_packet] Field byte_count value 1968 outside constraints
[2026-05-18 13:43:48,770][WARNING][modbus_packet] Field byte_count value 1968 outside constraints
[2026-05-18 13:43:48,784][WARNING][modbus_packet] Field byte_count value 1968 outside constraints
[2026-05-18 13:43:48,798][WARNING][modbus_packet] Field byte_count value 1968 outside constraints
[2026-05-18 13:43:48,813][WARNING][modbus_packet] Field byte_count value 1968 outside constraints
[2026-05-18 13:43:48,827][WARNING][modbus_packet] Field byte_count value 1968 outside constraints
[2026-05-18 13:43:48,841][WARNING][modbus_packet] Field byte_count value 1968 outside constraints
[2026-05-18 13:43:48,856][WARNING][modbus_packet] Field byte_count value 1968 outside constraints
[2026-05-18 13:43:48,870][WARNING][modbus_packet] Field byte_count value 1968 outside constraints
[2026-05-18 13:43:48,883][WARNING][modbus_packet] Field byte_count value 1968 outside constraints
[2026-05-18 13:43:48,897][WARNING][modbus_packet] Field byte_count value 1968 outside constraints
[2026-05-18 13:43:48,910][WARNING][modbus_packet] Field byte_count value 1968 outside constraints
[2026-05-18 13:43:48,924][WARNING][modbus_packet] Field byte_count value 1968 outside constraints
[2026-05-18 13:43:48,937][WARNING][modbus_packet] Field byte_count value 1968 outside constraints
[2026-05-18 13:43:48,952][WARNING][modbus_packet] Field byte_count value 1968 outside constraints
[2026-05-18 13:43:48,966][WARNING][modbus_packet] Field byte_count value 1968 outside constraints
[2026-05-18 13:43:48,980][WARNING][modbus_packet] Field byte_count value 1968 outside constraints
[2026-05-18 13:43:48,993][WARNING][modbus_packet] Field byte_count value 1968 outside constraints
[2026-05-18 13:43:49,007][WARNING][modbus_packet] Field byte_count value 1968 outside constraints
[2026-05-18 13:43:50,103][WARNING][modbus_packet] Field byte_count value 255 outside constraints
[2026-05-18 13:43:50,117][WARNING][modbus_packet] Field byte_count value 255 outside constraints
[2026-05-18 13:43:50,130][WARNING][modbus_packet] Field byte_count value 255 outside constraints
[2026-05-18 13:43:50,144][WARNING][modbus_packet] Field byte_count value 255 outside constraints
[2026-05-18 13:43:50,158][WARNING][modbus_packet] Field byte_count value 255 outside constraints
[2026-05-18 13:43:50,172][WARNING][modbus_packet] Field byte_count value 255 outside constraints
[2026-05-18 13:43:50,186][WARNING][modbus_packet] Field byte_count value 255 outside constraints
[2026-05-18 13:43:50,199][WARNING][modbus_packet] Field byte_count value 255 outside constraints
[2026-05-18 13:43:50,213][WARNING][modbus_packet] Field byte_count value 255 outside constraints
[2026-05-18 13:43:50,226][WARNING][modbus_packet] Field byte_count value 255 outside constraints
[2026-05-18 13:43:50,239][WARNING][modbus_packet] Field byte_count value 255 outside constraints
[2026-05-18 13:43:50,253][WARNING][modbus_packet] Field byte_count value 255 outside constraints
[2026-05-18 13:43:50,267][WARNING][modbus_packet] Field byte_count value 255 outside constraints
[2026-05-18 13:43:50,282][WARNING][modbus_packet] Field byte_count value 255 outside constraints
[2026-05-18 13:43:50,296][WARNING][modbus_packet] Field byte_count value 255 outside constraints
[2026-05-18 13:43:50,310][WARNING][modbus_packet] Field byte_count value 255 outside constraints
[2026-05-18 13:43:50,324][WARNING][modbus_packet] Field byte_count value 255 outside constraints
[2026-05-18 13:43:50,337][WARNING][modbus_packet] Field byte_count value 255 outside constraints
[2026-05-18 13:43:50,351][WARNING][modbus_packet] Field byte_count value 255 outside constraints
[2026-05-18 13:43:50,365][WARNING][modbus_packet] Field byte_count value 255 outside constraints
[2026-05-18 13:43:50,379][WARNING][modbus_packet] Field byte_count value 255 outside constraints
[2026-05-18 13:43:50,392][WARNING][modbus_packet] Field byte_count value 255 outside constraints
[2026-05-18 13:43:50,406][WARNING][modbus_packet] Field byte_count value 255 outside constraints
[2026-05-18 13:43:50,420][WARNING][modbus_packet] Field byte_count value 255 outside constraints
[2026-05-18 13:43:50,433][WARNING][modbus_packet] Field byte_count value 255 outside constraints
[2026-05-18 13:43:50,447][WARNING][modbus_packet] Field byte_count value 255 outside constraints
[2026-05-18 13:43:50,461][WARNING][modbus_packet] Field byte_count value 255 outside constraints
[2026-05-18 13:43:50,475][WARNING][modbus_packet] Field byte_count value 255 outside constraints
[2026-05-18 13:43:50,490][WARNING][modbus_packet] Field byte_count value 255 outside constraints
[2026-05-18 13:43:50,504][WARNING][modbus_packet] Field byte_count value 255 outside constraints
[2026-05-18 13:43:50,518][WARNING][modbus_packet] Field byte_count value 255 outside constraints
[2026-05-18 13:43:50,532][WARNING][modbus_packet] Field byte_count value 255 outside constraints
[2026-05-18 13:43:50,546][WARNING][modbus_packet] Field byte_count value 255 outside constraints
[2026-05-18 13:43:50,561][WARNING][modbus_packet] Field byte_count value 255 outside constraints
[2026-05-18 13:43:50,574][WARNING][modbus_packet] Field byte_count value 255 outside constraints
[2026-05-18 13:43:50,588][WARNING][modbus_packet] Field byte_count value 255 outside constraints
[2026-05-18 13:43:50,602][WARNING][modbus_packet] Field byte_count value 255 outside constraints
[2026-05-18 13:43:50,616][WARNING][modbus_packet] Field byte_count value 255 outside constraints
[2026-05-18 13:43:50,630][WARNING][modbus_packet] Field byte_count value 255 outside constraints
[2026-05-18 13:43:50,647][WARNING][modbus_packet] Field byte_count value 255 outside constraints
[2026-05-18 13:43:50,660][WARNING][modbus_packet] Field byte_count value 256 outside constraints
[2026-05-18 13:43:50,674][WARNING][modbus_packet] Field byte_count value 256 outside constraints
[2026-05-18 13:43:50,689][WARNING][modbus_packet] Field byte_count value 256 outside constraints
[2026-05-18 13:43:50,703][WARNING][modbus_packet] Field byte_count value 256 outside constraints
[2026-05-18 13:43:50,716][WARNING][modbus_packet] Field byte_count value 256 outside constraints
[2026-05-18 13:43:50,731][WARNING][modbus_packet] Field byte_count value 256 outside constraints
[2026-05-18 13:43:50,744][WARNING][modbus_packet] Field byte_count value 256 outside constraints
[2026-05-18 13:43:50,758][WARNING][modbus_packet] Field byte_count value 256 outside constraints
[2026-05-18 13:43:50,771][WARNING][modbus_packet] Field byte_count value 256 outside constraints
[2026-05-18 13:43:50,785][WARNING][modbus_packet] Field byte_count value 256 outside constraints
[2026-05-18 13:43:50,799][WARNING][modbus_packet] Field byte_count value 256 outside constraints
[2026-05-18 13:43:50,813][WARNING][modbus_packet] Field byte_count value 256 outside constraints
[2026-05-18 13:43:50,827][WARNING][modbus_packet] Field byte_count value 256 outside constraints
[2026-05-18 13:43:50,841][WARNING][modbus_packet] Field byte_count value 256 outside constraints
[2026-05-18 13:43:50,855][WARNING][modbus_packet] Field byte_count value 256 outside constraints
[2026-05-18 13:43:50,869][WARNING][modbus_packet] Field byte_count value 256 outside constraints
[2026-05-18 13:43:50,882][WARNING][modbus_packet] Field byte_count value 256 outside constraints
[2026-05-18 13:43:50,895][WARNING][modbus_packet] Field byte_count value 256 outside constraints
[2026-05-18 13:43:50,909][WARNING][modbus_packet] Field byte_count value 256 outside constraints
[2026-05-18 13:43:50,924][WARNING][modbus_packet] Field byte_count value 256 outside constraints
[2026-05-18 13:43:50,939][WARNING][modbus_packet] Field byte_count value 256 outside constraints
[2026-05-18 13:43:50,953][WARNING][modbus_packet] Field byte_count value 256 outside constraints
[2026-05-18 13:43:50,966][WARNING][modbus_packet] Field byte_count value 256 outside constraints
[2026-05-18 13:43:50,980][WARNING][modbus_packet] Field byte_count value 256 outside constraints
[2026-05-18 13:43:50,994][WARNING][modbus_packet] Field byte_count value 256 outside constraints
[2026-05-18 13:43:51,007][WARNING][modbus_packet] Field byte_count value 256 outside constraints
[2026-05-18 13:43:51,022][WARNING][modbus_packet] Field byte_count value 256 outside constraints
[2026-05-18 13:43:51,035][WARNING][modbus_packet] Field byte_count value 256 outside constraints
[2026-05-18 13:43:51,049][WARNING][modbus_packet] Field byte_count value 256 outside constraints
[2026-05-18 13:43:51,062][WARNING][modbus_packet] Field byte_count value 256 outside constraints
[2026-05-18 13:43:51,076][WARNING][modbus_packet] Field byte_count value 256 outside constraints
[2026-05-18 13:43:51,090][WARNING][modbus_packet] Field byte_count value 256 outside constraints
[2026-05-18 13:43:51,104][WARNING][modbus_packet] Field byte_count value 256 outside constraints
[2026-05-18 13:43:51,118][WARNING][modbus_packet] Field byte_count value 256 outside constraints
[2026-05-18 13:43:51,132][WARNING][modbus_packet] Field byte_count value 256 outside constraints
[2026-05-18 13:43:51,145][WARNING][modbus_packet] Field byte_count value 256 outside constraints
[2026-05-18 13:43:51,159][WARNING][modbus_packet] Field byte_count value 256 outside constraints
[2026-05-18 13:43:51,173][WARNING][modbus_packet] Field byte_count value 256 outside constraints
[2026-05-18 13:43:51,186][WARNING][modbus_packet] Field byte_count value 256 outside constraints
[2026-05-18 13:43:51,200][WARNING][modbus_packet] Field byte_count value 256 outside constraints
[2026-05-18 13:43:51,213][WARNING][modbus_packet] Field byte_count value 1967 outside constraints
[2026-05-18 13:43:51,227][WARNING][modbus_packet] Field byte_count value 1967 outside constraints
[2026-05-18 13:43:51,241][WARNING][modbus_packet] Field byte_count value 1967 outside constraints
[2026-05-18 13:43:51,256][WARNING][modbus_packet] Field byte_count value 1967 outside constraints
[2026-05-18 13:43:51,270][WARNING][modbus_packet] Field byte_count value 1967 outside constraints
[2026-05-18 13:43:51,283][WARNING][modbus_packet] Field byte_count value 1967 outside constraints
[2026-05-18 13:43:51,297][WARNING][modbus_packet] Field byte_count value 1967 outside constraints
[2026-05-18 13:43:51,312][WARNING][modbus_packet] Field byte_count value 1967 outside constraints
[2026-05-18 13:43:51,325][WARNING][modbus_packet] Field byte_count value 1967 outside constraints
[2026-05-18 13:43:51,339][WARNING][modbus_packet] Field byte_count value 1967 outside constraints
[2026-05-18 13:43:51,353][WARNING][modbus_packet] Field byte_count value 1967 outside constraints
[2026-05-18 13:43:51,368][WARNING][modbus_packet] Field byte_count value 1967 outside constraints
[2026-05-18 13:43:51,383][WARNING][modbus_packet] Field byte_count value 1967 outside constraints
[2026-05-18 13:43:51,397][WARNING][modbus_packet] Field byte_count value 1967 outside constraints
[2026-05-18 13:43:51,411][WARNING][modbus_packet] Field byte_count value 1967 outside constraints
[2026-05-18 13:43:51,425][WARNING][modbus_packet] Field byte_count value 1967 outside constraints
[2026-05-18 13:43:51,440][WARNING][modbus_packet] Field byte_count value 1967 outside constraints
[2026-05-18 13:43:51,454][WARNING][modbus_packet] Field byte_count value 1967 outside constraints
[2026-05-18 13:43:51,468][WARNING][modbus_packet] Field byte_count value 1967 outside constraints
[2026-05-18 13:43:51,482][WARNING][modbus_packet] Field byte_count value 1967 outside constraints
[2026-05-18 13:43:51,496][WARNING][modbus_packet] Field byte_count value 1967 outside constraints
[2026-05-18 13:43:51,510][WARNING][modbus_packet] Field byte_count value 1967 outside constraints
[2026-05-18 13:43:51,524][WARNING][modbus_packet] Field byte_count value 1967 outside constraints
[2026-05-18 13:43:51,538][WARNING][modbus_packet] Field byte_count value 1967 outside constraints
[2026-05-18 13:43:51,551][WARNING][modbus_packet] Field byte_count value 1967 outside constraints
[2026-05-18 13:43:51,565][WARNING][modbus_packet] Field byte_count value 1967 outside constraints
[2026-05-18 13:43:51,579][WARNING][modbus_packet] Field byte_count value 1967 outside constraints
[2026-05-18 13:43:51,593][WARNING][modbus_packet] Field byte_count value 1967 outside constraints
[2026-05-18 13:43:51,607][WARNING][modbus_packet] Field byte_count value 1967 outside constraints
[2026-05-18 13:43:51,620][WARNING][modbus_packet] Field byte_count value 1967 outside constraints
[2026-05-18 13:43:51,634][WARNING][modbus_packet] Field byte_count value 1967 outside constraints
[2026-05-18 13:43:51,648][WARNING][modbus_packet] Field byte_count value 1967 outside constraints
[2026-05-18 13:43:51,662][WARNING][modbus_packet] Field byte_count value 1967 outside constraints
[2026-05-18 13:43:51,676][WARNING][modbus_packet] Field byte_count value 1967 outside constraints
[2026-05-18 13:43:51,690][WARNING][modbus_packet] Field byte_count value 1967 outside constraints
[2026-05-18 13:43:51,704][WARNING][modbus_packet] Field byte_count value 1967 outside constraints
[2026-05-18 13:43:51,718][WARNING][modbus_packet] Field byte_count value 1967 outside constraints
[2026-05-18 13:43:51,732][WARNING][modbus_packet] Field byte_count value 1967 outside constraints
[2026-05-18 13:43:51,745][WARNING][modbus_packet] Field byte_count value 1967 outside constraints
[2026-05-18 13:43:51,759][WARNING][modbus_packet] Field byte_count value 1967 outside constraints
[2026-05-18 13:43:51,773][WARNING][modbus_packet] Field byte_count value 1968 outside constraints
[2026-05-18 13:43:51,787][WARNING][modbus_packet] Field byte_count value 1968 outside constraints
[2026-05-18 13:43:51,802][WARNING][modbus_packet] Field byte_count value 1968 outside constraints
[2026-05-18 13:43:51,816][WARNING][modbus_packet] Field byte_count value 1968 outside constraints
[2026-05-18 13:43:51,830][WARNING][modbus_packet] Field byte_count value 1968 outside constraints
[2026-05-18 13:43:51,844][WARNING][modbus_packet] Field byte_count value 1968 outside constraints
[2026-05-18 13:43:51,858][WARNING][modbus_packet] Field byte_count value 1968 outside constraints
[2026-05-18 13:43:51,872][WARNING][modbus_packet] Field byte_count value 1968 outside constraints
[2026-05-18 13:43:51,886][WARNING][modbus_packet] Field byte_count value 1968 outside constraints
[2026-05-18 13:43:51,900][WARNING][modbus_packet] Field byte_count value 1968 outside constraints
[2026-05-18 13:43:51,914][WARNING][modbus_packet] Field byte_count value 1968 outside constraints
[2026-05-18 13:43:51,928][WARNING][modbus_packet] Field byte_count value 1968 outside constraints
[2026-05-18 13:43:51,941][WARNING][modbus_packet] Field byte_count value 1968 outside constraints
[2026-05-18 13:43:51,955][WARNING][modbus_packet] Field byte_count value 1968 outside constraints
[2026-05-18 13:43:51,969][WARNING][modbus_packet] Field byte_count value 1968 outside constraints
[2026-05-18 13:43:51,982][WARNING][modbus_packet] Field byte_count value 1968 outside constraints
[2026-05-18 13:43:51,996][WARNING][modbus_packet] Field byte_count value 1968 outside constraints
[2026-05-18 13:43:52,010][WARNING][modbus_packet] Field byte_count value 1968 outside constraints
[2026-05-18 13:43:52,024][WARNING][modbus_packet] Field byte_count value 1968 outside constraints
[2026-05-18 13:43:52,037][WARNING][modbus_packet] Field byte_count value 1968 outside constraints
[2026-05-18 13:43:52,051][WARNING][modbus_packet] Field byte_count value 1968 outside constraints
[2026-05-18 13:43:52,064][WARNING][modbus_packet] Field byte_count value 1968 outside constraints
[2026-05-18 13:43:52,078][WARNING][modbus_packet] Field byte_count value 1968 outside constraints
[2026-05-18 13:43:52,091][WARNING][modbus_packet] Field byte_count value 1968 outside constraints
[2026-05-18 13:43:52,105][WARNING][modbus_packet] Field byte_count value 1968 outside constraints
[2026-05-18 13:43:52,119][WARNING][modbus_packet] Field byte_count value 1968 outside constraints
[2026-05-18 13:43:52,133][WARNING][modbus_packet] Field byte_count value 1968 outside constraints
[2026-05-18 13:43:52,146][WARNING][modbus_packet] Field byte_count value 1968 outside constraints
[2026-05-18 13:43:52,160][WARNING][modbus_packet] Field byte_count value 1968 outside constraints
[2026-05-18 13:43:52,173][WARNING][modbus_packet] Field byte_count value 1968 outside constraints
[2026-05-18 13:43:52,187][WARNING][modbus_packet] Field byte_count value 1968 outside constraints
[2026-05-18 13:43:52,200][WARNING][modbus_packet] Field byte_count value 1968 outside constraints
[2026-05-18 13:43:52,214][WARNING][modbus_packet] Field byte_count value 1968 outside constraints
[2026-05-18 13:43:52,228][WARNING][modbus_packet] Field byte_count value 1968 outside constraints
[2026-05-18 13:43:52,243][WARNING][modbus_packet] Field byte_count value 1968 outside constraints
[2026-05-18 13:43:52,257][WARNING][modbus_packet] Field byte_count value 1968 outside constraints
[2026-05-18 13:43:52,270][WARNING][modbus_packet] Field byte_count value 1968 outside constraints
[2026-05-18 13:43:52,284][WARNING][modbus_packet] Field byte_count value 1968 outside constraints
[2026-05-18 13:43:52,298][WARNING][modbus_packet] Field byte_count value 1968 outside constraints
[2026-05-18 13:43:52,312][WARNING][modbus_packet] Field byte_count value 1968 outside constraints
[2026-05-18 13:43:53,408][WARNING][modbus_packet] Field byte_count value 255 outside constraints
[2026-05-18 13:43:53,422][WARNING][modbus_packet] Field byte_count value 255 outside constraints
[2026-05-18 13:43:53,436][WARNING][modbus_packet] Field byte_count value 255 outside constraints
[2026-05-18 13:43:53,450][WARNING][modbus_packet] Field byte_count value 255 outside constraints
[2026-05-18 13:43:53,463][WARNING][modbus_packet] Field byte_count value 255 outside constraints
[2026-05-18 13:43:53,477][WARNING][modbus_packet] Field byte_count value 255 outside constraints
[2026-05-18 13:43:53,490][WARNING][modbus_packet] Field byte_count value 255 outside constraints
[2026-05-18 13:43:53,504][WARNING][modbus_packet] Field byte_count value 255 outside constraints
[2026-05-18 13:43:53,518][WARNING][modbus_packet] Field byte_count value 255 outside constraints
[2026-05-18 13:43:53,532][WARNING][modbus_packet] Field byte_count value 255 outside constraints
[2026-05-18 13:43:53,545][WARNING][modbus_packet] Field byte_count value 255 outside constraints
[2026-05-18 13:43:53,559][WARNING][modbus_packet] Field byte_count value 255 outside constraints
[2026-05-18 13:43:53,573][WARNING][modbus_packet] Field byte_count value 255 outside constraints
[2026-05-18 13:43:53,587][WARNING][modbus_packet] Field byte_count value 255 outside constraints
[2026-05-18 13:43:53,601][WARNING][modbus_packet] Field byte_count value 255 outside constraints
[2026-05-18 13:43:53,615][WARNING][modbus_packet] Field byte_count value 255 outside constraints
[2026-05-18 13:43:53,629][WARNING][modbus_packet] Field byte_count value 255 outside constraints
[2026-05-18 13:43:53,643][WARNING][modbus_packet] Field byte_count value 255 outside constraints
[2026-05-18 13:43:53,658][WARNING][modbus_packet] Field byte_count value 255 outside constraints
[2026-05-18 13:43:53,672][WARNING][modbus_packet] Field byte_count value 255 outside constraints
[2026-05-18 13:43:53,686][WARNING][modbus_packet] Field byte_count value 255 outside constraints
[2026-05-18 13:43:53,700][WARNING][modbus_packet] Field byte_count value 255 outside constraints
[2026-05-18 13:43:53,713][WARNING][modbus_packet] Field byte_count value 255 outside constraints
[2026-05-18 13:43:53,727][WARNING][modbus_packet] Field byte_count value 255 outside constraints
[2026-05-18 13:43:53,741][WARNING][modbus_packet] Field byte_count value 255 outside constraints
[2026-05-18 13:43:53,755][WARNING][modbus_packet] Field byte_count value 255 outside constraints
[2026-05-18 13:43:53,769][WARNING][modbus_packet] Field byte_count value 255 outside constraints
[2026-05-18 13:43:53,783][WARNING][modbus_packet] Field byte_count value 255 outside constraints
[2026-05-18 13:43:53,797][WARNING][modbus_packet] Field byte_count value 255 outside constraints
[2026-05-18 13:43:53,810][WARNING][modbus_packet] Field byte_count value 255 outside constraints
[2026-05-18 13:43:53,824][WARNING][modbus_packet] Field byte_count value 255 outside constraints
[2026-05-18 13:43:53,837][WARNING][modbus_packet] Field byte_count value 255 outside constraints
[2026-05-18 13:43:53,850][WARNING][modbus_packet] Field byte_count value 255 outside constraints
[2026-05-18 13:43:53,865][WARNING][modbus_packet] Field byte_count value 255 outside constraints
[2026-05-18 13:43:53,879][WARNING][modbus_packet] Field byte_count value 255 outside constraints
[2026-05-18 13:43:53,893][WARNING][modbus_packet] Field byte_count value 255 outside constraints
[2026-05-18 13:43:53,906][WARNING][modbus_packet] Field byte_count value 255 outside constraints
[2026-05-18 13:43:53,920][WARNING][modbus_packet] Field byte_count value 255 outside constraints
[2026-05-18 13:43:53,934][WARNING][modbus_packet] Field byte_count value 255 outside constraints
[2026-05-18 13:43:53,948][WARNING][modbus_packet] Field byte_count value 255 outside constraints
[2026-05-18 13:43:53,961][WARNING][modbus_packet] Field byte_count value 256 outside constraints
[2026-05-18 13:43:53,975][WARNING][modbus_packet] Field byte_count value 256 outside constraints
[2026-05-18 13:43:53,990][WARNING][modbus_packet] Field byte_count value 256 outside constraints
[2026-05-18 13:43:54,004][WARNING][modbus_packet] Field byte_count value 256 outside constraints
[2026-05-18 13:43:54,017][WARNING][modbus_packet] Field byte_count value 256 outside constraints
[2026-05-18 13:43:54,031][WARNING][modbus_packet] Field byte_count value 256 outside constraints
[2026-05-18 13:43:54,045][WARNING][modbus_packet] Field byte_count value 256 outside constraints
[2026-05-18 13:43:54,059][WARNING][modbus_packet] Field byte_count value 256 outside constraints
[2026-05-18 13:43:54,073][WARNING][modbus_packet] Field byte_count value 256 outside constraints
[2026-05-18 13:43:54,086][WARNING][modbus_packet] Field byte_count value 256 outside constraints
[2026-05-18 13:43:54,101][WARNING][modbus_packet] Field byte_count value 256 outside constraints
[2026-05-18 13:43:54,116][WARNING][modbus_packet] Field byte_count value 256 outside constraints
[2026-05-18 13:43:54,130][WARNING][modbus_packet] Field byte_count value 256 outside constraints
[2026-05-18 13:43:54,144][WARNING][modbus_packet] Field byte_count value 256 outside constraints
[2026-05-18 13:43:54,158][WARNING][modbus_packet] Field byte_count value 256 outside constraints
[2026-05-18 13:43:54,171][WARNING][modbus_packet] Field byte_count value 256 outside constraints
[2026-05-18 13:43:54,186][WARNING][modbus_packet] Field byte_count value 256 outside constraints
[2026-05-18 13:43:54,200][WARNING][modbus_packet] Field byte_count value 256 outside constraints
[2026-05-18 13:43:54,213][WARNING][modbus_packet] Field byte_count value 256 outside constraints
[2026-05-18 13:43:54,227][WARNING][modbus_packet] Field byte_count value 256 outside constraints
[2026-05-18 13:43:54,240][WARNING][modbus_packet] Field byte_count value 256 outside constraints
[2026-05-18 13:43:54,254][WARNING][modbus_packet] Field byte_count value 256 outside constraints
[2026-05-18 13:43:54,267][WARNING][modbus_packet] Field byte_count value 256 outside constraints
[2026-05-18 13:43:54,281][WARNING][modbus_packet] Field byte_count value 256 outside constraints
[2026-05-18 13:43:54,295][WARNING][modbus_packet] Field byte_count value 256 outside constraints
[2026-05-18 13:43:54,311][WARNING][modbus_packet] Field byte_count value 256 outside constraints
[2026-05-18 13:43:54,324][WARNING][modbus_packet] Field byte_count value 256 outside constraints
[2026-05-18 13:43:54,338][WARNING][modbus_packet] Field byte_count value 256 outside constraints
[2026-05-18 13:43:54,352][WARNING][modbus_packet] Field byte_count value 256 outside constraints
[2026-05-18 13:43:54,366][WARNING][modbus_packet] Field byte_count value 256 outside constraints
[2026-05-18 13:43:54,379][WARNING][modbus_packet] Field byte_count value 256 outside constraints
[2026-05-18 13:43:54,393][WARNING][modbus_packet] Field byte_count value 256 outside constraints
[2026-05-18 13:43:54,407][WARNING][modbus_packet] Field byte_count value 256 outside constraints
[2026-05-18 13:43:54,421][WARNING][modbus_packet] Field byte_count value 256 outside constraints
[2026-05-18 13:43:54,435][WARNING][modbus_packet] Field byte_count value 256 outside constraints
[2026-05-18 13:43:54,449][WARNING][modbus_packet] Field byte_count value 256 outside constraints
[2026-05-18 13:43:54,462][WARNING][modbus_packet] Field byte_count value 256 outside constraints
[2026-05-18 13:43:54,475][WARNING][modbus_packet] Field byte_count value 256 outside constraints
[2026-05-18 13:43:54,489][WARNING][modbus_packet] Field byte_count value 256 outside constraints
[2026-05-18 13:43:54,502][WARNING][modbus_packet] Field byte_count value 256 outside constraints
[2026-05-18 13:43:54,516][WARNING][modbus_packet] Field byte_count value 1967 outside constraints
[2026-05-18 13:43:54,532][WARNING][modbus_packet] Field byte_count value 1967 outside constraints
[2026-05-18 13:43:54,546][WARNING][modbus_packet] Field byte_count value 1967 outside constraints
[2026-05-18 13:43:54,559][WARNING][modbus_packet] Field byte_count value 1967 outside constraints
[2026-05-18 13:43:54,573][WARNING][modbus_packet] Field byte_count value 1967 outside constraints
[2026-05-18 13:43:54,586][WARNING][modbus_packet] Field byte_count value 1967 outside constraints
[2026-05-18 13:43:54,600][WARNING][modbus_packet] Field byte_count value 1967 outside constraints
[2026-05-18 13:43:54,614][WARNING][modbus_packet] Field byte_count value 1967 outside constraints
[2026-05-18 13:43:54,628][WARNING][modbus_packet] Field byte_count value 1967 outside constraints
[2026-05-18 13:43:54,642][WARNING][modbus_packet] Field byte_count value 1967 outside constraints
[2026-05-18 13:43:54,656][WARNING][modbus_packet] Field byte_count value 1967 outside constraints
[2026-05-18 13:43:54,669][WARNING][modbus_packet] Field byte_count value 1967 outside constraints
[2026-05-18 13:43:54,683][WARNING][modbus_packet] Field byte_count value 1967 outside constraints
[2026-05-18 13:43:54,696][WARNING][modbus_packet] Field byte_count value 1967 outside constraints
[2026-05-18 13:43:54,709][WARNING][modbus_packet] Field byte_count value 1967 outside constraints
[2026-05-18 13:43:54,723][WARNING][modbus_packet] Field byte_count value 1967 outside constraints
[2026-05-18 13:43:54,737][WARNING][modbus_packet] Field byte_count value 1967 outside constraints
[2026-05-18 13:43:54,751][WARNING][modbus_packet] Field byte_count value 1967 outside constraints
[2026-05-18 13:43:54,764][WARNING][modbus_packet] Field byte_count value 1967 outside constraints
[2026-05-18 13:43:54,778][WARNING][modbus_packet] Field byte_count value 1967 outside constraints
[2026-05-18 13:43:54,791][WARNING][modbus_packet] Field byte_count value 1967 outside constraints
[2026-05-18 13:43:54,805][WARNING][modbus_packet] Field byte_count value 1967 outside constraints
[2026-05-18 13:43:54,818][WARNING][modbus_packet] Field byte_count value 1967 outside constraints
[2026-05-18 13:43:54,831][WARNING][modbus_packet] Field byte_count value 1967 outside constraints
[2026-05-18 13:43:54,845][WARNING][modbus_packet] Field byte_count value 1967 outside constraints
[2026-05-18 13:43:54,859][WARNING][modbus_packet] Field byte_count value 1967 outside constraints
[2026-05-18 13:43:54,873][WARNING][modbus_packet] Field byte_count value 1967 outside constraints
[2026-05-18 13:43:54,887][WARNING][modbus_packet] Field byte_count value 1967 outside constraints
[2026-05-18 13:43:54,901][WARNING][modbus_packet] Field byte_count value 1967 outside constraints
[2026-05-18 13:43:54,915][WARNING][modbus_packet] Field byte_count value 1967 outside constraints
[2026-05-18 13:43:54,929][WARNING][modbus_packet] Field byte_count value 1967 outside constraints
[2026-05-18 13:43:54,943][WARNING][modbus_packet] Field byte_count value 1967 outside constraints
[2026-05-18 13:43:54,957][WARNING][modbus_packet] Field byte_count value 1967 outside constraints
[2026-05-18 13:43:54,972][WARNING][modbus_packet] Field byte_count value 1967 outside constraints
[2026-05-18 13:43:54,987][WARNING][modbus_packet] Field byte_count value 1967 outside constraints
[2026-05-18 13:43:55,000][WARNING][modbus_packet] Field byte_count value 1967 outside constraints
[2026-05-18 13:43:55,014][WARNING][modbus_packet] Field byte_count value 1967 outside constraints
[2026-05-18 13:43:55,028][WARNING][modbus_packet] Field byte_count value 1967 outside constraints
[2026-05-18 13:43:55,042][WARNING][modbus_packet] Field byte_count value 1967 outside constraints
[2026-05-18 13:43:55,056][WARNING][modbus_packet] Field byte_count value 1967 outside constraints
[2026-05-18 13:43:55,073][WARNING][modbus_packet] Field byte_count value 1968 outside constraints
[2026-05-18 13:43:55,086][WARNING][modbus_packet] Field byte_count value 1968 outside constraints
[2026-05-18 13:43:55,100][WARNING][modbus_packet] Field byte_count value 1968 outside constraints
[2026-05-18 13:43:55,113][WARNING][modbus_packet] Field byte_count value 1968 outside constraints
[2026-05-18 13:43:55,127][WARNING][modbus_packet] Field byte_count value 1968 outside constraints
[2026-05-18 13:43:55,141][WARNING][modbus_packet] Field byte_count value 1968 outside constraints
[2026-05-18 13:43:55,154][WARNING][modbus_packet] Field byte_count value 1968 outside constraints
[2026-05-18 13:43:55,169][WARNING][modbus_packet] Field byte_count value 1968 outside constraints
[2026-05-18 13:43:55,183][WARNING][modbus_packet] Field byte_count value 1968 outside constraints
[2026-05-18 13:43:55,196][WARNING][modbus_packet] Field byte_count value 1968 outside constraints
[2026-05-18 13:43:55,209][WARNING][modbus_packet] Field byte_count value 1968 outside constraints
[2026-05-18 13:43:55,223][WARNING][modbus_packet] Field byte_count value 1968 outside constraints
[2026-05-18 13:43:55,236][WARNING][modbus_packet] Field byte_count value 1968 outside constraints
[2026-05-18 13:43:55,249][WARNING][modbus_packet] Field byte_count value 1968 outside constraints
[2026-05-18 13:43:55,263][WARNING][modbus_packet] Field byte_count value 1968 outside constraints
[2026-05-18 13:43:55,277][WARNING][modbus_packet] Field byte_count value 1968 outside constraints
[2026-05-18 13:43:55,291][WARNING][modbus_packet] Field byte_count value 1968 outside constraints
[2026-05-18 13:43:55,305][WARNING][modbus_packet] Field byte_count value 1968 outside constraints
[2026-05-18 13:43:55,319][WARNING][modbus_packet] Field byte_count value 1968 outside constraints
[2026-05-18 13:43:55,334][WARNING][modbus_packet] Field byte_count value 1968 outside constraints
[2026-05-18 13:43:55,348][WARNING][modbus_packet] Field byte_count value 1968 outside constraints
[2026-05-18 13:43:55,361][WARNING][modbus_packet] Field byte_count value 1968 outside constraints
[2026-05-18 13:43:55,375][WARNING][modbus_packet] Field byte_count value 1968 outside constraints
[2026-05-18 13:43:55,389][WARNING][modbus_packet] Field byte_count value 1968 outside constraints
[2026-05-18 13:43:55,404][WARNING][modbus_packet] Field byte_count value 1968 outside constraints
[2026-05-18 13:43:55,418][WARNING][modbus_packet] Field byte_count value 1968 outside constraints
[2026-05-18 13:43:55,433][WARNING][modbus_packet] Field byte_count value 1968 outside constraints
[2026-05-18 13:43:55,446][WARNING][modbus_packet] Field byte_count value 1968 outside constraints
[2026-05-18 13:43:55,460][WARNING][modbus_packet] Field byte_count value 1968 outside constraints
[2026-05-18 13:43:55,473][WARNING][modbus_packet] Field byte_count value 1968 outside constraints
[2026-05-18 13:43:55,487][WARNING][modbus_packet] Field byte_count value 1968 outside constraints
[2026-05-18 13:43:55,501][WARNING][modbus_packet] Field byte_count value 1968 outside constraints
[2026-05-18 13:43:55,515][WARNING][modbus_packet] Field byte_count value 1968 outside constraints
[2026-05-18 13:43:55,528][WARNING][modbus_packet] Field byte_count value 1968 outside constraints
[2026-05-18 13:43:55,542][WARNING][modbus_packet] Field byte_count value 1968 outside constraints
[2026-05-18 13:43:55,555][WARNING][modbus_packet] Field byte_count value 1968 outside constraints
[2026-05-18 13:43:55,571][WARNING][modbus_packet] Field byte_count value 1968 outside constraints
[2026-05-18 13:43:55,585][WARNING][modbus_packet] Field byte_count value 1968 outside constraints
[2026-05-18 13:43:55,599][WARNING][modbus_packet] Field byte_count value 1968 outside constraints
[2026-05-18 13:43:55,612][WARNING][modbus_packet] Field byte_count value 1968 outside constraints
[2026-05-18 13:43:56,722][WARNING][modbus_packet] Field byte_count value 255 outside constraints
[2026-05-18 13:43:56,736][WARNING][modbus_packet] Field byte_count value 255 outside constraints
[2026-05-18 13:43:56,750][WARNING][modbus_packet] Field byte_count value 255 outside constraints
[2026-05-18 13:43:56,764][WARNING][modbus_packet] Field byte_count value 255 outside constraints
[2026-05-18 13:43:56,778][WARNING][modbus_packet] Field byte_count value 255 outside constraints
[2026-05-18 13:43:56,792][WARNING][modbus_packet] Field byte_count value 255 outside constraints
[2026-05-18 13:43:56,806][WARNING][modbus_packet] Field byte_count value 255 outside constraints
[2026-05-18 13:43:56,820][WARNING][modbus_packet] Field byte_count value 255 outside constraints
[2026-05-18 13:43:56,834][WARNING][modbus_packet] Field byte_count value 255 outside constraints
[2026-05-18 13:43:56,847][WARNING][modbus_packet] Field byte_count value 255 outside constraints
[2026-05-18 13:43:56,861][WARNING][modbus_packet] Field byte_count value 255 outside constraints
[2026-05-18 13:43:56,874][WARNING][modbus_packet] Field byte_count value 255 outside constraints
[2026-05-18 13:43:56,888][WARNING][modbus_packet] Field byte_count value 255 outside constraints
[2026-05-18 13:43:56,902][WARNING][modbus_packet] Field byte_count value 255 outside constraints
[2026-05-18 13:43:56,916][WARNING][modbus_packet] Field byte_count value 255 outside constraints
[2026-05-18 13:43:56,930][WARNING][modbus_packet] Field byte_count value 255 outside constraints
[2026-05-18 13:43:56,943][WARNING][modbus_packet] Field byte_count value 255 outside constraints
[2026-05-18 13:43:56,957][WARNING][modbus_packet] Field byte_count value 255 outside constraints
[2026-05-18 13:43:56,971][WARNING][modbus_packet] Field byte_count value 255 outside constraints
[2026-05-18 13:43:56,984][WARNING][modbus_packet] Field byte_count value 255 outside constraints
[2026-05-18 13:43:56,998][WARNING][modbus_packet] Field byte_count value 255 outside constraints
[2026-05-18 13:43:57,012][WARNING][modbus_packet] Field byte_count value 255 outside constraints
[2026-05-18 13:43:57,026][WARNING][modbus_packet] Field byte_count value 255 outside constraints
[2026-05-18 13:43:57,039][WARNING][modbus_packet] Field byte_count value 255 outside constraints
[2026-05-18 13:43:57,053][WARNING][modbus_packet] Field byte_count value 255 outside constraints
[2026-05-18 13:43:57,067][WARNING][modbus_packet] Field byte_count value 255 outside constraints
[2026-05-18 13:43:57,081][WARNING][modbus_packet] Field byte_count value 255 outside constraints
[2026-05-18 13:43:57,094][WARNING][modbus_packet] Field byte_count value 255 outside constraints
[2026-05-18 13:43:57,108][WARNING][modbus_packet] Field byte_count value 255 outside constraints
[2026-05-18 13:43:57,122][WARNING][modbus_packet] Field byte_count value 255 outside constraints
[2026-05-18 13:43:57,136][WARNING][modbus_packet] Field byte_count value 255 outside constraints
[2026-05-18 13:43:57,152][WARNING][modbus_packet] Field byte_count value 255 outside constraints
[2026-05-18 13:43:57,166][WARNING][modbus_packet] Field byte_count value 255 outside constraints
[2026-05-18 13:43:57,181][WARNING][modbus_packet] Field byte_count value 255 outside constraints
[2026-05-18 13:43:57,195][WARNING][modbus_packet] Field byte_count value 255 outside constraints
[2026-05-18 13:43:57,209][WARNING][modbus_packet] Field byte_count value 255 outside constraints
[2026-05-18 13:43:57,223][WARNING][modbus_packet] Field byte_count value 255 outside constraints
[2026-05-18 13:43:57,237][WARNING][modbus_packet] Field byte_count value 255 outside constraints
[2026-05-18 13:43:57,251][WARNING][modbus_packet] Field byte_count value 255 outside constraints
[2026-05-18 13:43:57,266][WARNING][modbus_packet] Field byte_count value 255 outside constraints
[2026-05-18 13:43:57,281][WARNING][modbus_packet] Field byte_count value 256 outside constraints
[2026-05-18 13:43:57,295][WARNING][modbus_packet] Field byte_count value 256 outside constraints
[2026-05-18 13:43:57,309][WARNING][modbus_packet] Field byte_count value 256 outside constraints
[2026-05-18 13:43:57,323][WARNING][modbus_packet] Field byte_count value 256 outside constraints
[2026-05-18 13:43:57,337][WARNING][modbus_packet] Field byte_count value 256 outside constraints
[2026-05-18 13:43:57,352][WARNING][modbus_packet] Field byte_count value 256 outside constraints
[2026-05-18 13:43:57,367][WARNING][modbus_packet] Field byte_count value 256 outside constraints
[2026-05-18 13:43:57,380][WARNING][modbus_packet] Field byte_count value 256 outside constraints
[2026-05-18 13:43:57,394][WARNING][modbus_packet] Field byte_count value 256 outside constraints
[2026-05-18 13:43:57,407][WARNING][modbus_packet] Field byte_count value 256 outside constraints
[2026-05-18 13:43:57,421][WARNING][modbus_packet] Field byte_count value 256 outside constraints
[2026-05-18 13:43:57,434][WARNING][modbus_packet] Field byte_count value 256 outside constraints
[2026-05-18 13:43:57,448][WARNING][modbus_packet] Field byte_count value 256 outside constraints
[2026-05-18 13:43:57,462][WARNING][modbus_packet] Field byte_count value 256 outside constraints
[2026-05-18 13:43:57,476][WARNING][modbus_packet] Field byte_count value 256 outside constraints
[2026-05-18 13:43:57,490][WARNING][modbus_packet] Field byte_count value 256 outside constraints
[2026-05-18 13:43:57,504][WARNING][modbus_packet] Field byte_count value 256 outside constraints
[2026-05-18 13:43:57,517][WARNING][modbus_packet] Field byte_count value 256 outside constraints
[2026-05-18 13:43:57,531][WARNING][modbus_packet] Field byte_count value 256 outside constraints
[2026-05-18 13:43:57,545][WARNING][modbus_packet] Field byte_count value 256 outside constraints
[2026-05-18 13:43:57,559][WARNING][modbus_packet] Field byte_count value 256 outside constraints
[2026-05-18 13:43:57,573][WARNING][modbus_packet] Field byte_count value 256 outside constraints
[2026-05-18 13:43:57,588][WARNING][modbus_packet] Field byte_count value 256 outside constraints
[2026-05-18 13:43:57,603][WARNING][modbus_packet] Field byte_count value 256 outside constraints
[2026-05-18 13:43:57,617][WARNING][modbus_packet] Field byte_count value 256 outside constraints
[2026-05-18 13:43:57,631][WARNING][modbus_packet] Field byte_count value 256 outside constraints
[2026-05-18 13:43:57,644][WARNING][modbus_packet] Field byte_count value 256 outside constraints
[2026-05-18 13:43:57,658][WARNING][modbus_packet] Field byte_count value 256 outside constraints
[2026-05-18 13:43:57,671][WARNING][modbus_packet] Field byte_count value 256 outside constraints
[2026-05-18 13:43:57,685][WARNING][modbus_packet] Field byte_count value 256 outside constraints
[2026-05-18 13:43:57,699][WARNING][modbus_packet] Field byte_count value 256 outside constraints
[2026-05-18 13:43:57,712][WARNING][modbus_packet] Field byte_count value 256 outside constraints
[2026-05-18 13:43:57,726][WARNING][modbus_packet] Field byte_count value 256 outside constraints
[2026-05-18 13:43:57,739][WARNING][modbus_packet] Field byte_count value 256 outside constraints
[2026-05-18 13:43:57,753][WARNING][modbus_packet] Field byte_count value 256 outside constraints
[2026-05-18 13:43:57,766][WARNING][modbus_packet] Field byte_count value 256 outside constraints
[2026-05-18 13:43:57,781][WARNING][modbus_packet] Field byte_count value 256 outside constraints
[2026-05-18 13:43:57,795][WARNING][modbus_packet] Field byte_count value 256 outside constraints
[2026-05-18 13:43:57,809][WARNING][modbus_packet] Field byte_count value 256 outside constraints
[2026-05-18 13:43:57,823][WARNING][modbus_packet] Field byte_count value 256 outside constraints
[2026-05-18 13:43:57,837][WARNING][modbus_packet] Field byte_count value 1967 outside constraints
[2026-05-18 13:43:57,851][WARNING][modbus_packet] Field byte_count value 1967 outside constraints
[2026-05-18 13:43:57,865][WARNING][modbus_packet] Field byte_count value 1967 outside constraints
[2026-05-18 13:43:57,879][WARNING][modbus_packet] Field byte_count value 1967 outside constraints
[2026-05-18 13:43:57,893][WARNING][modbus_packet] Field byte_count value 1967 outside constraints
[2026-05-18 13:43:57,907][WARNING][modbus_packet] Field byte_count value 1967 outside constraints
[2026-05-18 13:43:57,921][WARNING][modbus_packet] Field byte_count value 1967 outside constraints
[2026-05-18 13:43:57,935][WARNING][modbus_packet] Field byte_count value 1967 outside constraints
[2026-05-18 13:43:57,949][WARNING][modbus_packet] Field byte_count value 1967 outside constraints
[2026-05-18 13:43:57,963][WARNING][modbus_packet] Field byte_count value 1967 outside constraints
[2026-05-18 13:43:57,979][WARNING][modbus_packet] Field byte_count value 1967 outside constraints
[2026-05-18 13:43:57,993][WARNING][modbus_packet] Field byte_count value 1967 outside constraints
[2026-05-18 13:43:58,008][WARNING][modbus_packet] Field byte_count value 1967 outside constraints
[2026-05-18 13:43:58,022][WARNING][modbus_packet] Field byte_count value 1967 outside constraints
[2026-05-18 13:43:58,036][WARNING][modbus_packet] Field byte_count value 1967 outside constraints
[2026-05-18 13:43:58,050][WARNING][modbus_packet] Field byte_count value 1967 outside constraints
[2026-05-18 13:43:58,068][WARNING][modbus_packet] Field byte_count value 1967 outside constraints
[2026-05-18 13:43:58,082][WARNING][modbus_packet] Field byte_count value 1967 outside constraints
[2026-05-18 13:43:58,095][WARNING][modbus_packet] Field byte_count value 1967 outside constraints
[2026-05-18 13:43:58,109][WARNING][modbus_packet] Field byte_count value 1967 outside constraints
[2026-05-18 13:43:58,123][WARNING][modbus_packet] Field byte_count value 1967 outside constraints
[2026-05-18 13:43:58,136][WARNING][modbus_packet] Field byte_count value 1967 outside constraints
[2026-05-18 13:43:58,150][WARNING][modbus_packet] Field byte_count value 1967 outside constraints
[2026-05-18 13:43:58,163][WARNING][modbus_packet] Field byte_count value 1967 outside constraints
[2026-05-18 13:43:58,176][WARNING][modbus_packet] Field byte_count value 1967 outside constraints
[2026-05-18 13:43:58,190][WARNING][modbus_packet] Field byte_count value 1967 outside constraints
[2026-05-18 13:43:58,203][WARNING][modbus_packet] Field byte_count value 1967 outside constraints
[2026-05-18 13:43:58,217][WARNING][modbus_packet] Field byte_count value 1967 outside constraints
[2026-05-18 13:43:58,232][WARNING][modbus_packet] Field byte_count value 1967 outside constraints
[2026-05-18 13:43:58,246][WARNING][modbus_packet] Field byte_count value 1967 outside constraints
[2026-05-18 13:43:58,259][WARNING][modbus_packet] Field byte_count value 1967 outside constraints
[2026-05-18 13:43:58,273][WARNING][modbus_packet] Field byte_count value 1967 outside constraints
[2026-05-18 13:43:58,287][WARNING][modbus_packet] Field byte_count value 1967 outside constraints
[2026-05-18 13:43:58,301][WARNING][modbus_packet] Field byte_count value 1967 outside constraints
[2026-05-18 13:43:58,315][WARNING][modbus_packet] Field byte_count value 1967 outside constraints
[2026-05-18 13:43:58,329][WARNING][modbus_packet] Field byte_count value 1967 outside constraints
[2026-05-18 13:43:58,342][WARNING][modbus_packet] Field byte_count value 1967 outside constraints
[2026-05-18 13:43:58,356][WARNING][modbus_packet] Field byte_count value 1967 outside constraints
[2026-05-18 13:43:58,370][WARNING][modbus_packet] Field byte_count value 1967 outside constraints
[2026-05-18 13:43:58,383][WARNING][modbus_packet] Field byte_count value 1967 outside constraints
[2026-05-18 13:43:58,397][WARNING][modbus_packet] Field byte_count value 1968 outside constraints
[2026-05-18 13:43:58,410][WARNING][modbus_packet] Field byte_count value 1968 outside constraints
[2026-05-18 13:43:58,424][WARNING][modbus_packet] Field byte_count value 1968 outside constraints
[2026-05-18 13:43:58,438][WARNING][modbus_packet] Field byte_count value 1968 outside constraints
[2026-05-18 13:43:58,453][WARNING][modbus_packet] Field byte_count value 1968 outside constraints
[2026-05-18 13:43:58,467][WARNING][modbus_packet] Field byte_count value 1968 outside constraints
[2026-05-18 13:43:58,481][WARNING][modbus_packet] Field byte_count value 1968 outside constraints
[2026-05-18 13:43:58,494][WARNING][modbus_packet] Field byte_count value 1968 outside constraints
[2026-05-18 13:43:58,508][WARNING][modbus_packet] Field byte_count value 1968 outside constraints
[2026-05-18 13:43:58,521][WARNING][modbus_packet] Field byte_count value 1968 outside constraints
[2026-05-18 13:43:58,535][WARNING][modbus_packet] Field byte_count value 1968 outside constraints
[2026-05-18 13:43:58,549][WARNING][modbus_packet] Field byte_count value 1968 outside constraints
[2026-05-18 13:43:58,565][WARNING][modbus_packet] Field byte_count value 1968 outside constraints
[2026-05-18 13:43:58,579][WARNING][modbus_packet] Field byte_count value 1968 outside constraints
[2026-05-18 13:43:58,593][WARNING][modbus_packet] Field byte_count value 1968 outside constraints
[2026-05-18 13:43:58,606][WARNING][modbus_packet] Field byte_count value 1968 outside constraints
[2026-05-18 13:43:58,620][WARNING][modbus_packet] Field byte_count value 1968 outside constraints
[2026-05-18 13:43:58,634][WARNING][modbus_packet] Field byte_count value 1968 outside constraints
[2026-05-18 13:43:58,648][WARNING][modbus_packet] Field byte_count value 1968 outside constraints
[2026-05-18 13:43:58,661][WARNING][modbus_packet] Field byte_count value 1968 outside constraints
[2026-05-18 13:43:58,675][WARNING][modbus_packet] Field byte_count value 1968 outside constraints
[2026-05-18 13:43:58,689][WARNING][modbus_packet] Field byte_count value 1968 outside constraints
[2026-05-18 13:43:58,702][WARNING][modbus_packet] Field byte_count value 1968 outside constraints
[2026-05-18 13:43:58,717][WARNING][modbus_packet] Field byte_count value 1968 outside constraints
[2026-05-18 13:43:58,730][WARNING][modbus_packet] Field byte_count value 1968 outside constraints
[2026-05-18 13:43:58,744][WARNING][modbus_packet] Field byte_count value 1968 outside constraints
[2026-05-18 13:43:58,758][WARNING][modbus_packet] Field byte_count value 1968 outside constraints
[2026-05-18 13:43:58,773][WARNING][modbus_packet] Field byte_count value 1968 outside constraints
[2026-05-18 13:43:58,787][WARNING][modbus_packet] Field byte_count value 1968 outside constraints
[2026-05-18 13:43:58,801][WARNING][modbus_packet] Field byte_count value 1968 outside constraints
[2026-05-18 13:43:58,815][WARNING][modbus_packet] Field byte_count value 1968 outside constraints
[2026-05-18 13:43:58,829][WARNING][modbus_packet] Field byte_count value 1968 outside constraints
[2026-05-18 13:43:58,843][WARNING][modbus_packet] Field byte_count value 1968 outside constraints
[2026-05-18 13:43:58,856][WARNING][modbus_packet] Field byte_count value 1968 outside constraints
[2026-05-18 13:43:58,871][WARNING][modbus_packet] Field byte_count value 1968 outside constraints
[2026-05-18 13:43:58,885][WARNING][modbus_packet] Field byte_count value 1968 outside constraints
[2026-05-18 13:43:58,900][WARNING][modbus_packet] Field byte_count value 1968 outside constraints
[2026-05-18 13:43:58,916][WARNING][modbus_packet] Field byte_count value 1968 outside constraints
[2026-05-18 13:43:58,929][WARNING][modbus_packet] Field byte_count value 1968 outside constraints
[2026-05-18 13:43:58,942][WARNING][modbus_packet] Field byte_count value 1968 outside constraints
[2026-05-18 13:43:58,979][WARNING][modbus_packet] Field byte_count value 1968 outside constraints
[2026-05-18 13:43:59,004][INFO][fuzzer_core] Fuzzing function code 10
[2026-05-18 13:43:59,004][INFO][modbus_packet] Generated 192 test cases for FC10
[2026-05-18 13:43:59,008][INFO][fuzzer_core] New response pattern: 16:False:None:4
[2026-05-18 13:43:59,074][INFO][fuzzer_core] New response pattern: 16:True:3:1
[2026-05-18 13:44:05,863][INFO][fuzzer_core] New response pattern: 16:True:2:1
[2026-05-18 13:44:17,435][INFO][fuzzer_core] Fuzzing function code 17
[2026-05-18 13:44:17,441][WARNING][modbus_packet] Too many combinations (6144), limiting to 1000
[2026-05-18 13:44:17,441][INFO][modbus_packet] Generated 1000 test cases for FC17
[2026-05-18 13:44:17,446][INFO][fuzzer_core] New response pattern: 23:True:1:1
[2026-05-18 13:44:44,002][INFO] Loaded configuration from config.yaml
[2026-05-18 13:44:44,003][DEBUG] Configuration validation passed
[2026-05-18 13:44:44,003][INFO][fuzzer_core] Starting fuzzing session against 192.168.60.3:502
[2026-05-18 13:44:44,003][INFO][fuzzer_core] Using strategies: ['grammar_based', 'boundary_values']
[2026-05-18 13:44:44,003][INFO][fuzzer_core] Fuzzing 12 function codes
[2026-05-18 13:44:44,003][INFO][fuzzer_core] Fuzzing function code 01
[2026-05-18 13:44:44,003][INFO][modbus_packet] Generated 48 test cases for FC01
[2026-05-18 13:44:44,008][INFO][modbus_connection] Connected to 192.168.60.3:502
[2026-05-18 13:44:44,089][INFO][fuzzer_core] New response pattern: 1:False:None:2
[2026-05-18 13:44:44,117][INFO][fuzzer_core] New response pattern: 1:False:None:33
[2026-05-18 13:44:44,145][INFO][fuzzer_core] New response pattern: 1:False:None:251
[2026-05-18 13:44:44,145][WARNING][fuzzer_core] Large response: 251 bytes
[2026-05-18 13:44:44,159][WARNING][fuzzer_core] Large response: 251 bytes
[2026-05-18 13:44:44,228][WARNING][fuzzer_core] Large response: 251 bytes
[2026-05-18 13:44:44,241][WARNING][fuzzer_core] Large response: 251 bytes
[2026-05-18 13:44:44,310][WARNING][fuzzer_core] Large response: 251 bytes
[2026-05-18 13:44:44,324][WARNING][fuzzer_core] Large response: 251 bytes
[2026-05-18 13:44:44,338][INFO][fuzzer_core] New response pattern: 1:True:2:1
[2026-05-18 13:44:44,788][INFO][fuzzer_core] Fuzzing function code 02
[2026-05-18 13:44:44,789][INFO][modbus_packet] Generated 48 test cases for FC02
[2026-05-18 13:44:44,793][INFO][fuzzer_core] New response pattern: 2:False:None:2
[2026-05-18 13:44:44,822][INFO][fuzzer_core] New response pattern: 2:False:None:33
[2026-05-18 13:44:44,849][INFO][fuzzer_core] New response pattern: 2:False:None:251
[2026-05-18 13:44:44,849][WARNING][fuzzer_core] Large response: 251 bytes
[2026-05-18 13:44:44,863][WARNING][fuzzer_core] Large response: 251 bytes
[2026-05-18 13:44:44,932][WARNING][fuzzer_core] Large response: 251 bytes
[2026-05-18 13:44:44,946][WARNING][fuzzer_core] Large response: 251 bytes
[2026-05-18 13:44:45,014][WARNING][fuzzer_core] Large response: 251 bytes
[2026-05-18 13:44:45,029][WARNING][fuzzer_core] Large response: 251 bytes
[2026-05-18 13:44:45,042][INFO][fuzzer_core] New response pattern: 2:True:2:1
[2026-05-18 13:44:45,491][INFO][fuzzer_core] Fuzzing function code 03
[2026-05-18 13:44:45,491][INFO][modbus_packet] Generated 32 test cases for FC03
[2026-05-18 13:44:45,495][INFO][fuzzer_core] New response pattern: 3:False:None:3
[2026-05-18 13:44:45,508][INFO][fuzzer_core] New response pattern: 3:False:None:5
[2026-05-18 13:44:45,521][INFO][fuzzer_core] New response pattern: 3:False:None:249
[2026-05-18 13:44:45,535][INFO][fuzzer_core] New response pattern: 3:False:None:251
[2026-05-18 13:44:45,535][WARNING][fuzzer_core] Large response: 251 bytes
[2026-05-18 13:44:45,589][WARNING][fuzzer_core] Large response: 251 bytes
[2026-05-18 13:44:45,644][WARNING][fuzzer_core] Large response: 251 bytes
[2026-05-18 13:44:45,658][INFO][fuzzer_core] New response pattern: 3:True:2:1
[2026-05-18 13:44:45,979][INFO][fuzzer_core] Fuzzing function code 04
[2026-05-18 13:44:45,979][INFO][modbus_packet] Generated 32 test cases for FC04
[2026-05-18 13:44:45,983][INFO][fuzzer_core] New response pattern: 4:False:None:3
[2026-05-18 13:44:46,002][INFO][fuzzer_core] New response pattern: 4:False:None:5
[2026-05-18 13:44:46,017][INFO][fuzzer_core] New response pattern: 4:False:None:249
[2026-05-18 13:44:46,031][INFO][fuzzer_core] New response pattern: 4:False:None:251
[2026-05-18 13:44:46,031][WARNING][fuzzer_core] Large response: 251 bytes
[2026-05-18 13:44:46,084][WARNING][fuzzer_core] Large response: 251 bytes
[2026-05-18 13:44:46,139][WARNING][fuzzer_core] Large response: 251 bytes
[2026-05-18 13:44:46,153][INFO][fuzzer_core] New response pattern: 4:True:2:1
[2026-05-18 13:44:46,469][INFO][fuzzer_core] Fuzzing function code 05
[2026-05-18 13:44:46,469][INFO][modbus_packet] Generated 64 test cases for FC05
[2026-05-18 13:44:46,472][INFO][fuzzer_core] New response pattern: 5:False:None:4
[2026-05-18 13:44:46,799][INFO][fuzzer_core] New response pattern: 5:True:2:1
[2026-05-18 13:44:47,392][INFO][fuzzer_core] Fuzzing function code 06
[2026-05-18 13:44:47,392][INFO][modbus_packet] Generated 64 test cases for FC06
[2026-05-18 13:44:47,397][INFO][fuzzer_core] New response pattern: 6:False:None:4
[2026-05-18 13:44:47,721][INFO][fuzzer_core] New response pattern: 6:True:2:1
[2026-05-18 13:44:48,317][INFO][fuzzer_core] Fuzzing function code 08
[2026-05-18 13:44:48,317][INFO][modbus_packet] Generated 64 test cases for FC08
[2026-05-18 13:44:48,321][INFO][fuzzer_core] New response pattern: 8:True:1:1
[2026-05-18 13:44:49,237][INFO][fuzzer_core] Fuzzing function code 0F
[2026-05-18 13:44:49,237][INFO][modbus_packet] Generated 288 test cases for FC0F
[2026-05-18 13:44:49,241][INFO][fuzzer_core] New response pattern: 15:False:None:4
[2026-05-18 13:44:49,787][INFO][fuzzer_core] New response pattern: 15:True:3:1
[2026-05-18 13:44:50,333][WARNING][modbus_packet] Field byte_count value 255 outside constraints
[2026-05-18 13:44:50,347][WARNING][modbus_packet] Field byte_count value 255 outside constraints
[2026-05-18 13:44:50,361][WARNING][modbus_packet] Field byte_count value 255 outside constraints
[2026-05-18 13:44:50,375][WARNING][modbus_packet] Field byte_count value 255 outside constraints
[2026-05-18 13:44:50,389][WARNING][modbus_packet] Field byte_count value 255 outside constraints
[2026-05-18 13:44:50,403][WARNING][modbus_packet] Field byte_count value 255 outside constraints
[2026-05-18 13:44:50,417][WARNING][modbus_packet] Field byte_count value 255 outside constraints
[2026-05-18 13:44:50,430][WARNING][modbus_packet] Field byte_count value 255 outside constraints
[2026-05-18 13:44:50,444][WARNING][modbus_packet] Field byte_count value 255 outside constraints
[2026-05-18 13:44:50,458][WARNING][modbus_packet] Field byte_count value 255 outside constraints
[2026-05-18 13:44:50,471][WARNING][modbus_packet] Field byte_count value 255 outside constraints
[2026-05-18 13:44:50,486][WARNING][modbus_packet] Field byte_count value 255 outside constraints
[2026-05-18 13:44:50,501][WARNING][modbus_packet] Field byte_count value 255 outside constraints
[2026-05-18 13:44:50,514][WARNING][modbus_packet] Field byte_count value 255 outside constraints
[2026-05-18 13:44:50,528][WARNING][modbus_packet] Field byte_count value 255 outside constraints
[2026-05-18 13:44:50,542][WARNING][modbus_packet] Field byte_count value 255 outside constraints
[2026-05-18 13:44:50,555][WARNING][modbus_packet] Field byte_count value 255 outside constraints
[2026-05-18 13:44:50,569][WARNING][modbus_packet] Field byte_count value 255 outside constraints
[2026-05-18 13:44:50,585][WARNING][modbus_packet] Field byte_count value 255 outside constraints
[2026-05-18 13:44:50,599][WARNING][modbus_packet] Field byte_count value 255 outside constraints
[2026-05-18 13:44:50,613][WARNING][modbus_packet] Field byte_count value 255 outside constraints
[2026-05-18 13:44:50,627][WARNING][modbus_packet] Field byte_count value 255 outside constraints
[2026-05-18 13:44:50,641][WARNING][modbus_packet] Field byte_count value 255 outside constraints
[2026-05-18 13:44:50,655][WARNING][modbus_packet] Field byte_count value 255 outside constraints
[2026-05-18 13:44:50,668][WARNING][modbus_packet] Field byte_count value 255 outside constraints
[2026-05-18 13:44:50,682][WARNING][modbus_packet] Field byte_count value 255 outside constraints
[2026-05-18 13:44:50,696][WARNING][modbus_packet] Field byte_count value 255 outside constraints
[2026-05-18 13:44:50,710][WARNING][modbus_packet] Field byte_count value 255 outside constraints
[2026-05-18 13:44:50,724][WARNING][modbus_packet] Field byte_count value 255 outside constraints
[2026-05-18 13:44:50,738][WARNING][modbus_packet] Field byte_count value 255 outside constraints
[2026-05-18 13:44:50,752][WARNING][modbus_packet] Field byte_count value 255 outside constraints
[2026-05-18 13:44:50,765][WARNING][modbus_packet] Field byte_count value 255 outside constraints
[2026-05-18 13:44:50,779][WARNING][modbus_packet] Field byte_count value 255 outside constraints
[2026-05-18 13:44:50,793][WARNING][modbus_packet] Field byte_count value 255 outside constraints
[2026-05-18 13:44:50,807][WARNING][modbus_packet] Field byte_count value 255 outside constraints
[2026-05-18 13:44:50,820][WARNING][modbus_packet] Field byte_count value 255 outside constraints
[2026-05-18 13:44:50,834][WARNING][modbus_packet] Field byte_count value 255 outside constraints
[2026-05-18 13:44:50,847][WARNING][modbus_packet] Field byte_count value 255 outside constraints
[2026-05-18 13:44:50,861][WARNING][modbus_packet] Field byte_count value 255 outside constraints
[2026-05-18 13:44:50,875][WARNING][modbus_packet] Field byte_count value 255 outside constraints
[2026-05-18 13:44:50,889][WARNING][modbus_packet] Field byte_count value 256 outside constraints
[2026-05-18 13:44:50,903][WARNING][modbus_packet] Field byte_count value 256 outside constraints
[2026-05-18 13:44:50,917][WARNING][modbus_packet] Field byte_count value 256 outside constraints
[2026-05-18 13:44:50,931][WARNING][modbus_packet] Field byte_count value 256 outside constraints
[2026-05-18 13:44:50,946][WARNING][modbus_packet] Field byte_count value 256 outside constraints
[2026-05-18 13:44:50,959][WARNING][modbus_packet] Field byte_count value 256 outside constraints
[2026-05-18 13:44:50,973][WARNING][modbus_packet] Field byte_count value 256 outside constraints
[2026-05-18 13:44:50,986][WARNING][modbus_packet] Field byte_count value 256 outside constraints
[2026-05-18 13:44:51,000][WARNING][modbus_packet] Field byte_count value 256 outside constraints
[2026-05-18 13:44:51,014][WARNING][modbus_packet] Field byte_count value 256 outside constraints
[2026-05-18 13:44:51,028][WARNING][modbus_packet] Field byte_count value 256 outside constraints
[2026-05-18 13:44:51,043][WARNING][modbus_packet] Field byte_count value 256 outside constraints
[2026-05-18 13:44:51,056][WARNING][modbus_packet] Field byte_count value 256 outside constraints
[2026-05-18 13:44:51,070][WARNING][modbus_packet] Field byte_count value 256 outside constraints
[2026-05-18 13:44:51,083][WARNING][modbus_packet] Field byte_count value 256 outside constraints
[2026-05-18 13:44:51,096][WARNING][modbus_packet] Field byte_count value 256 outside constraints
[2026-05-18 13:44:51,110][WARNING][modbus_packet] Field byte_count value 256 outside constraints
[2026-05-18 13:44:51,123][WARNING][modbus_packet] Field byte_count value 256 outside constraints
[2026-05-18 13:44:51,139][WARNING][modbus_packet] Field byte_count value 256 outside constraints
[2026-05-18 13:44:51,156][WARNING][modbus_packet] Field byte_count value 256 outside constraints
[2026-05-18 13:44:51,170][WARNING][modbus_packet] Field byte_count value 256 outside constraints
[2026-05-18 13:44:51,184][WARNING][modbus_packet] Field byte_count value 256 outside constraints
[2026-05-18 13:44:51,198][WARNING][modbus_packet] Field byte_count value 256 outside constraints
[2026-05-18 13:44:51,212][WARNING][modbus_packet] Field byte_count value 256 outside constraints
[2026-05-18 13:44:51,225][WARNING][modbus_packet] Field byte_count value 256 outside constraints
[2026-05-18 13:44:51,238][WARNING][modbus_packet] Field byte_count value 256 outside constraints
[2026-05-18 13:44:51,253][WARNING][modbus_packet] Field byte_count value 256 outside constraints
[2026-05-18 13:44:51,266][WARNING][modbus_packet] Field byte_count value 256 outside constraints
[2026-05-18 13:44:51,279][WARNING][modbus_packet] Field byte_count value 256 outside constraints
[2026-05-18 13:44:51,293][WARNING][modbus_packet] Field byte_count value 256 outside constraints
[2026-05-18 13:44:51,306][WARNING][modbus_packet] Field byte_count value 256 outside constraints
[2026-05-18 13:44:51,320][WARNING][modbus_packet] Field byte_count value 256 outside constraints
[2026-05-18 13:44:51,334][WARNING][modbus_packet] Field byte_count value 256 outside constraints
[2026-05-18 13:44:51,348][WARNING][modbus_packet] Field byte_count value 256 outside constraints
[2026-05-18 13:44:51,364][WARNING][modbus_packet] Field byte_count value 256 outside constraints
[2026-05-18 13:44:51,379][WARNING][modbus_packet] Field byte_count value 256 outside constraints
[2026-05-18 13:44:51,393][WARNING][modbus_packet] Field byte_count value 256 outside constraints
[2026-05-18 13:44:51,407][WARNING][modbus_packet] Field byte_count value 256 outside constraints
[2026-05-18 13:44:51,422][WARNING][modbus_packet] Field byte_count value 256 outside constraints
[2026-05-18 13:44:51,435][WARNING][modbus_packet] Field byte_count value 256 outside constraints
[2026-05-18 13:44:51,449][WARNING][modbus_packet] Field byte_count value 1967 outside constraints
[2026-05-18 13:44:51,464][WARNING][modbus_packet] Field byte_count value 1967 outside constraints
[2026-05-18 13:44:51,478][WARNING][modbus_packet] Field byte_count value 1967 outside constraints
[2026-05-18 13:44:51,492][WARNING][modbus_packet] Field byte_count value 1967 outside constraints
[2026-05-18 13:44:51,505][WARNING][modbus_packet] Field byte_count value 1967 outside constraints
[2026-05-18 13:44:51,519][WARNING][modbus_packet] Field byte_count value 1967 outside constraints
[2026-05-18 13:44:51,532][WARNING][modbus_packet] Field byte_count value 1967 outside constraints
[2026-05-18 13:44:51,546][WARNING][modbus_packet] Field byte_count value 1967 outside constraints
[2026-05-18 13:44:51,559][WARNING][modbus_packet] Field byte_count value 1967 outside constraints
[2026-05-18 13:44:51,574][WARNING][modbus_packet] Field byte_count value 1967 outside constraints
[2026-05-18 13:44:51,588][WARNING][modbus_packet] Field byte_count value 1967 outside constraints
[2026-05-18 13:44:51,602][WARNING][modbus_packet] Field byte_count value 1967 outside constraints
[2026-05-18 13:44:51,616][WARNING][modbus_packet] Field byte_count value 1967 outside constraints
[2026-05-18 13:44:51,629][WARNING][modbus_packet] Field byte_count value 1967 outside constraints
[2026-05-18 13:44:51,643][WARNING][modbus_packet] Field byte_count value 1967 outside constraints
[2026-05-18 13:44:51,657][WARNING][modbus_packet] Field byte_count value 1967 outside constraints
[2026-05-18 13:44:51,670][WARNING][modbus_packet] Field byte_count value 1967 outside constraints
[2026-05-18 13:44:51,684][WARNING][modbus_packet] Field byte_count value 1967 outside constraints
[2026-05-18 13:44:51,698][WARNING][modbus_packet] Field byte_count value 1967 outside constraints
[2026-05-18 13:44:51,711][WARNING][modbus_packet] Field byte_count value 1967 outside constraints
[2026-05-18 13:44:51,725][WARNING][modbus_packet] Field byte_count value 1967 outside constraints
[2026-05-18 13:44:51,739][WARNING][modbus_packet] Field byte_count value 1967 outside constraints
[2026-05-18 13:44:51,753][WARNING][modbus_packet] Field byte_count value 1967 outside constraints
[2026-05-18 13:44:51,767][WARNING][modbus_packet] Field byte_count value 1967 outside constraints
[2026-05-18 13:44:51,782][WARNING][modbus_packet] Field byte_count value 1967 outside constraints
[2026-05-18 13:44:51,797][WARNING][modbus_packet] Field byte_count value 1967 outside constraints
[2026-05-18 13:44:51,812][WARNING][modbus_packet] Field byte_count value 1967 outside constraints
[2026-05-18 13:44:51,826][WARNING][modbus_packet] Field byte_count value 1967 outside constraints
[2026-05-18 13:44:51,839][WARNING][modbus_packet] Field byte_count value 1967 outside constraints
[2026-05-18 13:44:51,853][WARNING][modbus_packet] Field byte_count value 1967 outside constraints
[2026-05-18 13:44:51,867][WARNING][modbus_packet] Field byte_count value 1967 outside constraints
[2026-05-18 13:44:51,880][WARNING][modbus_packet] Field byte_count value 1967 outside constraints
[2026-05-18 13:44:51,894][WARNING][modbus_packet] Field byte_count value 1967 outside constraints
[2026-05-18 13:44:51,908][WARNING][modbus_packet] Field byte_count value 1967 outside constraints
[2026-05-18 13:44:51,922][WARNING][modbus_packet] Field byte_count value 1967 outside constraints
[2026-05-18 13:44:51,935][WARNING][modbus_packet] Field byte_count value 1967 outside constraints
[2026-05-18 13:44:51,949][WARNING][modbus_packet] Field byte_count value 1967 outside constraints
[2026-05-18 13:44:51,962][WARNING][modbus_packet] Field byte_count value 1967 outside constraints
[2026-05-18 13:44:51,975][WARNING][modbus_packet] Field byte_count value 1967 outside constraints
[2026-05-18 13:44:51,989][WARNING][modbus_packet] Field byte_count value 1967 outside constraints
[2026-05-18 13:44:52,002][WARNING][modbus_packet] Field byte_count value 1968 outside constraints
[2026-05-18 13:44:52,017][WARNING][modbus_packet] Field byte_count value 1968 outside constraints
[2026-05-18 13:44:52,030][WARNING][modbus_packet] Field byte_count value 1968 outside constraints
[2026-05-18 13:44:52,044][WARNING][modbus_packet] Field byte_count value 1968 outside constraints
[2026-05-18 13:44:52,057][WARNING][modbus_packet] Field byte_count value 1968 outside constraints
[2026-05-18 13:44:52,071][WARNING][modbus_packet] Field byte_count value 1968 outside constraints
[2026-05-18 13:44:52,084][WARNING][modbus_packet] Field byte_count value 1968 outside constraints
[2026-05-18 13:44:52,097][WARNING][modbus_packet] Field byte_count value 1968 outside constraints
[2026-05-18 13:44:52,111][WARNING][modbus_packet] Field byte_count value 1968 outside constraints
[2026-05-18 13:44:52,125][WARNING][modbus_packet] Field byte_count value 1968 outside constraints
[2026-05-18 13:44:52,139][WARNING][modbus_packet] Field byte_count value 1968 outside constraints
[2026-05-18 13:44:52,152][WARNING][modbus_packet] Field byte_count value 1968 outside constraints
[2026-05-18 13:44:52,166][WARNING][modbus_packet] Field byte_count value 1968 outside constraints
[2026-05-18 13:44:52,179][WARNING][modbus_packet] Field byte_count value 1968 outside constraints
[2026-05-18 13:44:52,193][WARNING][modbus_packet] Field byte_count value 1968 outside constraints
[2026-05-18 13:44:52,206][WARNING][modbus_packet] Field byte_count value 1968 outside constraints
[2026-05-18 13:44:52,220][WARNING][modbus_packet] Field byte_count value 1968 outside constraints
[2026-05-18 13:44:52,235][WARNING][modbus_packet] Field byte_count value 1968 outside constraints
[2026-05-18 13:44:52,248][WARNING][modbus_packet] Field byte_count value 1968 outside constraints
[2026-05-18 13:44:52,262][WARNING][modbus_packet] Field byte_count value 1968 outside constraints
[2026-05-18 13:44:52,275][WARNING][modbus_packet] Field byte_count value 1968 outside constraints
[2026-05-18 13:44:52,289][WARNING][modbus_packet] Field byte_count value 1968 outside constraints
[2026-05-18 13:44:52,302][WARNING][modbus_packet] Field byte_count value 1968 outside constraints
[2026-05-18 13:44:52,316][WARNING][modbus_packet] Field byte_count value 1968 outside constraints
[2026-05-18 13:44:52,329][WARNING][modbus_packet] Field byte_count value 1968 outside constraints
[2026-05-18 13:44:52,345][WARNING][modbus_packet] Field byte_count value 1968 outside constraints
[2026-05-18 13:44:52,360][WARNING][modbus_packet] Field byte_count value 1968 outside constraints
[2026-05-18 13:44:52,373][WARNING][modbus_packet] Field byte_count value 1968 outside constraints
[2026-05-18 13:44:52,385][WARNING][modbus_packet] Field byte_count value 1968 outside constraints
[2026-05-18 13:44:52,398][WARNING][modbus_packet] Field byte_count value 1968 outside constraints
[2026-05-18 13:44:52,411][WARNING][modbus_packet] Field byte_count value 1968 outside constraints
[2026-05-18 13:44:52,424][WARNING][modbus_packet] Field byte_count value 1968 outside constraints
[2026-05-18 13:44:52,437][WARNING][modbus_packet] Field byte_count value 1968 outside constraints
[2026-05-18 13:44:52,450][WARNING][modbus_packet] Field byte_count value 1968 outside constraints
[2026-05-18 13:44:52,463][WARNING][modbus_packet] Field byte_count value 1968 outside constraints
[2026-05-18 13:44:52,477][WARNING][modbus_packet] Field byte_count value 1968 outside constraints
[2026-05-18 13:44:52,491][WARNING][modbus_packet] Field byte_count value 1968 outside constraints
[2026-05-18 13:44:52,504][WARNING][modbus_packet] Field byte_count value 1968 outside constraints
[2026-05-18 13:44:52,518][WARNING][modbus_packet] Field byte_count value 1968 outside constraints
[2026-05-18 13:44:52,532][WARNING][modbus_packet] Field byte_count value 1968 outside constraints
[2026-05-18 13:44:53,633][WARNING][modbus_packet] Field byte_count value 255 outside constraints
[2026-05-18 13:44:53,647][WARNING][modbus_packet] Field byte_count value 255 outside constraints
[2026-05-18 13:44:53,661][WARNING][modbus_packet] Field byte_count value 255 outside constraints
[2026-05-18 13:44:53,675][WARNING][modbus_packet] Field byte_count value 255 outside constraints
[2026-05-18 13:44:53,688][WARNING][modbus_packet] Field byte_count value 255 outside constraints
[2026-05-18 13:44:53,702][WARNING][modbus_packet] Field byte_count value 255 outside constraints
[2026-05-18 13:44:53,715][WARNING][modbus_packet] Field byte_count value 255 outside constraints
[2026-05-18 13:44:53,729][WARNING][modbus_packet] Field byte_count value 255 outside constraints
[2026-05-18 13:44:53,742][WARNING][modbus_packet] Field byte_count value 255 outside constraints
[2026-05-18 13:44:53,758][WARNING][modbus_packet] Field byte_count value 255 outside constraints
[2026-05-18 13:44:53,773][WARNING][modbus_packet] Field byte_count value 255 outside constraints
[2026-05-18 13:44:53,787][WARNING][modbus_packet] Field byte_count value 255 outside constraints
[2026-05-18 13:44:53,801][WARNING][modbus_packet] Field byte_count value 255 outside constraints
[2026-05-18 13:44:53,814][WARNING][modbus_packet] Field byte_count value 255 outside constraints
[2026-05-18 13:44:53,828][WARNING][modbus_packet] Field byte_count value 255 outside constraints
[2026-05-18 13:44:53,842][WARNING][modbus_packet] Field byte_count value 255 outside constraints
[2026-05-18 13:44:53,856][WARNING][modbus_packet] Field byte_count value 255 outside constraints
[2026-05-18 13:44:53,870][WARNING][modbus_packet] Field byte_count value 255 outside constraints
[2026-05-18 13:44:53,885][WARNING][modbus_packet] Field byte_count value 255 outside constraints
[2026-05-18 13:44:53,898][WARNING][modbus_packet] Field byte_count value 255 outside constraints
[2026-05-18 13:44:53,912][WARNING][modbus_packet] Field byte_count value 255 outside constraints
[2026-05-18 13:44:53,926][WARNING][modbus_packet] Field byte_count value 255 outside constraints
[2026-05-18 13:44:53,940][WARNING][modbus_packet] Field byte_count value 255 outside constraints
[2026-05-18 13:44:53,954][WARNING][modbus_packet] Field byte_count value 255 outside constraints
[2026-05-18 13:44:53,968][WARNING][modbus_packet] Field byte_count value 255 outside constraints
[2026-05-18 13:44:53,982][WARNING][modbus_packet] Field byte_count value 255 outside constraints
[2026-05-18 13:44:53,996][WARNING][modbus_packet] Field byte_count value 255 outside constraints
[2026-05-18 13:44:54,009][WARNING][modbus_packet] Field byte_count value 255 outside constraints
[2026-05-18 13:44:54,024][WARNING][modbus_packet] Field byte_count value 255 outside constraints
[2026-05-18 13:44:54,038][WARNING][modbus_packet] Field byte_count value 255 outside constraints
[2026-05-18 13:44:54,052][WARNING][modbus_packet] Field byte_count value 255 outside constraints
[2026-05-18 13:44:54,066][WARNING][modbus_packet] Field byte_count value 255 outside constraints
[2026-05-18 13:44:54,080][WARNING][modbus_packet] Field byte_count value 255 outside constraints
[2026-05-18 13:44:54,094][WARNING][modbus_packet] Field byte_count value 255 outside constraints
[2026-05-18 13:44:54,108][WARNING][modbus_packet] Field byte_count value 255 outside constraints
[2026-05-18 13:44:54,121][WARNING][modbus_packet] Field byte_count value 255 outside constraints
[2026-05-18 13:44:54,135][WARNING][modbus_packet] Field byte_count value 255 outside constraints
[2026-05-18 13:44:54,148][WARNING][modbus_packet] Field byte_count value 255 outside constraints
[2026-05-18 13:44:54,161][WARNING][modbus_packet] Field byte_count value 255 outside constraints
[2026-05-18 13:44:54,175][WARNING][modbus_packet] Field byte_count value 255 outside constraints
[2026-05-18 13:44:54,189][WARNING][modbus_packet] Field byte_count value 256 outside constraints
[2026-05-18 13:44:54,204][WARNING][modbus_packet] Field byte_count value 256 outside constraints
[2026-05-18 13:44:54,218][WARNING][modbus_packet] Field byte_count value 256 outside constraints
[2026-05-18 13:44:54,232][WARNING][modbus_packet] Field byte_count value 256 outside constraints
[2026-05-18 13:44:54,246][WARNING][modbus_packet] Field byte_count value 256 outside constraints
[2026-05-18 13:44:54,260][WARNING][modbus_packet] Field byte_count value 256 outside constraints
[2026-05-18 13:44:54,273][WARNING][modbus_packet] Field byte_count value 256 outside constraints
[2026-05-18 13:44:54,287][WARNING][modbus_packet] Field byte_count value 256 outside constraints
[2026-05-18 13:44:54,301][WARNING][modbus_packet] Field byte_count value 256 outside constraints
[2026-05-18 13:44:54,316][WARNING][modbus_packet] Field byte_count value 256 outside constraints
[2026-05-18 13:44:54,329][WARNING][modbus_packet] Field byte_count value 256 outside constraints
[2026-05-18 13:44:54,343][WARNING][modbus_packet] Field byte_count value 256 outside constraints
[2026-05-18 13:44:54,357][WARNING][modbus_packet] Field byte_count value 256 outside constraints
[2026-05-18 13:44:54,371][WARNING][modbus_packet] Field byte_count value 256 outside constraints
[2026-05-18 13:44:54,385][WARNING][modbus_packet] Field byte_count value 256 outside constraints
[2026-05-18 13:44:54,398][WARNING][modbus_packet] Field byte_count value 256 outside constraints
[2026-05-18 13:44:54,413][WARNING][modbus_packet] Field byte_count value 256 outside constraints
[2026-05-18 13:44:54,427][WARNING][modbus_packet] Field byte_count value 256 outside constraints
[2026-05-18 13:44:54,441][WARNING][modbus_packet] Field byte_count value 256 outside constraints
[2026-05-18 13:44:54,454][WARNING][modbus_packet] Field byte_count value 256 outside constraints
[2026-05-18 13:44:54,468][WARNING][modbus_packet] Field byte_count value 256 outside constraints
[2026-05-18 13:44:54,481][WARNING][modbus_packet] Field byte_count value 256 outside constraints
[2026-05-18 13:44:54,495][WARNING][modbus_packet] Field byte_count value 256 outside constraints
[2026-05-18 13:44:54,509][WARNING][modbus_packet] Field byte_count value 256 outside constraints
[2026-05-18 13:44:54,523][WARNING][modbus_packet] Field byte_count value 256 outside constraints
[2026-05-18 13:44:54,538][WARNING][modbus_packet] Field byte_count value 256 outside constraints
[2026-05-18 13:44:54,551][WARNING][modbus_packet] Field byte_count value 256 outside constraints
[2026-05-18 13:44:54,565][WARNING][modbus_packet] Field byte_count value 256 outside constraints
[2026-05-18 13:44:54,578][WARNING][modbus_packet] Field byte_count value 256 outside constraints
[2026-05-18 13:44:54,592][WARNING][modbus_packet] Field byte_count value 256 outside constraints
[2026-05-18 13:44:54,605][WARNING][modbus_packet] Field byte_count value 256 outside constraints
[2026-05-18 13:44:54,619][WARNING][modbus_packet] Field byte_count value 256 outside constraints
[2026-05-18 13:44:54,634][WARNING][modbus_packet] Field byte_count value 256 outside constraints
[2026-05-18 13:44:54,649][WARNING][modbus_packet] Field byte_count value 256 outside constraints
[2026-05-18 13:44:54,662][WARNING][modbus_packet] Field byte_count value 256 outside constraints
[2026-05-18 13:44:54,676][WARNING][modbus_packet] Field byte_count value 256 outside constraints
[2026-05-18 13:44:54,689][WARNING][modbus_packet] Field byte_count value 256 outside constraints
[2026-05-18 13:44:54,703][WARNING][modbus_packet] Field byte_count value 256 outside constraints
[2026-05-18 13:44:54,717][WARNING][modbus_packet] Field byte_count value 256 outside constraints
[2026-05-18 13:44:54,731][WARNING][modbus_packet] Field byte_count value 256 outside constraints
[2026-05-18 13:44:54,745][WARNING][modbus_packet] Field byte_count value 1967 outside constraints
[2026-05-18 13:44:54,758][WARNING][modbus_packet] Field byte_count value 1967 outside constraints
[2026-05-18 13:44:54,772][WARNING][modbus_packet] Field byte_count value 1967 outside constraints
[2026-05-18 13:44:54,786][WARNING][modbus_packet] Field byte_count value 1967 outside constraints
[2026-05-18 13:44:54,800][WARNING][modbus_packet] Field byte_count value 1967 outside constraints
[2026-05-18 13:44:54,815][WARNING][modbus_packet] Field byte_count value 1967 outside constraints
[2026-05-18 13:44:54,829][WARNING][modbus_packet] Field byte_count value 1967 outside constraints
[2026-05-18 13:44:54,843][WARNING][modbus_packet] Field byte_count value 1967 outside constraints
[2026-05-18 13:44:54,857][WARNING][modbus_packet] Field byte_count value 1967 outside constraints
[2026-05-18 13:44:54,871][WARNING][modbus_packet] Field byte_count value 1967 outside constraints
[2026-05-18 13:44:54,885][WARNING][modbus_packet] Field byte_count value 1967 outside constraints
[2026-05-18 13:44:54,898][WARNING][modbus_packet] Field byte_count value 1967 outside constraints
[2026-05-18 13:44:54,911][WARNING][modbus_packet] Field byte_count value 1967 outside constraints
[2026-05-18 13:44:54,925][WARNING][modbus_packet] Field byte_count value 1967 outside constraints
[2026-05-18 13:44:54,938][WARNING][modbus_packet] Field byte_count value 1967 outside constraints
[2026-05-18 13:44:54,952][WARNING][modbus_packet] Field byte_count value 1967 outside constraints
[2026-05-18 13:44:54,966][WARNING][modbus_packet] Field byte_count value 1967 outside constraints
[2026-05-18 13:44:54,980][WARNING][modbus_packet] Field byte_count value 1967 outside constraints
[2026-05-18 13:44:54,994][WARNING][modbus_packet] Field byte_count value 1967 outside constraints
[2026-05-18 13:44:55,008][WARNING][modbus_packet] Field byte_count value 1967 outside constraints
[2026-05-18 13:44:55,022][WARNING][modbus_packet] Field byte_count value 1967 outside constraints
[2026-05-18 13:44:55,036][WARNING][modbus_packet] Field byte_count value 1967 outside constraints
[2026-05-18 13:44:55,049][WARNING][modbus_packet] Field byte_count value 1967 outside constraints
[2026-05-18 13:44:55,064][WARNING][modbus_packet] Field byte_count value 1967 outside constraints
[2026-05-18 13:44:55,078][WARNING][modbus_packet] Field byte_count value 1967 outside constraints
[2026-05-18 13:44:55,092][WARNING][modbus_packet] Field byte_count value 1967 outside constraints
[2026-05-18 13:44:55,106][WARNING][modbus_packet] Field byte_count value 1967 outside constraints
[2026-05-18 13:44:55,120][WARNING][modbus_packet] Field byte_count value 1967 outside constraints
[2026-05-18 13:44:55,133][WARNING][modbus_packet] Field byte_count value 1967 outside constraints
[2026-05-18 13:44:55,147][WARNING][modbus_packet] Field byte_count value 1967 outside constraints
[2026-05-18 13:44:55,165][WARNING][modbus_packet] Field byte_count value 1967 outside constraints
[2026-05-18 13:44:55,179][WARNING][modbus_packet] Field byte_count value 1967 outside constraints
[2026-05-18 13:44:55,193][WARNING][modbus_packet] Field byte_count value 1967 outside constraints
[2026-05-18 13:44:55,207][WARNING][modbus_packet] Field byte_count value 1967 outside constraints
[2026-05-18 13:44:55,221][WARNING][modbus_packet] Field byte_count value 1967 outside constraints
[2026-05-18 13:44:55,235][WARNING][modbus_packet] Field byte_count value 1967 outside constraints
[2026-05-18 13:44:55,248][WARNING][modbus_packet] Field byte_count value 1967 outside constraints
[2026-05-18 13:44:55,262][WARNING][modbus_packet] Field byte_count value 1967 outside constraints
[2026-05-18 13:44:55,276][WARNING][modbus_packet] Field byte_count value 1967 outside constraints
[2026-05-18 13:44:55,290][WARNING][modbus_packet] Field byte_count value 1967 outside constraints
[2026-05-18 13:44:55,303][WARNING][modbus_packet] Field byte_count value 1968 outside constraints
[2026-05-18 13:44:55,317][WARNING][modbus_packet] Field byte_count value 1968 outside constraints
[2026-05-18 13:44:55,330][WARNING][modbus_packet] Field byte_count value 1968 outside constraints
[2026-05-18 13:44:55,344][WARNING][modbus_packet] Field byte_count value 1968 outside constraints
[2026-05-18 13:44:55,358][WARNING][modbus_packet] Field byte_count value 1968 outside constraints
[2026-05-18 13:44:55,372][WARNING][modbus_packet] Field byte_count value 1968 outside constraints
[2026-05-18 13:44:55,386][WARNING][modbus_packet] Field byte_count value 1968 outside constraints
[2026-05-18 13:44:55,400][WARNING][modbus_packet] Field byte_count value 1968 outside constraints
[2026-05-18 13:44:55,414][WARNING][modbus_packet] Field byte_count value 1968 outside constraints
[2026-05-18 13:44:55,427][WARNING][modbus_packet] Field byte_count value 1968 outside constraints
[2026-05-18 13:44:55,440][WARNING][modbus_packet] Field byte_count value 1968 outside constraints
[2026-05-18 13:44:55,454][WARNING][modbus_packet] Field byte_count value 1968 outside constraints
[2026-05-18 13:44:55,467][WARNING][modbus_packet] Field byte_count value 1968 outside constraints
[2026-05-18 13:44:55,481][WARNING][modbus_packet] Field byte_count value 1968 outside constraints
[2026-05-18 13:44:55,495][WARNING][modbus_packet] Field byte_count value 1968 outside constraints
[2026-05-18 13:44:55,510][WARNING][modbus_packet] Field byte_count value 1968 outside constraints
[2026-05-18 13:44:55,525][WARNING][modbus_packet] Field byte_count value 1968 outside constraints
[2026-05-18 13:44:55,539][WARNING][modbus_packet] Field byte_count value 1968 outside constraints
[2026-05-18 13:44:55,553][WARNING][modbus_packet] Field byte_count value 1968 outside constraints
[2026-05-18 13:44:55,567][WARNING][modbus_packet] Field byte_count value 1968 outside constraints
[2026-05-18 13:44:55,581][WARNING][modbus_packet] Field byte_count value 1968 outside constraints
[2026-05-18 13:44:55,595][WARNING][modbus_packet] Field byte_count value 1968 outside constraints
[2026-05-18 13:44:55,609][WARNING][modbus_packet] Field byte_count value 1968 outside constraints
[2026-05-18 13:44:55,623][WARNING][modbus_packet] Field byte_count value 1968 outside constraints
[2026-05-18 13:44:55,636][WARNING][modbus_packet] Field byte_count value 1968 outside constraints
[2026-05-18 13:44:55,650][WARNING][modbus_packet] Field byte_count value 1968 outside constraints
[2026-05-18 13:44:55,663][WARNING][modbus_packet] Field byte_count value 1968 outside constraints
[2026-05-18 13:44:55,677][WARNING][modbus_packet] Field byte_count value 1968 outside constraints
[2026-05-18 13:44:55,691][WARNING][modbus_packet] Field byte_count value 1968 outside constraints
[2026-05-18 13:44:55,704][WARNING][modbus_packet] Field byte_count value 1968 outside constraints
[2026-05-18 13:44:55,719][WARNING][modbus_packet] Field byte_count value 1968 outside constraints
[2026-05-18 13:44:55,732][WARNING][modbus_packet] Field byte_count value 1968 outside constraints
[2026-05-18 13:44:55,746][WARNING][modbus_packet] Field byte_count value 1968 outside constraints
[2026-05-18 13:44:55,760][WARNING][modbus_packet] Field byte_count value 1968 outside constraints
[2026-05-18 13:44:55,774][WARNING][modbus_packet] Field byte_count value 1968 outside constraints
[2026-05-18 13:44:55,788][WARNING][modbus_packet] Field byte_count value 1968 outside constraints
[2026-05-18 13:44:55,802][WARNING][modbus_packet] Field byte_count value 1968 outside constraints
[2026-05-18 13:44:55,815][WARNING][modbus_packet] Field byte_count value 1968 outside constraints
[2026-05-18 13:44:55,829][WARNING][modbus_packet] Field byte_count value 1968 outside constraints
[2026-05-18 13:44:55,843][WARNING][modbus_packet] Field byte_count value 1968 outside constraints
[2026-05-18 13:44:56,955][WARNING][modbus_packet] Field byte_count value 255 outside constraints
[2026-05-18 13:44:56,969][WARNING][modbus_packet] Field byte_count value 255 outside constraints
[2026-05-18 13:44:56,983][WARNING][modbus_packet] Field byte_count value 255 outside constraints
[2026-05-18 13:44:56,997][WARNING][modbus_packet] Field byte_count value 255 outside constraints
[2026-05-18 13:44:57,010][WARNING][modbus_packet] Field byte_count value 255 outside constraints
[2026-05-18 13:44:57,024][WARNING][modbus_packet] Field byte_count value 255 outside constraints
[2026-05-18 13:44:57,038][WARNING][modbus_packet] Field byte_count value 255 outside constraints
[2026-05-18 13:44:57,052][WARNING][modbus_packet] Field byte_count value 255 outside constraints
[2026-05-18 13:44:57,066][WARNING][modbus_packet] Field byte_count value 255 outside constraints
[2026-05-18 13:44:57,080][WARNING][modbus_packet] Field byte_count value 255 outside constraints
[2026-05-18 13:44:57,096][WARNING][modbus_packet] Field byte_count value 255 outside constraints
[2026-05-18 13:44:57,110][WARNING][modbus_packet] Field byte_count value 255 outside constraints
[2026-05-18 13:44:57,124][WARNING][modbus_packet] Field byte_count value 255 outside constraints
[2026-05-18 13:44:57,138][WARNING][modbus_packet] Field byte_count value 255 outside constraints
[2026-05-18 13:44:57,153][WARNING][modbus_packet] Field byte_count value 255 outside constraints
[2026-05-18 13:44:57,167][WARNING][modbus_packet] Field byte_count value 255 outside constraints
[2026-05-18 13:44:57,181][WARNING][modbus_packet] Field byte_count value 255 outside constraints
[2026-05-18 13:44:57,194][WARNING][modbus_packet] Field byte_count value 255 outside constraints
[2026-05-18 13:44:57,208][WARNING][modbus_packet] Field byte_count value 255 outside constraints
[2026-05-18 13:44:57,221][WARNING][modbus_packet] Field byte_count value 255 outside constraints
[2026-05-18 13:44:57,234][WARNING][modbus_packet] Field byte_count value 255 outside constraints
[2026-05-18 13:44:57,249][WARNING][modbus_packet] Field byte_count value 255 outside constraints
[2026-05-18 13:44:57,263][WARNING][modbus_packet] Field byte_count value 255 outside constraints
[2026-05-18 13:44:57,277][WARNING][modbus_packet] Field byte_count value 255 outside constraints
[2026-05-18 13:44:57,291][WARNING][modbus_packet] Field byte_count value 255 outside constraints
[2026-05-18 13:44:57,305][WARNING][modbus_packet] Field byte_count value 255 outside constraints
[2026-05-18 13:44:57,318][WARNING][modbus_packet] Field byte_count value 255 outside constraints
[2026-05-18 13:44:57,332][WARNING][modbus_packet] Field byte_count value 255 outside constraints
[2026-05-18 13:44:57,346][WARNING][modbus_packet] Field byte_count value 255 outside constraints
[2026-05-18 13:44:57,360][WARNING][modbus_packet] Field byte_count value 255 outside constraints
[2026-05-18 13:44:57,375][WARNING][modbus_packet] Field byte_count value 255 outside constraints
[2026-05-18 13:44:57,389][WARNING][modbus_packet] Field byte_count value 255 outside constraints
[2026-05-18 13:44:57,402][WARNING][modbus_packet] Field byte_count value 255 outside constraints
[2026-05-18 13:44:57,416][WARNING][modbus_packet] Field byte_count value 255 outside constraints
[2026-05-18 13:44:57,430][WARNING][modbus_packet] Field byte_count value 255 outside constraints
[2026-05-18 13:44:57,444][WARNING][modbus_packet] Field byte_count value 255 outside constraints
[2026-05-18 13:44:57,458][WARNING][modbus_packet] Field byte_count value 255 outside constraints
[2026-05-18 13:44:57,473][WARNING][modbus_packet] Field byte_count value 255 outside constraints
[2026-05-18 13:44:57,487][WARNING][modbus_packet] Field byte_count value 255 outside constraints
[2026-05-18 13:44:57,501][WARNING][modbus_packet] Field byte_count value 255 outside constraints
[2026-05-18 13:44:57,515][WARNING][modbus_packet] Field byte_count value 256 outside constraints
[2026-05-18 13:44:57,529][WARNING][modbus_packet] Field byte_count value 256 outside constraints
[2026-05-18 13:44:57,542][WARNING][modbus_packet] Field byte_count value 256 outside constraints
[2026-05-18 13:44:57,556][WARNING][modbus_packet] Field byte_count value 256 outside constraints
[2026-05-18 13:44:57,570][WARNING][modbus_packet] Field byte_count value 256 outside constraints
[2026-05-18 13:44:57,584][WARNING][modbus_packet] Field byte_count value 256 outside constraints
[2026-05-18 13:44:57,598][WARNING][modbus_packet] Field byte_count value 256 outside constraints
[2026-05-18 13:44:57,612][WARNING][modbus_packet] Field byte_count value 256 outside constraints
[2026-05-18 13:44:57,625][WARNING][modbus_packet] Field byte_count value 256 outside constraints
[2026-05-18 13:44:57,638][WARNING][modbus_packet] Field byte_count value 256 outside constraints
[2026-05-18 13:44:57,650][WARNING][modbus_packet] Field byte_count value 256 outside constraints
[2026-05-18 13:44:57,664][WARNING][modbus_packet] Field byte_count value 256 outside constraints
[2026-05-18 13:44:57,678][WARNING][modbus_packet] Field byte_count value 256 outside constraints
[2026-05-18 13:44:57,692][WARNING][modbus_packet] Field byte_count value 256 outside constraints
[2026-05-18 13:44:57,707][WARNING][modbus_packet] Field byte_count value 256 outside constraints
[2026-05-18 13:44:57,720][WARNING][modbus_packet] Field byte_count value 256 outside constraints
[2026-05-18 13:44:57,734][WARNING][modbus_packet] Field byte_count value 256 outside constraints
[2026-05-18 13:44:57,748][WARNING][modbus_packet] Field byte_count value 256 outside constraints
[2026-05-18 13:44:57,763][WARNING][modbus_packet] Field byte_count value 256 outside constraints
[2026-05-18 13:44:57,777][WARNING][modbus_packet] Field byte_count value 256 outside constraints
[2026-05-18 13:44:57,792][WARNING][modbus_packet] Field byte_count value 256 outside constraints
[2026-05-18 13:44:57,806][WARNING][modbus_packet] Field byte_count value 256 outside constraints
[2026-05-18 13:44:57,820][WARNING][modbus_packet] Field byte_count value 256 outside constraints
[2026-05-18 13:44:57,833][WARNING][modbus_packet] Field byte_count value 256 outside constraints
[2026-05-18 13:44:57,847][WARNING][modbus_packet] Field byte_count value 256 outside constraints
[2026-05-18 13:44:57,860][WARNING][modbus_packet] Field byte_count value 256 outside constraints
[2026-05-18 13:44:57,874][WARNING][modbus_packet] Field byte_count value 256 outside constraints
[2026-05-18 13:44:57,888][WARNING][modbus_packet] Field byte_count value 256 outside constraints
[2026-05-18 13:44:57,902][WARNING][modbus_packet] Field byte_count value 256 outside constraints
[2026-05-18 13:44:57,917][WARNING][modbus_packet] Field byte_count value 256 outside constraints
[2026-05-18 13:44:57,931][WARNING][modbus_packet] Field byte_count value 256 outside constraints
[2026-05-18 13:44:57,945][WARNING][modbus_packet] Field byte_count value 256 outside constraints
[2026-05-18 13:44:57,958][WARNING][modbus_packet] Field byte_count value 256 outside constraints
[2026-05-18 13:44:57,972][WARNING][modbus_packet] Field byte_count value 256 outside constraints
[2026-05-18 13:44:57,985][WARNING][modbus_packet] Field byte_count value 256 outside constraints
[2026-05-18 13:44:57,999][WARNING][modbus_packet] Field byte_count value 256 outside constraints
[2026-05-18 13:44:58,014][WARNING][modbus_packet] Field byte_count value 256 outside constraints
[2026-05-18 13:44:58,028][WARNING][modbus_packet] Field byte_count value 256 outside constraints
[2026-05-18 13:44:58,041][WARNING][modbus_packet] Field byte_count value 256 outside constraints
[2026-05-18 13:44:58,055][WARNING][modbus_packet] Field byte_count value 256 outside constraints
[2026-05-18 13:44:58,068][WARNING][modbus_packet] Field byte_count value 1967 outside constraints
[2026-05-18 13:44:58,082][WARNING][modbus_packet] Field byte_count value 1967 outside constraints
[2026-05-18 13:44:58,096][WARNING][modbus_packet] Field byte_count value 1967 outside constraints
[2026-05-18 13:44:58,110][WARNING][modbus_packet] Field byte_count value 1967 outside constraints
[2026-05-18 13:44:58,124][WARNING][modbus_packet] Field byte_count value 1967 outside constraints
[2026-05-18 13:44:58,138][WARNING][modbus_packet] Field byte_count value 1967 outside constraints
[2026-05-18 13:44:58,151][WARNING][modbus_packet] Field byte_count value 1967 outside constraints
[2026-05-18 13:44:58,165][WARNING][modbus_packet] Field byte_count value 1967 outside constraints
[2026-05-18 13:44:58,179][WARNING][modbus_packet] Field byte_count value 1967 outside constraints
[2026-05-18 13:44:58,192][WARNING][modbus_packet] Field byte_count value 1967 outside constraints
[2026-05-18 13:44:58,206][WARNING][modbus_packet] Field byte_count value 1967 outside constraints
[2026-05-18 13:44:58,220][WARNING][modbus_packet] Field byte_count value 1967 outside constraints
[2026-05-18 13:44:58,234][WARNING][modbus_packet] Field byte_count value 1967 outside constraints
[2026-05-18 13:44:58,248][WARNING][modbus_packet] Field byte_count value 1967 outside constraints
[2026-05-18 13:44:58,262][WARNING][modbus_packet] Field byte_count value 1967 outside constraints
[2026-05-18 13:44:58,276][WARNING][modbus_packet] Field byte_count value 1967 outside constraints
[2026-05-18 13:44:58,290][WARNING][modbus_packet] Field byte_count value 1967 outside constraints
[2026-05-18 13:44:58,303][WARNING][modbus_packet] Field byte_count value 1967 outside constraints
[2026-05-18 13:44:58,317][WARNING][modbus_packet] Field byte_count value 1967 outside constraints
[2026-05-18 13:44:58,331][WARNING][modbus_packet] Field byte_count value 1967 outside constraints
[2026-05-18 13:44:58,346][WARNING][modbus_packet] Field byte_count value 1967 outside constraints
[2026-05-18 13:44:58,361][WARNING][modbus_packet] Field byte_count value 1967 outside constraints
[2026-05-18 13:44:58,375][WARNING][modbus_packet] Field byte_count value 1967 outside constraints
[2026-05-18 13:44:58,389][WARNING][modbus_packet] Field byte_count value 1967 outside constraints
[2026-05-18 13:44:58,403][WARNING][modbus_packet] Field byte_count value 1967 outside constraints
[2026-05-18 13:44:58,417][WARNING][modbus_packet] Field byte_count value 1967 outside constraints
[2026-05-18 13:44:58,431][WARNING][modbus_packet] Field byte_count value 1967 outside constraints
[2026-05-18 13:44:58,445][WARNING][modbus_packet] Field byte_count value 1967 outside constraints
[2026-05-18 13:44:58,459][WARNING][modbus_packet] Field byte_count value 1967 outside constraints
[2026-05-18 13:44:58,475][WARNING][modbus_packet] Field byte_count value 1967 outside constraints
[2026-05-18 13:44:58,489][WARNING][modbus_packet] Field byte_count value 1967 outside constraints
[2026-05-18 13:44:58,503][WARNING][modbus_packet] Field byte_count value 1967 outside constraints
[2026-05-18 13:44:58,517][WARNING][modbus_packet] Field byte_count value 1967 outside constraints
[2026-05-18 13:44:58,530][WARNING][modbus_packet] Field byte_count value 1967 outside constraints
[2026-05-18 13:44:58,544][WARNING][modbus_packet] Field byte_count value 1967 outside constraints
[2026-05-18 13:44:58,558][WARNING][modbus_packet] Field byte_count value 1967 outside constraints
[2026-05-18 13:44:58,571][WARNING][modbus_packet] Field byte_count value 1967 outside constraints
[2026-05-18 13:44:58,585][WARNING][modbus_packet] Field byte_count value 1967 outside constraints
[2026-05-18 13:44:58,599][WARNING][modbus_packet] Field byte_count value 1967 outside constraints
[2026-05-18 13:44:58,612][WARNING][modbus_packet] Field byte_count value 1967 outside constraints
[2026-05-18 13:44:58,625][WARNING][modbus_packet] Field byte_count value 1968 outside constraints
[2026-05-18 13:44:58,639][WARNING][modbus_packet] Field byte_count value 1968 outside constraints
[2026-05-18 13:44:58,653][WARNING][modbus_packet] Field byte_count value 1968 outside constraints
[2026-05-18 13:44:58,668][WARNING][modbus_packet] Field byte_count value 1968 outside constraints
[2026-05-18 13:44:58,682][WARNING][modbus_packet] Field byte_count value 1968 outside constraints
[2026-05-18 13:44:58,695][WARNING][modbus_packet] Field byte_count value 1968 outside constraints
[2026-05-18 13:44:58,709][WARNING][modbus_packet] Field byte_count value 1968 outside constraints
[2026-05-18 13:44:58,722][WARNING][modbus_packet] Field byte_count value 1968 outside constraints
[2026-05-18 13:44:58,736][WARNING][modbus_packet] Field byte_count value 1968 outside constraints
[2026-05-18 13:44:58,750][WARNING][modbus_packet] Field byte_count value 1968 outside constraints
[2026-05-18 13:44:58,765][WARNING][modbus_packet] Field byte_count value 1968 outside constraints
[2026-05-18 13:44:58,779][WARNING][modbus_packet] Field byte_count value 1968 outside constraints
[2026-05-18 13:44:58,792][WARNING][modbus_packet] Field byte_count value 1968 outside constraints
[2026-05-18 13:44:58,806][WARNING][modbus_packet] Field byte_count value 1968 outside constraints
[2026-05-18 13:44:58,818][WARNING][modbus_packet] Field byte_count value 1968 outside constraints
[2026-05-18 13:44:58,831][WARNING][modbus_packet] Field byte_count value 1968 outside constraints
[2026-05-18 13:44:58,844][WARNING][modbus_packet] Field byte_count value 1968 outside constraints
[2026-05-18 13:44:58,857][WARNING][modbus_packet] Field byte_count value 1968 outside constraints
[2026-05-18 13:44:58,870][WARNING][modbus_packet] Field byte_count value 1968 outside constraints
[2026-05-18 13:44:58,884][WARNING][modbus_packet] Field byte_count value 1968 outside constraints
[2026-05-18 13:44:58,897][WARNING][modbus_packet] Field byte_count value 1968 outside constraints
[2026-05-18 13:44:58,911][WARNING][modbus_packet] Field byte_count value 1968 outside constraints
[2026-05-18 13:44:58,924][WARNING][modbus_packet] Field byte_count value 1968 outside constraints
[2026-05-18 13:44:58,938][WARNING][modbus_packet] Field byte_count value 1968 outside constraints
[2026-05-18 13:44:58,952][WARNING][modbus_packet] Field byte_count value 1968 outside constraints
[2026-05-18 13:44:58,965][WARNING][modbus_packet] Field byte_count value 1968 outside constraints
[2026-05-18 13:44:58,979][WARNING][modbus_packet] Field byte_count value 1968 outside constraints
[2026-05-18 13:44:58,993][WARNING][modbus_packet] Field byte_count value 1968 outside constraints
[2026-05-18 13:44:59,007][WARNING][modbus_packet] Field byte_count value 1968 outside constraints
[2026-05-18 13:44:59,021][WARNING][modbus_packet] Field byte_count value 1968 outside constraints
[2026-05-18 13:44:59,034][WARNING][modbus_packet] Field byte_count value 1968 outside constraints
[2026-05-18 13:44:59,048][WARNING][modbus_packet] Field byte_count value 1968 outside constraints
[2026-05-18 13:44:59,061][WARNING][modbus_packet] Field byte_count value 1968 outside constraints
[2026-05-18 13:44:59,075][WARNING][modbus_packet] Field byte_count value 1968 outside constraints
[2026-05-18 13:44:59,088][WARNING][modbus_packet] Field byte_count value 1968 outside constraints
[2026-05-18 13:44:59,102][WARNING][modbus_packet] Field byte_count value 1968 outside constraints
[2026-05-18 13:44:59,115][WARNING][modbus_packet] Field byte_count value 1968 outside constraints
[2026-05-18 13:44:59,128][WARNING][modbus_packet] Field byte_count value 1968 outside constraints
[2026-05-18 13:44:59,141][WARNING][modbus_packet] Field byte_count value 1968 outside constraints
[2026-05-18 13:44:59,154][WARNING][modbus_packet] Field byte_count value 1968 outside constraints
[2026-05-18 13:44:59,171][INFO][fuzzer_core] New response pattern: 15:True:2:1
[2026-05-18 13:45:00,253][WARNING][modbus_packet] Field byte_count value 255 outside constraints
[2026-05-18 13:45:00,267][WARNING][modbus_packet] Field byte_count value 255 outside constraints
[2026-05-18 13:45:00,281][WARNING][modbus_packet] Field byte_count value 255 outside constraints
[2026-05-18 13:45:00,295][WARNING][modbus_packet] Field byte_count value 255 outside constraints
[2026-05-18 13:45:00,308][WARNING][modbus_packet] Field byte_count value 255 outside constraints
[2026-05-18 13:45:00,324][WARNING][modbus_packet] Field byte_count value 255 outside constraints
[2026-05-18 13:45:00,338][WARNING][modbus_packet] Field byte_count value 255 outside constraints
[2026-05-18 13:45:00,351][WARNING][modbus_packet] Field byte_count value 255 outside constraints
[2026-05-18 13:45:00,365][WARNING][modbus_packet] Field byte_count value 255 outside constraints
[2026-05-18 13:45:00,379][WARNING][modbus_packet] Field byte_count value 255 outside constraints
[2026-05-18 13:45:00,393][WARNING][modbus_packet] Field byte_count value 255 outside constraints
[2026-05-18 13:45:00,407][WARNING][modbus_packet] Field byte_count value 255 outside constraints
[2026-05-18 13:45:00,421][WARNING][modbus_packet] Field byte_count value 255 outside constraints
[2026-05-18 13:45:00,434][WARNING][modbus_packet] Field byte_count value 255 outside constraints
[2026-05-18 13:45:00,448][WARNING][modbus_packet] Field byte_count value 255 outside constraints
[2026-05-18 13:45:00,461][WARNING][modbus_packet] Field byte_count value 255 outside constraints
[2026-05-18 13:45:00,475][WARNING][modbus_packet] Field byte_count value 255 outside constraints
[2026-05-18 13:45:00,488][WARNING][modbus_packet] Field byte_count value 255 outside constraints
[2026-05-18 13:45:00,502][WARNING][modbus_packet] Field byte_count value 255 outside constraints
[2026-05-18 13:45:00,517][WARNING][modbus_packet] Field byte_count value 255 outside constraints
[2026-05-18 13:45:00,531][WARNING][modbus_packet] Field byte_count value 255 outside constraints
[2026-05-18 13:45:00,545][WARNING][modbus_packet] Field byte_count value 255 outside constraints
[2026-05-18 13:45:00,558][WARNING][modbus_packet] Field byte_count value 255 outside constraints
[2026-05-18 13:45:00,571][WARNING][modbus_packet] Field byte_count value 255 outside constraints
[2026-05-18 13:45:00,585][WARNING][modbus_packet] Field byte_count value 255 outside constraints
[2026-05-18 13:45:00,599][WARNING][modbus_packet] Field byte_count value 255 outside constraints
[2026-05-18 13:45:00,613][WARNING][modbus_packet] Field byte_count value 255 outside constraints
[2026-05-18 13:45:00,626][WARNING][modbus_packet] Field byte_count value 255 outside constraints
[2026-05-18 13:45:00,640][WARNING][modbus_packet] Field byte_count value 255 outside constraints
[2026-05-18 13:45:00,654][WARNING][modbus_packet] Field byte_count value 255 outside constraints
[2026-05-18 13:45:00,668][WARNING][modbus_packet] Field byte_count value 255 outside constraints
[2026-05-18 13:45:00,681][WARNING][modbus_packet] Field byte_count value 255 outside constraints
[2026-05-18 13:45:00,694][WARNING][modbus_packet] Field byte_count value 255 outside constraints
[2026-05-18 13:45:00,708][WARNING][modbus_packet] Field byte_count value 255 outside constraints
[2026-05-18 13:45:00,721][WARNING][modbus_packet] Field byte_count value 255 outside constraints
[2026-05-18 13:45:00,736][WARNING][modbus_packet] Field byte_count value 255 outside constraints
[2026-05-18 13:45:00,750][WARNING][modbus_packet] Field byte_count value 255 outside constraints
[2026-05-18 13:45:00,763][WARNING][modbus_packet] Field byte_count value 255 outside constraints
[2026-05-18 13:45:00,777][WARNING][modbus_packet] Field byte_count value 255 outside constraints
[2026-05-18 13:45:00,791][WARNING][modbus_packet] Field byte_count value 255 outside constraints
[2026-05-18 13:45:00,804][WARNING][modbus_packet] Field byte_count value 256 outside constraints
[2026-05-18 13:45:00,818][WARNING][modbus_packet] Field byte_count value 256 outside constraints
[2026-05-18 13:45:00,831][WARNING][modbus_packet] Field byte_count value 256 outside constraints
[2026-05-18 13:45:00,845][WARNING][modbus_packet] Field byte_count value 256 outside constraints
[2026-05-18 13:45:00,859][WARNING][modbus_packet] Field byte_count value 256 outside constraints
[2026-05-18 13:45:00,873][WARNING][modbus_packet] Field byte_count value 256 outside constraints
[2026-05-18 13:45:00,886][WARNING][modbus_packet] Field byte_count value 256 outside constraints
[2026-05-18 13:45:00,900][WARNING][modbus_packet] Field byte_count value 256 outside constraints
[2026-05-18 13:45:00,913][WARNING][modbus_packet] Field byte_count value 256 outside constraints
[2026-05-18 13:45:00,927][WARNING][modbus_packet] Field byte_count value 256 outside constraints
[2026-05-18 13:45:00,941][WARNING][modbus_packet] Field byte_count value 256 outside constraints
[2026-05-18 13:45:00,955][WARNING][modbus_packet] Field byte_count value 256 outside constraints
[2026-05-18 13:45:00,969][WARNING][modbus_packet] Field byte_count value 256 outside constraints
[2026-05-18 13:45:00,983][WARNING][modbus_packet] Field byte_count value 256 outside constraints
[2026-05-18 13:45:00,997][WARNING][modbus_packet] Field byte_count value 256 outside constraints
[2026-05-18 13:45:01,012][WARNING][modbus_packet] Field byte_count value 256 outside constraints
[2026-05-18 13:45:01,026][WARNING][modbus_packet] Field byte_count value 256 outside constraints
[2026-05-18 13:45:01,040][WARNING][modbus_packet] Field byte_count value 256 outside constraints
[2026-05-18 13:45:01,054][WARNING][modbus_packet] Field byte_count value 256 outside constraints
[2026-05-18 13:45:01,068][WARNING][modbus_packet] Field byte_count value 256 outside constraints
[2026-05-18 13:45:01,082][WARNING][modbus_packet] Field byte_count value 256 outside constraints
[2026-05-18 13:45:01,096][WARNING][modbus_packet] Field byte_count value 256 outside constraints
[2026-05-18 13:45:01,109][WARNING][modbus_packet] Field byte_count value 256 outside constraints
[2026-05-18 13:45:01,123][WARNING][modbus_packet] Field byte_count value 256 outside constraints
[2026-05-18 13:45:01,137][WARNING][modbus_packet] Field byte_count value 256 outside constraints
[2026-05-18 13:45:01,151][WARNING][modbus_packet] Field byte_count value 256 outside constraints
[2026-05-18 13:45:01,167][WARNING][modbus_packet] Field byte_count value 256 outside constraints
[2026-05-18 13:45:01,180][WARNING][modbus_packet] Field byte_count value 256 outside constraints
[2026-05-18 13:45:01,194][WARNING][modbus_packet] Field byte_count value 256 outside constraints
[2026-05-18 13:45:01,207][WARNING][modbus_packet] Field byte_count value 256 outside constraints
[2026-05-18 13:45:01,221][WARNING][modbus_packet] Field byte_count value 256 outside constraints
[2026-05-18 13:45:01,235][WARNING][modbus_packet] Field byte_count value 256 outside constraints
[2026-05-18 13:45:01,249][WARNING][modbus_packet] Field byte_count value 256 outside constraints
[2026-05-18 13:45:01,262][WARNING][modbus_packet] Field byte_count value 256 outside constraints
[2026-05-18 13:45:01,277][WARNING][modbus_packet] Field byte_count value 256 outside constraints
[2026-05-18 13:45:01,291][WARNING][modbus_packet] Field byte_count value 256 outside constraints
[2026-05-18 13:45:01,304][WARNING][modbus_packet] Field byte_count value 256 outside constraints
[2026-05-18 13:45:01,318][WARNING][modbus_packet] Field byte_count value 256 outside constraints
[2026-05-18 13:45:01,332][WARNING][modbus_packet] Field byte_count value 256 outside constraints
[2026-05-18 13:45:01,346][WARNING][modbus_packet] Field byte_count value 256 outside constraints
[2026-05-18 13:45:01,360][WARNING][modbus_packet] Field byte_count value 1967 outside constraints
[2026-05-18 13:45:01,374][WARNING][modbus_packet] Field byte_count value 1967 outside constraints
[2026-05-18 13:45:01,389][WARNING][modbus_packet] Field byte_count value 1967 outside constraints
[2026-05-18 13:45:01,404][WARNING][modbus_packet] Field byte_count value 1967 outside constraints
[2026-05-18 13:45:01,417][WARNING][modbus_packet] Field byte_count value 1967 outside constraints
[2026-05-18 13:45:01,431][WARNING][modbus_packet] Field byte_count value 1967 outside constraints
[2026-05-18 13:45:01,444][WARNING][modbus_packet] Field byte_count value 1967 outside constraints
[2026-05-18 13:45:01,458][WARNING][modbus_packet] Field byte_count value 1967 outside constraints
[2026-05-18 13:45:01,472][WARNING][modbus_packet] Field byte_count value 1967 outside constraints
[2026-05-18 13:45:01,486][WARNING][modbus_packet] Field byte_count value 1967 outside constraints
[2026-05-18 13:45:01,500][WARNING][modbus_packet] Field byte_count value 1967 outside constraints
[2026-05-18 13:45:01,514][WARNING][modbus_packet] Field byte_count value 1967 outside constraints
[2026-05-18 13:45:01,527][WARNING][modbus_packet] Field byte_count value 1967 outside constraints
[2026-05-18 13:45:01,541][WARNING][modbus_packet] Field byte_count value 1967 outside constraints
[2026-05-18 13:45:01,554][WARNING][modbus_packet] Field byte_count value 1967 outside constraints
[2026-05-18 13:45:01,568][WARNING][modbus_packet] Field byte_count value 1967 outside constraints
[2026-05-18 13:45:01,581][WARNING][modbus_packet] Field byte_count value 1967 outside constraints
[2026-05-18 13:45:01,596][WARNING][modbus_packet] Field byte_count value 1967 outside constraints
[2026-05-18 13:45:01,609][WARNING][modbus_packet] Field byte_count value 1967 outside constraints
[2026-05-18 13:45:01,623][WARNING][modbus_packet] Field byte_count value 1967 outside constraints
[2026-05-18 13:45:01,637][WARNING][modbus_packet] Field byte_count value 1967 outside constraints
[2026-05-18 13:45:01,650][WARNING][modbus_packet] Field byte_count value 1967 outside constraints
[2026-05-18 13:45:01,664][WARNING][modbus_packet] Field byte_count value 1967 outside constraints
[2026-05-18 13:45:01,678][WARNING][modbus_packet] Field byte_count value 1967 outside constraints
[2026-05-18 13:45:01,692][WARNING][modbus_packet] Field byte_count value 1967 outside constraints
[2026-05-18 13:45:01,706][WARNING][modbus_packet] Field byte_count value 1967 outside constraints
[2026-05-18 13:45:01,720][WARNING][modbus_packet] Field byte_count value 1967 outside constraints
[2026-05-18 13:45:01,733][WARNING][modbus_packet] Field byte_count value 1967 outside constraints
[2026-05-18 13:45:01,746][WARNING][modbus_packet] Field byte_count value 1967 outside constraints
[2026-05-18 13:45:01,760][WARNING][modbus_packet] Field byte_count value 1967 outside constraints
[2026-05-18 13:45:01,773][WARNING][modbus_packet] Field byte_count value 1967 outside constraints
[2026-05-18 13:45:01,787][WARNING][modbus_packet] Field byte_count value 1967 outside constraints
[2026-05-18 13:45:01,800][WARNING][modbus_packet] Field byte_count value 1967 outside constraints
[2026-05-18 13:45:01,815][WARNING][modbus_packet] Field byte_count value 1967 outside constraints
[2026-05-18 13:45:01,829][WARNING][modbus_packet] Field byte_count value 1967 outside constraints
[2026-05-18 13:45:01,843][WARNING][modbus_packet] Field byte_count value 1967 outside constraints
[2026-05-18 13:45:01,857][WARNING][modbus_packet] Field byte_count value 1967 outside constraints
[2026-05-18 13:45:01,870][WARNING][modbus_packet] Field byte_count value 1967 outside constraints
[2026-05-18 13:45:01,884][WARNING][modbus_packet] Field byte_count value 1967 outside constraints
[2026-05-18 13:45:01,898][WARNING][modbus_packet] Field byte_count value 1967 outside constraints
[2026-05-18 13:45:01,912][WARNING][modbus_packet] Field byte_count value 1968 outside constraints
[2026-05-18 13:45:01,927][WARNING][modbus_packet] Field byte_count value 1968 outside constraints
[2026-05-18 13:45:01,942][WARNING][modbus_packet] Field byte_count value 1968 outside constraints
[2026-05-18 13:45:01,955][WARNING][modbus_packet] Field byte_count value 1968 outside constraints
[2026-05-18 13:45:01,970][WARNING][modbus_packet] Field byte_count value 1968 outside constraints
[2026-05-18 13:45:01,983][WARNING][modbus_packet] Field byte_count value 1968 outside constraints
[2026-05-18 13:45:01,997][WARNING][modbus_packet] Field byte_count value 1968 outside constraints
[2026-05-18 13:45:02,011][WARNING][modbus_packet] Field byte_count value 1968 outside constraints
[2026-05-18 13:45:02,024][WARNING][modbus_packet] Field byte_count value 1968 outside constraints
[2026-05-18 13:45:02,038][WARNING][modbus_packet] Field byte_count value 1968 outside constraints
[2026-05-18 13:45:02,051][WARNING][modbus_packet] Field byte_count value 1968 outside constraints
[2026-05-18 13:45:02,064][WARNING][modbus_packet] Field byte_count value 1968 outside constraints
[2026-05-18 13:45:02,078][WARNING][modbus_packet] Field byte_count value 1968 outside constraints
[2026-05-18 13:45:02,092][WARNING][modbus_packet] Field byte_count value 1968 outside constraints
[2026-05-18 13:45:02,105][WARNING][modbus_packet] Field byte_count value 1968 outside constraints
[2026-05-18 13:45:02,119][WARNING][modbus_packet] Field byte_count value 1968 outside constraints
[2026-05-18 13:45:02,132][WARNING][modbus_packet] Field byte_count value 1968 outside constraints
[2026-05-18 13:45:02,149][WARNING][modbus_packet] Field byte_count value 1968 outside constraints
[2026-05-18 13:45:02,162][WARNING][modbus_packet] Field byte_count value 1968 outside constraints
[2026-05-18 13:45:02,176][WARNING][modbus_packet] Field byte_count value 1968 outside constraints
[2026-05-18 13:45:02,189][WARNING][modbus_packet] Field byte_count value 1968 outside constraints
[2026-05-18 13:45:02,203][WARNING][modbus_packet] Field byte_count value 1968 outside constraints
[2026-05-18 13:45:02,216][WARNING][modbus_packet] Field byte_count value 1968 outside constraints
[2026-05-18 13:45:02,229][WARNING][modbus_packet] Field byte_count value 1968 outside constraints
[2026-05-18 13:45:02,243][WARNING][modbus_packet] Field byte_count value 1968 outside constraints
[2026-05-18 13:45:02,258][WARNING][modbus_packet] Field byte_count value 1968 outside constraints
[2026-05-18 13:45:02,272][WARNING][modbus_packet] Field byte_count value 1968 outside constraints
[2026-05-18 13:45:02,285][WARNING][modbus_packet] Field byte_count value 1968 outside constraints
[2026-05-18 13:45:02,299][WARNING][modbus_packet] Field byte_count value 1968 outside constraints
[2026-05-18 13:45:02,312][WARNING][modbus_packet] Field byte_count value 1968 outside constraints
[2026-05-18 13:45:02,326][WARNING][modbus_packet] Field byte_count value 1968 outside constraints
[2026-05-18 13:45:02,340][WARNING][modbus_packet] Field byte_count value 1968 outside constraints
[2026-05-18 13:45:02,354][WARNING][modbus_packet] Field byte_count value 1968 outside constraints
[2026-05-18 13:45:02,368][WARNING][modbus_packet] Field byte_count value 1968 outside constraints
[2026-05-18 13:45:02,383][WARNING][modbus_packet] Field byte_count value 1968 outside constraints
[2026-05-18 13:45:02,396][WARNING][modbus_packet] Field byte_count value 1968 outside constraints
[2026-05-18 13:45:02,410][WARNING][modbus_packet] Field byte_count value 1968 outside constraints
[2026-05-18 13:45:02,423][WARNING][modbus_packet] Field byte_count value 1968 outside constraints
[2026-05-18 13:45:02,436][WARNING][modbus_packet] Field byte_count value 1968 outside constraints
[2026-05-18 13:45:02,449][WARNING][modbus_packet] Field byte_count value 1968 outside constraints
[2026-05-18 13:45:03,556][WARNING][modbus_packet] Field byte_count value 255 outside constraints
[2026-05-18 13:45:03,570][WARNING][modbus_packet] Field byte_count value 255 outside constraints
[2026-05-18 13:45:03,584][WARNING][modbus_packet] Field byte_count value 255 outside constraints
[2026-05-18 13:45:03,597][WARNING][modbus_packet] Field byte_count value 255 outside constraints
[2026-05-18 13:45:03,611][WARNING][modbus_packet] Field byte_count value 255 outside constraints
[2026-05-18 13:45:03,625][WARNING][modbus_packet] Field byte_count value 255 outside constraints
[2026-05-18 13:45:03,639][WARNING][modbus_packet] Field byte_count value 255 outside constraints
[2026-05-18 13:45:03,652][WARNING][modbus_packet] Field byte_count value 255 outside constraints
[2026-05-18 13:45:03,667][WARNING][modbus_packet] Field byte_count value 255 outside constraints
[2026-05-18 13:45:03,681][WARNING][modbus_packet] Field byte_count value 255 outside constraints
[2026-05-18 13:45:03,694][WARNING][modbus_packet] Field byte_count value 255 outside constraints
[2026-05-18 13:45:03,708][WARNING][modbus_packet] Field byte_count value 255 outside constraints
[2026-05-18 13:45:03,721][WARNING][modbus_packet] Field byte_count value 255 outside constraints
[2026-05-18 13:45:03,735][WARNING][modbus_packet] Field byte_count value 255 outside constraints
[2026-05-18 13:45:03,749][WARNING][modbus_packet] Field byte_count value 255 outside constraints
[2026-05-18 13:45:03,762][WARNING][modbus_packet] Field byte_count value 255 outside constraints
[2026-05-18 13:45:03,776][WARNING][modbus_packet] Field byte_count value 255 outside constraints
[2026-05-18 13:45:03,791][WARNING][modbus_packet] Field byte_count value 255 outside constraints
[2026-05-18 13:45:03,805][WARNING][modbus_packet] Field byte_count value 255 outside constraints
[2026-05-18 13:45:03,818][WARNING][modbus_packet] Field byte_count value 255 outside constraints
[2026-05-18 13:45:03,831][WARNING][modbus_packet] Field byte_count value 255 outside constraints
[2026-05-18 13:45:03,845][WARNING][modbus_packet] Field byte_count value 255 outside constraints
[2026-05-18 13:45:03,859][WARNING][modbus_packet] Field byte_count value 255 outside constraints
[2026-05-18 13:45:03,873][WARNING][modbus_packet] Field byte_count value 255 outside constraints
[2026-05-18 13:45:03,886][WARNING][modbus_packet] Field byte_count value 255 outside constraints
[2026-05-18 13:45:03,900][WARNING][modbus_packet] Field byte_count value 255 outside constraints
[2026-05-18 13:45:03,913][WARNING][modbus_packet] Field byte_count value 255 outside constraints
[2026-05-18 13:45:03,926][WARNING][modbus_packet] Field byte_count value 255 outside constraints
[2026-05-18 13:45:03,939][WARNING][modbus_packet] Field byte_count value 255 outside constraints
[2026-05-18 13:45:03,952][WARNING][modbus_packet] Field byte_count value 255 outside constraints
[2026-05-18 13:45:03,965][WARNING][modbus_packet] Field byte_count value 255 outside constraints
[2026-05-18 13:45:03,980][WARNING][modbus_packet] Field byte_count value 255 outside constraints
[2026-05-18 13:45:03,994][WARNING][modbus_packet] Field byte_count value 255 outside constraints
[2026-05-18 13:45:04,008][WARNING][modbus_packet] Field byte_count value 255 outside constraints
[2026-05-18 13:45:04,022][WARNING][modbus_packet] Field byte_count value 255 outside constraints
[2026-05-18 13:45:04,035][WARNING][modbus_packet] Field byte_count value 255 outside constraints
[2026-05-18 13:45:04,048][WARNING][modbus_packet] Field byte_count value 255 outside constraints
[2026-05-18 13:45:04,062][WARNING][modbus_packet] Field byte_count value 255 outside constraints
[2026-05-18 13:45:04,076][WARNING][modbus_packet] Field byte_count value 255 outside constraints
[2026-05-18 13:45:04,089][WARNING][modbus_packet] Field byte_count value 255 outside constraints
[2026-05-18 13:45:04,104][WARNING][modbus_packet] Field byte_count value 256 outside constraints
[2026-05-18 13:45:04,119][WARNING][modbus_packet] Field byte_count value 256 outside constraints
[2026-05-18 13:45:04,133][WARNING][modbus_packet] Field byte_count value 256 outside constraints
[2026-05-18 13:45:04,146][WARNING][modbus_packet] Field byte_count value 256 outside constraints
[2026-05-18 13:45:04,160][WARNING][modbus_packet] Field byte_count value 256 outside constraints
[2026-05-18 13:45:04,173][WARNING][modbus_packet] Field byte_count value 256 outside constraints
[2026-05-18 13:45:04,187][WARNING][modbus_packet] Field byte_count value 256 outside constraints
[2026-05-18 13:45:04,200][WARNING][modbus_packet] Field byte_count value 256 outside constraints
[2026-05-18 13:45:04,215][WARNING][modbus_packet] Field byte_count value 256 outside constraints
[2026-05-18 13:45:04,229][WARNING][modbus_packet] Field byte_count value 256 outside constraints
[2026-05-18 13:45:04,242][WARNING][modbus_packet] Field byte_count value 256 outside constraints
[2026-05-18 13:45:04,255][WARNING][modbus_packet] Field byte_count value 256 outside constraints
[2026-05-18 13:45:04,269][WARNING][modbus_packet] Field byte_count value 256 outside constraints
[2026-05-18 13:45:04,283][WARNING][modbus_packet] Field byte_count value 256 outside constraints
[2026-05-18 13:45:04,297][WARNING][modbus_packet] Field byte_count value 256 outside constraints
[2026-05-18 13:45:04,310][WARNING][modbus_packet] Field byte_count value 256 outside constraints
[2026-05-18 13:45:04,324][WARNING][modbus_packet] Field byte_count value 256 outside constraints
[2026-05-18 13:45:04,338][WARNING][modbus_packet] Field byte_count value 256 outside constraints
[2026-05-18 13:45:04,352][WARNING][modbus_packet] Field byte_count value 256 outside constraints
[2026-05-18 13:45:04,366][WARNING][modbus_packet] Field byte_count value 256 outside constraints
[2026-05-18 13:45:04,380][WARNING][modbus_packet] Field byte_count value 256 outside constraints
[2026-05-18 13:45:04,394][WARNING][modbus_packet] Field byte_count value 256 outside constraints
[2026-05-18 13:45:04,408][WARNING][modbus_packet] Field byte_count value 256 outside constraints
[2026-05-18 13:45:04,422][WARNING][modbus_packet] Field byte_count value 256 outside constraints
[2026-05-18 13:45:04,436][WARNING][modbus_packet] Field byte_count value 256 outside constraints
[2026-05-18 13:45:04,450][WARNING][modbus_packet] Field byte_count value 256 outside constraints
[2026-05-18 13:45:04,463][WARNING][modbus_packet] Field byte_count value 256 outside constraints
[2026-05-18 13:45:04,477][WARNING][modbus_packet] Field byte_count value 256 outside constraints
[2026-05-18 13:45:04,490][WARNING][modbus_packet] Field byte_count value 256 outside constraints
[2026-05-18 13:45:04,504][WARNING][modbus_packet] Field byte_count value 256 outside constraints
[2026-05-18 13:45:04,517][WARNING][modbus_packet] Field byte_count value 256 outside constraints
[2026-05-18 13:45:04,531][WARNING][modbus_packet] Field byte_count value 256 outside constraints
[2026-05-18 13:45:04,546][WARNING][modbus_packet] Field byte_count value 256 outside constraints
[2026-05-18 13:45:04,560][WARNING][modbus_packet] Field byte_count value 256 outside constraints
[2026-05-18 13:45:04,573][WARNING][modbus_packet] Field byte_count value 256 outside constraints
[2026-05-18 13:45:04,586][WARNING][modbus_packet] Field byte_count value 256 outside constraints
[2026-05-18 13:45:04,599][WARNING][modbus_packet] Field byte_count value 256 outside constraints
[2026-05-18 13:45:04,613][WARNING][modbus_packet] Field byte_count value 256 outside constraints
[2026-05-18 13:45:04,627][WARNING][modbus_packet] Field byte_count value 256 outside constraints
[2026-05-18 13:45:04,641][WARNING][modbus_packet] Field byte_count value 256 outside constraints
[2026-05-18 13:45:04,656][WARNING][modbus_packet] Field byte_count value 1967 outside constraints
[2026-05-18 13:45:04,672][WARNING][modbus_packet] Field byte_count value 1967 outside constraints
[2026-05-18 13:45:04,685][WARNING][modbus_packet] Field byte_count value 1967 outside constraints
[2026-05-18 13:45:04,699][WARNING][modbus_packet] Field byte_count value 1967 outside constraints
[2026-05-18 13:45:04,713][WARNING][modbus_packet] Field byte_count value 1967 outside constraints
[2026-05-18 13:45:04,727][WARNING][modbus_packet] Field byte_count value 1967 outside constraints
[2026-05-18 13:45:04,740][WARNING][modbus_packet] Field byte_count value 1967 outside constraints
[2026-05-18 13:45:04,754][WARNING][modbus_packet] Field byte_count value 1967 outside constraints
[2026-05-18 13:45:04,768][WARNING][modbus_packet] Field byte_count value 1967 outside constraints
[2026-05-18 13:45:04,782][WARNING][modbus_packet] Field byte_count value 1967 outside constraints
[2026-05-18 13:45:04,795][WARNING][modbus_packet] Field byte_count value 1967 outside constraints
[2026-05-18 13:45:04,808][WARNING][modbus_packet] Field byte_count value 1967 outside constraints
[2026-05-18 13:45:04,822][WARNING][modbus_packet] Field byte_count value 1967 outside constraints
[2026-05-18 13:45:04,835][WARNING][modbus_packet] Field byte_count value 1967 outside constraints
[2026-05-18 13:45:04,849][WARNING][modbus_packet] Field byte_count value 1967 outside constraints
[2026-05-18 13:45:04,862][WARNING][modbus_packet] Field byte_count value 1967 outside constraints
[2026-05-18 13:45:04,876][WARNING][modbus_packet] Field byte_count value 1967 outside constraints
[2026-05-18 13:45:04,888][WARNING][modbus_packet] Field byte_count value 1967 outside constraints
[2026-05-18 13:45:04,902][WARNING][modbus_packet] Field byte_count value 1967 outside constraints
[2026-05-18 13:45:04,915][WARNING][modbus_packet] Field byte_count value 1967 outside constraints
[2026-05-18 13:45:04,929][WARNING][modbus_packet] Field byte_count value 1967 outside constraints
[2026-05-18 13:45:04,942][WARNING][modbus_packet] Field byte_count value 1967 outside constraints
[2026-05-18 13:45:04,955][WARNING][modbus_packet] Field byte_count value 1967 outside constraints
[2026-05-18 13:45:04,969][WARNING][modbus_packet] Field byte_count value 1967 outside constraints
[2026-05-18 13:45:04,983][WARNING][modbus_packet] Field byte_count value 1967 outside constraints
[2026-05-18 13:45:04,997][WARNING][modbus_packet] Field byte_count value 1967 outside constraints
[2026-05-18 13:45:05,011][WARNING][modbus_packet] Field byte_count value 1967 outside constraints
[2026-05-18 13:45:05,025][WARNING][modbus_packet] Field byte_count value 1967 outside constraints
[2026-05-18 13:45:05,039][WARNING][modbus_packet] Field byte_count value 1967 outside constraints
[2026-05-18 13:45:05,053][WARNING][modbus_packet] Field byte_count value 1967 outside constraints
[2026-05-18 13:45:05,066][WARNING][modbus_packet] Field byte_count value 1967 outside constraints
[2026-05-18 13:45:05,081][WARNING][modbus_packet] Field byte_count value 1967 outside constraints
[2026-05-18 13:45:05,096][WARNING][modbus_packet] Field byte_count value 1967 outside constraints
[2026-05-18 13:45:05,110][WARNING][modbus_packet] Field byte_count value 1967 outside constraints
[2026-05-18 13:45:05,124][WARNING][modbus_packet] Field byte_count value 1967 outside constraints
[2026-05-18 13:45:05,138][WARNING][modbus_packet] Field byte_count value 1967 outside constraints
[2026-05-18 13:45:05,152][WARNING][modbus_packet] Field byte_count value 1967 outside constraints
[2026-05-18 13:45:05,166][WARNING][modbus_packet] Field byte_count value 1967 outside constraints
[2026-05-18 13:45:05,181][WARNING][modbus_packet] Field byte_count value 1967 outside constraints
[2026-05-18 13:45:05,195][WARNING][modbus_packet] Field byte_count value 1967 outside constraints
[2026-05-18 13:45:05,208][WARNING][modbus_packet] Field byte_count value 1968 outside constraints
[2026-05-18 13:45:05,221][WARNING][modbus_packet] Field byte_count value 1968 outside constraints
[2026-05-18 13:45:05,234][WARNING][modbus_packet] Field byte_count value 1968 outside constraints
[2026-05-18 13:45:05,248][WARNING][modbus_packet] Field byte_count value 1968 outside constraints
[2026-05-18 13:45:05,262][WARNING][modbus_packet] Field byte_count value 1968 outside constraints
[2026-05-18 13:45:05,276][WARNING][modbus_packet] Field byte_count value 1968 outside constraints
[2026-05-18 13:45:05,290][WARNING][modbus_packet] Field byte_count value 1968 outside constraints
[2026-05-18 13:45:05,304][WARNING][modbus_packet] Field byte_count value 1968 outside constraints
[2026-05-18 13:45:05,318][WARNING][modbus_packet] Field byte_count value 1968 outside constraints
[2026-05-18 13:45:05,331][WARNING][modbus_packet] Field byte_count value 1968 outside constraints
[2026-05-18 13:45:05,345][WARNING][modbus_packet] Field byte_count value 1968 outside constraints
[2026-05-18 13:45:05,359][WARNING][modbus_packet] Field byte_count value 1968 outside constraints
[2026-05-18 13:45:05,372][WARNING][modbus_packet] Field byte_count value 1968 outside constraints
[2026-05-18 13:45:05,387][WARNING][modbus_packet] Field byte_count value 1968 outside constraints
[2026-05-18 13:45:05,401][WARNING][modbus_packet] Field byte_count value 1968 outside constraints
[2026-05-18 13:45:05,415][WARNING][modbus_packet] Field byte_count value 1968 outside constraints
[2026-05-18 13:45:05,429][WARNING][modbus_packet] Field byte_count value 1968 outside constraints
[2026-05-18 13:45:05,442][WARNING][modbus_packet] Field byte_count value 1968 outside constraints
[2026-05-18 13:45:05,456][WARNING][modbus_packet] Field byte_count value 1968 outside constraints
[2026-05-18 13:45:05,470][WARNING][modbus_packet] Field byte_count value 1968 outside constraints
[2026-05-18 13:45:05,483][WARNING][modbus_packet] Field byte_count value 1968 outside constraints
[2026-05-18 13:45:05,497][WARNING][modbus_packet] Field byte_count value 1968 outside constraints
[2026-05-18 13:45:05,511][WARNING][modbus_packet] Field byte_count value 1968 outside constraints
[2026-05-18 13:45:05,526][WARNING][modbus_packet] Field byte_count value 1968 outside constraints
[2026-05-18 13:45:05,541][WARNING][modbus_packet] Field byte_count value 1968 outside constraints
[2026-05-18 13:45:05,554][WARNING][modbus_packet] Field byte_count value 1968 outside constraints
[2026-05-18 13:45:05,568][WARNING][modbus_packet] Field byte_count value 1968 outside constraints
[2026-05-18 13:45:05,581][WARNING][modbus_packet] Field byte_count value 1968 outside constraints
[2026-05-18 13:45:05,596][WARNING][modbus_packet] Field byte_count value 1968 outside constraints
[2026-05-18 13:45:05,609][WARNING][modbus_packet] Field byte_count value 1968 outside constraints
[2026-05-18 13:45:05,623][WARNING][modbus_packet] Field byte_count value 1968 outside constraints
[2026-05-18 13:45:05,636][WARNING][modbus_packet] Field byte_count value 1968 outside constraints
[2026-05-18 13:45:05,649][WARNING][modbus_packet] Field byte_count value 1968 outside constraints
[2026-05-18 13:45:05,663][WARNING][modbus_packet] Field byte_count value 1968 outside constraints
[2026-05-18 13:45:05,678][WARNING][modbus_packet] Field byte_count value 1968 outside constraints
[2026-05-18 13:45:05,692][WARNING][modbus_packet] Field byte_count value 1968 outside constraints
[2026-05-18 13:45:05,706][WARNING][modbus_packet] Field byte_count value 1968 outside constraints
[2026-05-18 13:45:05,720][WARNING][modbus_packet] Field byte_count value 1968 outside constraints
[2026-05-18 13:45:05,734][WARNING][modbus_packet] Field byte_count value 1968 outside constraints
[2026-05-18 13:45:05,748][WARNING][modbus_packet] Field byte_count value 1968 outside constraints
[2026-05-18 13:45:06,860][WARNING][modbus_packet] Field byte_count value 255 outside constraints
[2026-05-18 13:45:06,873][WARNING][modbus_packet] Field byte_count value 255 outside constraints
[2026-05-18 13:45:06,886][WARNING][modbus_packet] Field byte_count value 255 outside constraints
[2026-05-18 13:45:06,900][WARNING][modbus_packet] Field byte_count value 255 outside constraints
[2026-05-18 13:45:06,913][WARNING][modbus_packet] Field byte_count value 255 outside constraints
[2026-05-18 13:45:06,927][WARNING][modbus_packet] Field byte_count value 255 outside constraints
[2026-05-18 13:45:06,942][WARNING][modbus_packet] Field byte_count value 255 outside constraints
[2026-05-18 13:45:06,955][WARNING][modbus_packet] Field byte_count value 255 outside constraints
[2026-05-18 13:45:06,969][WARNING][modbus_packet] Field byte_count value 255 outside constraints
[2026-05-18 13:45:06,982][WARNING][modbus_packet] Field byte_count value 255 outside constraints
[2026-05-18 13:45:06,996][WARNING][modbus_packet] Field byte_count value 255 outside constraints
[2026-05-18 13:45:07,009][WARNING][modbus_packet] Field byte_count value 255 outside constraints
[2026-05-18 13:45:07,023][WARNING][modbus_packet] Field byte_count value 255 outside constraints
[2026-05-18 13:45:07,037][WARNING][modbus_packet] Field byte_count value 255 outside constraints
[2026-05-18 13:45:07,051][WARNING][modbus_packet] Field byte_count value 255 outside constraints
[2026-05-18 13:45:07,065][WARNING][modbus_packet] Field byte_count value 255 outside constraints
[2026-05-18 13:45:07,079][WARNING][modbus_packet] Field byte_count value 255 outside constraints
[2026-05-18 13:45:07,092][WARNING][modbus_packet] Field byte_count value 255 outside constraints
[2026-05-18 13:45:07,106][WARNING][modbus_packet] Field byte_count value 255 outside constraints
[2026-05-18 13:45:07,120][WARNING][modbus_packet] Field byte_count value 255 outside constraints
[2026-05-18 13:45:07,133][WARNING][modbus_packet] Field byte_count value 255 outside constraints
[2026-05-18 13:45:07,147][WARNING][modbus_packet] Field byte_count value 255 outside constraints
[2026-05-18 13:45:07,161][WARNING][modbus_packet] Field byte_count value 255 outside constraints
[2026-05-18 13:45:07,178][WARNING][modbus_packet] Field byte_count value 255 outside constraints
[2026-05-18 13:45:07,192][WARNING][modbus_packet] Field byte_count value 255 outside constraints
[2026-05-18 13:45:07,206][WARNING][modbus_packet] Field byte_count value 255 outside constraints
[2026-05-18 13:45:07,220][WARNING][modbus_packet] Field byte_count value 255 outside constraints
[2026-05-18 13:45:07,234][WARNING][modbus_packet] Field byte_count value 255 outside constraints
[2026-05-18 13:45:07,247][WARNING][modbus_packet] Field byte_count value 255 outside constraints
[2026-05-18 13:45:07,261][WARNING][modbus_packet] Field byte_count value 255 outside constraints
[2026-05-18 13:45:07,276][WARNING][modbus_packet] Field byte_count value 255 outside constraints
[2026-05-18 13:45:07,289][WARNING][modbus_packet] Field byte_count value 255 outside constraints
[2026-05-18 13:45:07,303][WARNING][modbus_packet] Field byte_count value 255 outside constraints
[2026-05-18 13:45:07,316][WARNING][modbus_packet] Field byte_count value 255 outside constraints
[2026-05-18 13:45:07,330][WARNING][modbus_packet] Field byte_count value 255 outside constraints
[2026-05-18 13:45:07,343][WARNING][modbus_packet] Field byte_count value 255 outside constraints
[2026-05-18 13:45:07,357][WARNING][modbus_packet] Field byte_count value 255 outside constraints
[2026-05-18 13:45:07,372][WARNING][modbus_packet] Field byte_count value 255 outside constraints
[2026-05-18 13:45:07,387][WARNING][modbus_packet] Field byte_count value 255 outside constraints
[2026-05-18 13:45:07,401][WARNING][modbus_packet] Field byte_count value 255 outside constraints
[2026-05-18 13:45:07,414][WARNING][modbus_packet] Field byte_count value 256 outside constraints
[2026-05-18 13:45:07,428][WARNING][modbus_packet] Field byte_count value 256 outside constraints
[2026-05-18 13:45:07,442][WARNING][modbus_packet] Field byte_count value 256 outside constraints
[2026-05-18 13:45:07,456][WARNING][modbus_packet] Field byte_count value 256 outside constraints
[2026-05-18 13:45:07,469][WARNING][modbus_packet] Field byte_count value 256 outside constraints
[2026-05-18 13:45:07,483][WARNING][modbus_packet] Field byte_count value 256 outside constraints
[2026-05-18 13:45:07,497][WARNING][modbus_packet] Field byte_count value 256 outside constraints
[2026-05-18 13:45:07,511][WARNING][modbus_packet] Field byte_count value 256 outside constraints
[2026-05-18 13:45:07,524][WARNING][modbus_packet] Field byte_count value 256 outside constraints
[2026-05-18 13:45:07,538][WARNING][modbus_packet] Field byte_count value 256 outside constraints
[2026-05-18 13:45:07,552][WARNING][modbus_packet] Field byte_count value 256 outside constraints
[2026-05-18 13:45:07,565][WARNING][modbus_packet] Field byte_count value 256 outside constraints
[2026-05-18 13:45:07,579][WARNING][modbus_packet] Field byte_count value 256 outside constraints
[2026-05-18 13:45:07,593][WARNING][modbus_packet] Field byte_count value 256 outside constraints
[2026-05-18 13:45:07,607][WARNING][modbus_packet] Field byte_count value 256 outside constraints
[2026-05-18 13:45:07,620][WARNING][modbus_packet] Field byte_count value 256 outside constraints
[2026-05-18 13:45:07,635][WARNING][modbus_packet] Field byte_count value 256 outside constraints
[2026-05-18 13:45:07,649][WARNING][modbus_packet] Field byte_count value 256 outside constraints
[2026-05-18 13:45:07,663][WARNING][modbus_packet] Field byte_count value 256 outside constraints
[2026-05-18 13:45:07,677][WARNING][modbus_packet] Field byte_count value 256 outside constraints
[2026-05-18 13:45:07,691][WARNING][modbus_packet] Field byte_count value 256 outside constraints
[2026-05-18 13:45:07,705][WARNING][modbus_packet] Field byte_count value 256 outside constraints
[2026-05-18 13:45:07,718][WARNING][modbus_packet] Field byte_count value 256 outside constraints
[2026-05-18 13:45:07,732][WARNING][modbus_packet] Field byte_count value 256 outside constraints
[2026-05-18 13:45:07,746][WARNING][modbus_packet] Field byte_count value 256 outside constraints
[2026-05-18 13:45:07,759][WARNING][modbus_packet] Field byte_count value 256 outside constraints
[2026-05-18 13:45:07,773][WARNING][modbus_packet] Field byte_count value 256 outside constraints
[2026-05-18 13:45:07,785][WARNING][modbus_packet] Field byte_count value 256 outside constraints
[2026-05-18 13:45:07,799][WARNING][modbus_packet] Field byte_count value 256 outside constraints
[2026-05-18 13:45:07,814][WARNING][modbus_packet] Field byte_count value 256 outside constraints
[2026-05-18 13:45:07,828][WARNING][modbus_packet] Field byte_count value 256 outside constraints
[2026-05-18 13:45:07,842][WARNING][modbus_packet] Field byte_count value 256 outside constraints
[2026-05-18 13:45:07,855][WARNING][modbus_packet] Field byte_count value 256 outside constraints
[2026-05-18 13:45:07,869][WARNING][modbus_packet] Field byte_count value 256 outside constraints
[2026-05-18 13:45:07,883][WARNING][modbus_packet] Field byte_count value 256 outside constraints
[2026-05-18 13:45:07,897][WARNING][modbus_packet] Field byte_count value 256 outside constraints
[2026-05-18 13:45:07,911][WARNING][modbus_packet] Field byte_count value 256 outside constraints
[2026-05-18 13:45:07,925][WARNING][modbus_packet] Field byte_count value 256 outside constraints
[2026-05-18 13:45:07,939][WARNING][modbus_packet] Field byte_count value 256 outside constraints
[2026-05-18 13:45:07,952][WARNING][modbus_packet] Field byte_count value 256 outside constraints
[2026-05-18 13:45:07,966][WARNING][modbus_packet] Field byte_count value 1967 outside constraints
[2026-05-18 13:45:07,980][WARNING][modbus_packet] Field byte_count value 1967 outside constraints
[2026-05-18 13:45:07,994][WARNING][modbus_packet] Field byte_count value 1967 outside constraints
[2026-05-18 13:45:08,007][WARNING][modbus_packet] Field byte_count value 1967 outside constraints
[2026-05-18 13:45:08,021][WARNING][modbus_packet] Field byte_count value 1967 outside constraints
[2026-05-18 13:45:08,035][WARNING][modbus_packet] Field byte_count value 1967 outside constraints
[2026-05-18 13:45:08,048][WARNING][modbus_packet] Field byte_count value 1967 outside constraints
[2026-05-18 13:45:08,063][WARNING][modbus_packet] Field byte_count value 1967 outside constraints
[2026-05-18 13:45:08,076][WARNING][modbus_packet] Field byte_count value 1967 outside constraints
[2026-05-18 13:45:08,090][WARNING][modbus_packet] Field byte_count value 1967 outside constraints
[2026-05-18 13:45:08,104][WARNING][modbus_packet] Field byte_count value 1967 outside constraints
[2026-05-18 13:45:08,117][WARNING][modbus_packet] Field byte_count value 1967 outside constraints
[2026-05-18 13:45:08,131][WARNING][modbus_packet] Field byte_count value 1967 outside constraints
[2026-05-18 13:45:08,146][WARNING][modbus_packet] Field byte_count value 1967 outside constraints
[2026-05-18 13:45:08,159][WARNING][modbus_packet] Field byte_count value 1967 outside constraints
[2026-05-18 13:45:08,173][WARNING][modbus_packet] Field byte_count value 1967 outside constraints
[2026-05-18 13:45:08,186][WARNING][modbus_packet] Field byte_count value 1967 outside constraints
[2026-05-18 13:45:08,200][WARNING][modbus_packet] Field byte_count value 1967 outside constraints
[2026-05-18 13:45:08,213][WARNING][modbus_packet] Field byte_count value 1967 outside constraints
[2026-05-18 13:45:08,227][WARNING][modbus_packet] Field byte_count value 1967 outside constraints
[2026-05-18 13:45:08,241][WARNING][modbus_packet] Field byte_count value 1967 outside constraints
[2026-05-18 13:45:08,256][WARNING][modbus_packet] Field byte_count value 1967 outside constraints
[2026-05-18 13:45:08,270][WARNING][modbus_packet] Field byte_count value 1967 outside constraints
[2026-05-18 13:45:08,284][WARNING][modbus_packet] Field byte_count value 1967 outside constraints
[2026-05-18 13:45:08,298][WARNING][modbus_packet] Field byte_count value 1967 outside constraints
[2026-05-18 13:45:08,311][WARNING][modbus_packet] Field byte_count value 1967 outside constraints
[2026-05-18 13:45:08,325][WARNING][modbus_packet] Field byte_count value 1967 outside constraints
[2026-05-18 13:45:08,339][WARNING][modbus_packet] Field byte_count value 1967 outside constraints
[2026-05-18 13:45:08,353][WARNING][modbus_packet] Field byte_count value 1967 outside constraints
[2026-05-18 13:45:08,368][WARNING][modbus_packet] Field byte_count value 1967 outside constraints
[2026-05-18 13:45:08,382][WARNING][modbus_packet] Field byte_count value 1967 outside constraints
[2026-05-18 13:45:08,396][WARNING][modbus_packet] Field byte_count value 1967 outside constraints
[2026-05-18 13:45:08,411][WARNING][modbus_packet] Field byte_count value 1967 outside constraints
[2026-05-18 13:45:08,425][WARNING][modbus_packet] Field byte_count value 1967 outside constraints
[2026-05-18 13:45:08,438][WARNING][modbus_packet] Field byte_count value 1967 outside constraints
[2026-05-18 13:45:08,452][WARNING][modbus_packet] Field byte_count value 1967 outside constraints
[2026-05-18 13:45:08,466][WARNING][modbus_packet] Field byte_count value 1967 outside constraints
[2026-05-18 13:45:08,480][WARNING][modbus_packet] Field byte_count value 1967 outside constraints
[2026-05-18 13:45:08,494][WARNING][modbus_packet] Field byte_count value 1967 outside constraints
[2026-05-18 13:45:08,507][WARNING][modbus_packet] Field byte_count value 1967 outside constraints
[2026-05-18 13:45:08,521][WARNING][modbus_packet] Field byte_count value 1968 outside constraints
[2026-05-18 13:45:08,534][WARNING][modbus_packet] Field byte_count value 1968 outside constraints
[2026-05-18 13:45:08,547][WARNING][modbus_packet] Field byte_count value 1968 outside constraints
[2026-05-18 13:45:08,561][WARNING][modbus_packet] Field byte_count value 1968 outside constraints
[2026-05-18 13:45:08,575][WARNING][modbus_packet] Field byte_count value 1968 outside constraints
[2026-05-18 13:45:08,589][WARNING][modbus_packet] Field byte_count value 1968 outside constraints
[2026-05-18 13:45:08,602][WARNING][modbus_packet] Field byte_count value 1968 outside constraints
[2026-05-18 13:45:08,616][WARNING][modbus_packet] Field byte_count value 1968 outside constraints
[2026-05-18 13:45:08,629][WARNING][modbus_packet] Field byte_count value 1968 outside constraints
[2026-05-18 13:45:08,643][WARNING][modbus_packet] Field byte_count value 1968 outside constraints
[2026-05-18 13:45:08,657][WARNING][modbus_packet] Field byte_count value 1968 outside constraints
[2026-05-18 13:45:08,671][WARNING][modbus_packet] Field byte_count value 1968 outside constraints
[2026-05-18 13:45:08,685][WARNING][modbus_packet] Field byte_count value 1968 outside constraints
[2026-05-18 13:45:08,697][WARNING][modbus_packet] Field byte_count value 1968 outside constraints
[2026-05-18 13:45:08,711][WARNING][modbus_packet] Field byte_count value 1968 outside constraints
[2026-05-18 13:45:08,724][WARNING][modbus_packet] Field byte_count value 1968 outside constraints
[2026-05-18 13:45:08,738][WARNING][modbus_packet] Field byte_count value 1968 outside constraints
[2026-05-18 13:45:08,751][WARNING][modbus_packet] Field byte_count value 1968 outside constraints
[2026-05-18 13:45:08,765][WARNING][modbus_packet] Field byte_count value 1968 outside constraints
[2026-05-18 13:45:08,779][WARNING][modbus_packet] Field byte_count value 1968 outside constraints
[2026-05-18 13:45:08,795][WARNING][modbus_packet] Field byte_count value 1968 outside constraints
[2026-05-18 13:45:08,809][WARNING][modbus_packet] Field byte_count value 1968 outside constraints
[2026-05-18 13:45:08,822][WARNING][modbus_packet] Field byte_count value 1968 outside constraints
[2026-05-18 13:45:08,836][WARNING][modbus_packet] Field byte_count value 1968 outside constraints
[2026-05-18 13:45:08,850][WARNING][modbus_packet] Field byte_count value 1968 outside constraints
[2026-05-18 13:45:08,863][WARNING][modbus_packet] Field byte_count value 1968 outside constraints
[2026-05-18 13:45:08,877][WARNING][modbus_packet] Field byte_count value 1968 outside constraints
[2026-05-18 13:45:08,891][WARNING][modbus_packet] Field byte_count value 1968 outside constraints
[2026-05-18 13:45:08,905][WARNING][modbus_packet] Field byte_count value 1968 outside constraints
[2026-05-18 13:45:08,919][WARNING][modbus_packet] Field byte_count value 1968 outside constraints
[2026-05-18 13:45:08,933][WARNING][modbus_packet] Field byte_count value 1968 outside constraints
[2026-05-18 13:45:08,947][WARNING][modbus_packet] Field byte_count value 1968 outside constraints
[2026-05-18 13:45:08,961][WARNING][modbus_packet] Field byte_count value 1968 outside constraints
[2026-05-18 13:45:08,974][WARNING][modbus_packet] Field byte_count value 1968 outside constraints
[2026-05-18 13:45:08,988][WARNING][modbus_packet] Field byte_count value 1968 outside constraints
[2026-05-18 13:45:09,003][WARNING][modbus_packet] Field byte_count value 1968 outside constraints
[2026-05-18 13:45:09,017][WARNING][modbus_packet] Field byte_count value 1968 outside constraints
[2026-05-18 13:45:09,031][WARNING][modbus_packet] Field byte_count value 1968 outside constraints
[2026-05-18 13:45:09,044][WARNING][modbus_packet] Field byte_count value 1968 outside constraints
[2026-05-18 13:45:09,057][WARNING][modbus_packet] Field byte_count value 1968 outside constraints
[2026-05-18 13:45:10,159][WARNING][modbus_packet] Field byte_count value 255 outside constraints
[2026-05-18 13:45:10,176][WARNING][modbus_packet] Field byte_count value 255 outside constraints
[2026-05-18 13:45:10,189][WARNING][modbus_packet] Field byte_count value 255 outside constraints
[2026-05-18 13:45:10,203][WARNING][modbus_packet] Field byte_count value 255 outside constraints
[2026-05-18 13:45:10,217][WARNING][modbus_packet] Field byte_count value 255 outside constraints
[2026-05-18 13:45:10,231][WARNING][modbus_packet] Field byte_count value 255 outside constraints
[2026-05-18 13:45:10,244][WARNING][modbus_packet] Field byte_count value 255 outside constraints
[2026-05-18 13:45:10,258][WARNING][modbus_packet] Field byte_count value 255 outside constraints
[2026-05-18 13:45:10,272][WARNING][modbus_packet] Field byte_count value 255 outside constraints
[2026-05-18 13:45:10,286][WARNING][modbus_packet] Field byte_count value 255 outside constraints
[2026-05-18 13:45:10,300][WARNING][modbus_packet] Field byte_count value 255 outside constraints
[2026-05-18 13:45:10,314][WARNING][modbus_packet] Field byte_count value 255 outside constraints
[2026-05-18 13:45:10,328][WARNING][modbus_packet] Field byte_count value 255 outside constraints
[2026-05-18 13:45:10,343][WARNING][modbus_packet] Field byte_count value 255 outside constraints
[2026-05-18 13:45:10,356][WARNING][modbus_packet] Field byte_count value 255 outside constraints
[2026-05-18 13:45:10,370][WARNING][modbus_packet] Field byte_count value 255 outside constraints
[2026-05-18 13:45:10,385][WARNING][modbus_packet] Field byte_count value 255 outside constraints
[2026-05-18 13:45:10,399][WARNING][modbus_packet] Field byte_count value 255 outside constraints
[2026-05-18 13:45:10,413][WARNING][modbus_packet] Field byte_count value 255 outside constraints
[2026-05-18 13:45:10,427][WARNING][modbus_packet] Field byte_count value 255 outside constraints
[2026-05-18 13:45:10,441][WARNING][modbus_packet] Field byte_count value 255 outside constraints
[2026-05-18 13:45:10,454][WARNING][modbus_packet] Field byte_count value 255 outside constraints
[2026-05-18 13:45:10,468][WARNING][modbus_packet] Field byte_count value 255 outside constraints
[2026-05-18 13:45:10,481][WARNING][modbus_packet] Field byte_count value 255 outside constraints
[2026-05-18 13:45:10,495][WARNING][modbus_packet] Field byte_count value 255 outside constraints
[2026-05-18 13:45:10,508][WARNING][modbus_packet] Field byte_count value 255 outside constraints
[2026-05-18 13:45:10,521][WARNING][modbus_packet] Field byte_count value 255 outside constraints
[2026-05-18 13:45:10,536][WARNING][modbus_packet] Field byte_count value 255 outside constraints
[2026-05-18 13:45:10,549][WARNING][modbus_packet] Field byte_count value 255 outside constraints
[2026-05-18 13:45:10,563][WARNING][modbus_packet] Field byte_count value 255 outside constraints
[2026-05-18 13:45:10,577][WARNING][modbus_packet] Field byte_count value 255 outside constraints
[2026-05-18 13:45:10,590][WARNING][modbus_packet] Field byte_count value 255 outside constraints
[2026-05-18 13:45:10,604][WARNING][modbus_packet] Field byte_count value 255 outside constraints
[2026-05-18 13:45:10,617][WARNING][modbus_packet] Field byte_count value 255 outside constraints
[2026-05-18 13:45:10,631][WARNING][modbus_packet] Field byte_count value 255 outside constraints
[2026-05-18 13:45:10,644][WARNING][modbus_packet] Field byte_count value 255 outside constraints
[2026-05-18 13:45:10,659][WARNING][modbus_packet] Field byte_count value 255 outside constraints
[2026-05-18 13:45:10,674][WARNING][modbus_packet] Field byte_count value 255 outside constraints
[2026-05-18 13:45:10,687][WARNING][modbus_packet] Field byte_count value 255 outside constraints
[2026-05-18 13:45:10,701][WARNING][modbus_packet] Field byte_count value 255 outside constraints
[2026-05-18 13:45:10,714][WARNING][modbus_packet] Field byte_count value 256 outside constraints
[2026-05-18 13:45:10,728][WARNING][modbus_packet] Field byte_count value 256 outside constraints
[2026-05-18 13:45:10,742][WARNING][modbus_packet] Field byte_count value 256 outside constraints
[2026-05-18 13:45:10,756][WARNING][modbus_packet] Field byte_count value 256 outside constraints
[2026-05-18 13:45:10,769][WARNING][modbus_packet] Field byte_count value 256 outside constraints
[2026-05-18 13:45:10,783][WARNING][modbus_packet] Field byte_count value 256 outside constraints
[2026-05-18 13:45:10,797][WARNING][modbus_packet] Field byte_count value 256 outside constraints
[2026-05-18 13:45:10,811][WARNING][modbus_packet] Field byte_count value 256 outside constraints
[2026-05-18 13:45:10,824][WARNING][modbus_packet] Field byte_count value 256 outside constraints
[2026-05-18 13:45:10,837][WARNING][modbus_packet] Field byte_count value 256 outside constraints
[2026-05-18 13:45:10,851][WARNING][modbus_packet] Field byte_count value 256 outside constraints
[2026-05-18 13:45:10,865][WARNING][modbus_packet] Field byte_count value 256 outside constraints
[2026-05-18 13:45:10,878][WARNING][modbus_packet] Field byte_count value 256 outside constraints
[2026-05-18 13:45:10,892][WARNING][modbus_packet] Field byte_count value 256 outside constraints
[2026-05-18 13:45:10,905][WARNING][modbus_packet] Field byte_count value 256 outside constraints
[2026-05-18 13:45:10,919][WARNING][modbus_packet] Field byte_count value 256 outside constraints
[2026-05-18 13:45:10,933][WARNING][modbus_packet] Field byte_count value 256 outside constraints
[2026-05-18 13:45:10,947][WARNING][modbus_packet] Field byte_count value 256 outside constraints
[2026-05-18 13:45:10,961][WARNING][modbus_packet] Field byte_count value 256 outside constraints
[2026-05-18 13:45:10,975][WARNING][modbus_packet] Field byte_count value 256 outside constraints
[2026-05-18 13:45:10,988][WARNING][modbus_packet] Field byte_count value 256 outside constraints
[2026-05-18 13:45:11,002][WARNING][modbus_packet] Field byte_count value 256 outside constraints
[2026-05-18 13:45:11,016][WARNING][modbus_packet] Field byte_count value 256 outside constraints
[2026-05-18 13:45:11,029][WARNING][modbus_packet] Field byte_count value 256 outside constraints
[2026-05-18 13:45:11,043][WARNING][modbus_packet] Field byte_count value 256 outside constraints
[2026-05-18 13:45:11,057][WARNING][modbus_packet] Field byte_count value 256 outside constraints
[2026-05-18 13:45:11,071][WARNING][modbus_packet] Field byte_count value 256 outside constraints
[2026-05-18 13:45:11,085][WARNING][modbus_packet] Field byte_count value 256 outside constraints
[2026-05-18 13:45:11,100][WARNING][modbus_packet] Field byte_count value 256 outside constraints
[2026-05-18 13:45:11,114][WARNING][modbus_packet] Field byte_count value 256 outside constraints
[2026-05-18 13:45:11,128][WARNING][modbus_packet] Field byte_count value 256 outside constraints
[2026-05-18 13:45:11,142][WARNING][modbus_packet] Field byte_count value 256 outside constraints
[2026-05-18 13:45:11,156][WARNING][modbus_packet] Field byte_count value 256 outside constraints
[2026-05-18 13:45:11,169][WARNING][modbus_packet] Field byte_count value 256 outside constraints
[2026-05-18 13:45:11,183][WARNING][modbus_packet] Field byte_count value 256 outside constraints
[2026-05-18 13:45:11,197][WARNING][modbus_packet] Field byte_count value 256 outside constraints
[2026-05-18 13:45:11,211][WARNING][modbus_packet] Field byte_count value 256 outside constraints
[2026-05-18 13:45:11,225][WARNING][modbus_packet] Field byte_count value 256 outside constraints
[2026-05-18 13:45:11,239][WARNING][modbus_packet] Field byte_count value 256 outside constraints
[2026-05-18 13:45:11,253][WARNING][modbus_packet] Field byte_count value 256 outside constraints
[2026-05-18 13:45:11,267][WARNING][modbus_packet] Field byte_count value 1967 outside constraints
[2026-05-18 13:45:11,281][WARNING][modbus_packet] Field byte_count value 1967 outside constraints
[2026-05-18 13:45:11,298][WARNING][modbus_packet] Field byte_count value 1967 outside constraints
[2026-05-18 13:45:11,312][WARNING][modbus_packet] Field byte_count value 1967 outside constraints
[2026-05-18 13:45:11,326][WARNING][modbus_packet] Field byte_count value 1967 outside constraints
[2026-05-18 13:45:11,339][WARNING][modbus_packet] Field byte_count value 1967 outside constraints
[2026-05-18 13:45:11,353][WARNING][modbus_packet] Field byte_count value 1967 outside constraints
[2026-05-18 13:45:11,367][WARNING][modbus_packet] Field byte_count value 1967 outside constraints
[2026-05-18 13:45:11,381][WARNING][modbus_packet] Field byte_count value 1967 outside constraints
[2026-05-18 13:45:11,395][WARNING][modbus_packet] Field byte_count value 1967 outside constraints
[2026-05-18 13:45:11,409][WARNING][modbus_packet] Field byte_count value 1967 outside constraints
[2026-05-18 13:45:11,423][WARNING][modbus_packet] Field byte_count value 1967 outside constraints
[2026-05-18 13:45:11,437][WARNING][modbus_packet] Field byte_count value 1967 outside constraints
[2026-05-18 13:45:11,451][WARNING][modbus_packet] Field byte_count value 1967 outside constraints
[2026-05-18 13:45:11,464][WARNING][modbus_packet] Field byte_count value 1967 outside constraints
[2026-05-18 13:45:11,478][WARNING][modbus_packet] Field byte_count value 1967 outside constraints
[2026-05-18 13:45:11,492][WARNING][modbus_packet] Field byte_count value 1967 outside constraints
[2026-05-18 13:45:11,505][WARNING][modbus_packet] Field byte_count value 1967 outside constraints
[2026-05-18 13:45:11,519][WARNING][modbus_packet] Field byte_count value 1967 outside constraints
[2026-05-18 13:45:11,535][WARNING][modbus_packet] Field byte_count value 1967 outside constraints
[2026-05-18 13:45:11,549][WARNING][modbus_packet] Field byte_count value 1967 outside constraints
[2026-05-18 13:45:11,562][WARNING][modbus_packet] Field byte_count value 1967 outside constraints
[2026-05-18 13:45:11,576][WARNING][modbus_packet] Field byte_count value 1967 outside constraints
[2026-05-18 13:45:11,589][WARNING][modbus_packet] Field byte_count value 1967 outside constraints
[2026-05-18 13:45:11,603][WARNING][modbus_packet] Field byte_count value 1967 outside constraints
[2026-05-18 13:45:11,617][WARNING][modbus_packet] Field byte_count value 1967 outside constraints
[2026-05-18 13:45:11,631][WARNING][modbus_packet] Field byte_count value 1967 outside constraints
[2026-05-18 13:45:11,645][WARNING][modbus_packet] Field byte_count value 1967 outside constraints
[2026-05-18 13:45:11,659][WARNING][modbus_packet] Field byte_count value 1967 outside constraints
[2026-05-18 13:45:11,673][WARNING][modbus_packet] Field byte_count value 1967 outside constraints
[2026-05-18 13:45:11,687][WARNING][modbus_packet] Field byte_count value 1967 outside constraints
[2026-05-18 13:45:11,700][WARNING][modbus_packet] Field byte_count value 1967 outside constraints
[2026-05-18 13:45:11,714][WARNING][modbus_packet] Field byte_count value 1967 outside constraints
[2026-05-18 13:45:11,728][WARNING][modbus_packet] Field byte_count value 1967 outside constraints
[2026-05-18 13:45:11,742][WARNING][modbus_packet] Field byte_count value 1967 outside constraints
[2026-05-18 13:45:11,756][WARNING][modbus_packet] Field byte_count value 1967 outside constraints
[2026-05-18 13:45:11,770][WARNING][modbus_packet] Field byte_count value 1967 outside constraints
[2026-05-18 13:45:11,784][WARNING][modbus_packet] Field byte_count value 1967 outside constraints
[2026-05-18 13:45:11,798][WARNING][modbus_packet] Field byte_count value 1967 outside constraints
[2026-05-18 13:45:11,812][WARNING][modbus_packet] Field byte_count value 1967 outside constraints
[2026-05-18 13:45:11,826][WARNING][modbus_packet] Field byte_count value 1968 outside constraints
[2026-05-18 13:45:11,841][WARNING][modbus_packet] Field byte_count value 1968 outside constraints
[2026-05-18 13:45:11,855][WARNING][modbus_packet] Field byte_count value 1968 outside constraints
[2026-05-18 13:45:11,869][WARNING][modbus_packet] Field byte_count value 1968 outside constraints
[2026-05-18 13:45:11,882][WARNING][modbus_packet] Field byte_count value 1968 outside constraints
[2026-05-18 13:45:11,896][WARNING][modbus_packet] Field byte_count value 1968 outside constraints
[2026-05-18 13:45:11,909][WARNING][modbus_packet] Field byte_count value 1968 outside constraints
[2026-05-18 13:45:11,923][WARNING][modbus_packet] Field byte_count value 1968 outside constraints
[2026-05-18 13:45:11,936][WARNING][modbus_packet] Field byte_count value 1968 outside constraints
[2026-05-18 13:45:11,951][WARNING][modbus_packet] Field byte_count value 1968 outside constraints
[2026-05-18 13:45:11,966][WARNING][modbus_packet] Field byte_count value 1968 outside constraints
[2026-05-18 13:45:11,981][WARNING][modbus_packet] Field byte_count value 1968 outside constraints
[2026-05-18 13:45:11,994][WARNING][modbus_packet] Field byte_count value 1968 outside constraints
[2026-05-18 13:45:12,008][WARNING][modbus_packet] Field byte_count value 1968 outside constraints
[2026-05-18 13:45:12,022][WARNING][modbus_packet] Field byte_count value 1968 outside constraints
[2026-05-18 13:45:12,035][WARNING][modbus_packet] Field byte_count value 1968 outside constraints
[2026-05-18 13:45:12,049][WARNING][modbus_packet] Field byte_count value 1968 outside constraints
[2026-05-18 13:45:12,063][WARNING][modbus_packet] Field byte_count value 1968 outside constraints
[2026-05-18 13:45:12,076][WARNING][modbus_packet] Field byte_count value 1968 outside constraints
[2026-05-18 13:45:12,090][WARNING][modbus_packet] Field byte_count value 1968 outside constraints
[2026-05-18 13:45:12,103][WARNING][modbus_packet] Field byte_count value 1968 outside constraints
[2026-05-18 13:45:12,117][WARNING][modbus_packet] Field byte_count value 1968 outside constraints
[2026-05-18 13:45:12,130][WARNING][modbus_packet] Field byte_count value 1968 outside constraints
[2026-05-18 13:45:12,143][WARNING][modbus_packet] Field byte_count value 1968 outside constraints
[2026-05-18 13:45:12,157][WARNING][modbus_packet] Field byte_count value 1968 outside constraints
[2026-05-18 13:45:12,171][WARNING][modbus_packet] Field byte_count value 1968 outside constraints
[2026-05-18 13:45:12,185][WARNING][modbus_packet] Field byte_count value 1968 outside constraints
[2026-05-18 13:45:12,199][WARNING][modbus_packet] Field byte_count value 1968 outside constraints
[2026-05-18 13:45:12,212][WARNING][modbus_packet] Field byte_count value 1968 outside constraints
[2026-05-18 13:45:12,226][WARNING][modbus_packet] Field byte_count value 1968 outside constraints
[2026-05-18 13:45:12,240][WARNING][modbus_packet] Field byte_count value 1968 outside constraints
[2026-05-18 13:45:12,253][WARNING][modbus_packet] Field byte_count value 1968 outside constraints
[2026-05-18 13:45:12,267][WARNING][modbus_packet] Field byte_count value 1968 outside constraints
[2026-05-18 13:45:12,282][WARNING][modbus_packet] Field byte_count value 1968 outside constraints
[2026-05-18 13:45:12,296][WARNING][modbus_packet] Field byte_count value 1968 outside constraints
[2026-05-18 13:45:12,310][WARNING][modbus_packet] Field byte_count value 1968 outside constraints
[2026-05-18 13:45:12,323][WARNING][modbus_packet] Field byte_count value 1968 outside constraints
[2026-05-18 13:45:12,337][WARNING][modbus_packet] Field byte_count value 1968 outside constraints
[2026-05-18 13:45:12,351][WARNING][modbus_packet] Field byte_count value 1968 outside constraints
[2026-05-18 13:45:12,365][WARNING][modbus_packet] Field byte_count value 1968 outside constraints
[2026-05-18 13:45:13,471][WARNING][modbus_packet] Field byte_count value 255 outside constraints
[2026-05-18 13:45:13,485][WARNING][modbus_packet] Field byte_count value 255 outside constraints
[2026-05-18 13:45:13,498][WARNING][modbus_packet] Field byte_count value 255 outside constraints
[2026-05-18 13:45:13,512][WARNING][modbus_packet] Field byte_count value 255 outside constraints
[2026-05-18 13:45:13,525][WARNING][modbus_packet] Field byte_count value 255 outside constraints
[2026-05-18 13:45:13,539][WARNING][modbus_packet] Field byte_count value 255 outside constraints
[2026-05-18 13:45:13,552][WARNING][modbus_packet] Field byte_count value 255 outside constraints
[2026-05-18 13:45:13,566][WARNING][modbus_packet] Field byte_count value 255 outside constraints
[2026-05-18 13:45:13,580][WARNING][modbus_packet] Field byte_count value 255 outside constraints
[2026-05-18 13:45:13,594][WARNING][modbus_packet] Field byte_count value 255 outside constraints
[2026-05-18 13:45:13,608][WARNING][modbus_packet] Field byte_count value 255 outside constraints
[2026-05-18 13:45:13,622][WARNING][modbus_packet] Field byte_count value 255 outside constraints
[2026-05-18 13:45:13,636][WARNING][modbus_packet] Field byte_count value 255 outside constraints
[2026-05-18 13:45:13,650][WARNING][modbus_packet] Field byte_count value 255 outside constraints
[2026-05-18 13:45:13,664][WARNING][modbus_packet] Field byte_count value 255 outside constraints
[2026-05-18 13:45:13,681][WARNING][modbus_packet] Field byte_count value 255 outside constraints
[2026-05-18 13:45:13,695][WARNING][modbus_packet] Field byte_count value 255 outside constraints
[2026-05-18 13:45:13,710][WARNING][modbus_packet] Field byte_count value 255 outside constraints
[2026-05-18 13:45:13,724][WARNING][modbus_packet] Field byte_count value 255 outside constraints
[2026-05-18 13:45:13,738][WARNING][modbus_packet] Field byte_count value 255 outside constraints
[2026-05-18 13:45:13,752][WARNING][modbus_packet] Field byte_count value 255 outside constraints
[2026-05-18 13:45:13,766][WARNING][modbus_packet] Field byte_count value 255 outside constraints
[2026-05-18 13:45:13,779][WARNING][modbus_packet] Field byte_count value 255 outside constraints
[2026-05-18 13:45:13,793][WARNING][modbus_packet] Field byte_count value 255 outside constraints
[2026-05-18 13:45:13,807][WARNING][modbus_packet] Field byte_count value 255 outside constraints
[2026-05-18 13:45:13,821][WARNING][modbus_packet] Field byte_count value 255 outside constraints
[2026-05-18 13:45:13,836][WARNING][modbus_packet] Field byte_count value 255 outside constraints
[2026-05-18 13:45:13,849][WARNING][modbus_packet] Field byte_count value 255 outside constraints
[2026-05-18 13:45:13,863][WARNING][modbus_packet] Field byte_count value 255 outside constraints
[2026-05-18 13:45:13,877][WARNING][modbus_packet] Field byte_count value 255 outside constraints
[2026-05-18 13:45:13,890][WARNING][modbus_packet] Field byte_count value 255 outside constraints
[2026-05-18 13:45:13,904][WARNING][modbus_packet] Field byte_count value 255 outside constraints
[2026-05-18 13:45:13,918][WARNING][modbus_packet] Field byte_count value 255 outside constraints
[2026-05-18 13:45:13,932][WARNING][modbus_packet] Field byte_count value 255 outside constraints
[2026-05-18 13:45:13,946][WARNING][modbus_packet] Field byte_count value 255 outside constraints
[2026-05-18 13:45:13,960][WARNING][modbus_packet] Field byte_count value 255 outside constraints
[2026-05-18 13:45:13,974][WARNING][modbus_packet] Field byte_count value 255 outside constraints
[2026-05-18 13:45:13,988][WARNING][modbus_packet] Field byte_count value 255 outside constraints
[2026-05-18 13:45:14,001][WARNING][modbus_packet] Field byte_count value 255 outside constraints
[2026-05-18 13:45:14,015][WARNING][modbus_packet] Field byte_count value 255 outside constraints
[2026-05-18 13:45:14,030][WARNING][modbus_packet] Field byte_count value 256 outside constraints
[2026-05-18 13:45:14,044][WARNING][modbus_packet] Field byte_count value 256 outside constraints
[2026-05-18 13:45:14,058][WARNING][modbus_packet] Field byte_count value 256 outside constraints
[2026-05-18 13:45:14,072][WARNING][modbus_packet] Field byte_count value 256 outside constraints
[2026-05-18 13:45:14,086][WARNING][modbus_packet] Field byte_count value 256 outside constraints
[2026-05-18 13:45:14,099][WARNING][modbus_packet] Field byte_count value 256 outside constraints
[2026-05-18 13:45:14,113][WARNING][modbus_packet] Field byte_count value 256 outside constraints
[2026-05-18 13:45:14,127][WARNING][modbus_packet] Field byte_count value 256 outside constraints
[2026-05-18 13:45:14,141][WARNING][modbus_packet] Field byte_count value 256 outside constraints
[2026-05-18 13:45:14,155][WARNING][modbus_packet] Field byte_count value 256 outside constraints
[2026-05-18 13:45:14,169][WARNING][modbus_packet] Field byte_count value 256 outside constraints
[2026-05-18 13:45:14,184][WARNING][modbus_packet] Field byte_count value 256 outside constraints
[2026-05-18 13:45:14,197][WARNING][modbus_packet] Field byte_count value 256 outside constraints
[2026-05-18 13:45:14,211][WARNING][modbus_packet] Field byte_count value 256 outside constraints
[2026-05-18 13:45:14,225][WARNING][modbus_packet] Field byte_count value 256 outside constraints
[2026-05-18 13:45:14,239][WARNING][modbus_packet] Field byte_count value 256 outside constraints
[2026-05-18 13:45:14,255][WARNING][modbus_packet] Field byte_count value 256 outside constraints
[2026-05-18 13:45:14,269][WARNING][modbus_packet] Field byte_count value 256 outside constraints
[2026-05-18 13:45:14,283][WARNING][modbus_packet] Field byte_count value 256 outside constraints
[2026-05-18 13:45:14,296][WARNING][modbus_packet] Field byte_count value 256 outside constraints
[2026-05-18 13:45:14,310][WARNING][modbus_packet] Field byte_count value 256 outside constraints
[2026-05-18 13:45:14,324][WARNING][modbus_packet] Field byte_count value 256 outside constraints
[2026-05-18 13:45:14,338][WARNING][modbus_packet] Field byte_count value 256 outside constraints
[2026-05-18 13:45:14,352][WARNING][modbus_packet] Field byte_count value 256 outside constraints
[2026-05-18 13:45:14,366][WARNING][modbus_packet] Field byte_count value 256 outside constraints
[2026-05-18 13:45:14,380][WARNING][modbus_packet] Field byte_count value 256 outside constraints
[2026-05-18 13:45:14,395][WARNING][modbus_packet] Field byte_count value 256 outside constraints
[2026-05-18 13:45:14,409][WARNING][modbus_packet] Field byte_count value 256 outside constraints
[2026-05-18 13:45:14,423][WARNING][modbus_packet] Field byte_count value 256 outside constraints
[2026-05-18 13:45:14,436][WARNING][modbus_packet] Field byte_count value 256 outside constraints
[2026-05-18 13:45:14,450][WARNING][modbus_packet] Field byte_count value 256 outside constraints
[2026-05-18 13:45:14,464][WARNING][modbus_packet] Field byte_count value 256 outside constraints
[2026-05-18 13:45:14,479][WARNING][modbus_packet] Field byte_count value 256 outside constraints
[2026-05-18 13:45:14,492][WARNING][modbus_packet] Field byte_count value 256 outside constraints
[2026-05-18 13:45:14,506][WARNING][modbus_packet] Field byte_count value 256 outside constraints
[2026-05-18 13:45:14,519][WARNING][modbus_packet] Field byte_count value 256 outside constraints
[2026-05-18 13:45:14,533][WARNING][modbus_packet] Field byte_count value 256 outside constraints
[2026-05-18 13:45:14,548][WARNING][modbus_packet] Field byte_count value 256 outside constraints
[2026-05-18 13:45:14,562][WARNING][modbus_packet] Field byte_count value 256 outside constraints
[2026-05-18 13:45:14,576][WARNING][modbus_packet] Field byte_count value 256 outside constraints
[2026-05-18 13:45:14,590][WARNING][modbus_packet] Field byte_count value 1967 outside constraints
[2026-05-18 13:45:14,603][WARNING][modbus_packet] Field byte_count value 1967 outside constraints
[2026-05-18 13:45:14,616][WARNING][modbus_packet] Field byte_count value 1967 outside constraints
[2026-05-18 13:45:14,629][WARNING][modbus_packet] Field byte_count value 1967 outside constraints
[2026-05-18 13:45:14,643][WARNING][modbus_packet] Field byte_count value 1967 outside constraints
[2026-05-18 13:45:14,657][WARNING][modbus_packet] Field byte_count value 1967 outside constraints
[2026-05-18 13:45:14,670][WARNING][modbus_packet] Field byte_count value 1967 outside constraints
[2026-05-18 13:45:14,685][WARNING][modbus_packet] Field byte_count value 1967 outside constraints
[2026-05-18 13:45:14,700][WARNING][modbus_packet] Field byte_count value 1967 outside constraints
[2026-05-18 13:45:14,714][WARNING][modbus_packet] Field byte_count value 1967 outside constraints
[2026-05-18 13:45:14,728][WARNING][modbus_packet] Field byte_count value 1967 outside constraints
[2026-05-18 13:45:14,742][WARNING][modbus_packet] Field byte_count value 1967 outside constraints
[2026-05-18 13:45:14,755][WARNING][modbus_packet] Field byte_count value 1967 outside constraints
[2026-05-18 13:45:14,769][WARNING][modbus_packet] Field byte_count value 1967 outside constraints
[2026-05-18 13:45:14,784][WARNING][modbus_packet] Field byte_count value 1967 outside constraints
[2026-05-18 13:45:14,797][WARNING][modbus_packet] Field byte_count value 1967 outside constraints
[2026-05-18 13:45:14,811][WARNING][modbus_packet] Field byte_count value 1967 outside constraints
[2026-05-18 13:45:14,824][WARNING][modbus_packet] Field byte_count value 1967 outside constraints
[2026-05-18 13:45:14,837][WARNING][modbus_packet] Field byte_count value 1967 outside constraints
[2026-05-18 13:45:14,851][WARNING][modbus_packet] Field byte_count value 1967 outside constraints
[2026-05-18 13:45:14,865][WARNING][modbus_packet] Field byte_count value 1967 outside constraints
[2026-05-18 13:45:14,879][WARNING][modbus_packet] Field byte_count value 1967 outside constraints
[2026-05-18 13:45:14,893][WARNING][modbus_packet] Field byte_count value 1967 outside constraints
[2026-05-18 13:45:14,907][WARNING][modbus_packet] Field byte_count value 1967 outside constraints
[2026-05-18 13:45:14,921][WARNING][modbus_packet] Field byte_count value 1967 outside constraints
[2026-05-18 13:45:14,935][WARNING][modbus_packet] Field byte_count value 1967 outside constraints
[2026-05-18 13:45:14,949][WARNING][modbus_packet] Field byte_count value 1967 outside constraints
[2026-05-18 13:45:14,964][WARNING][modbus_packet] Field byte_count value 1967 outside constraints
[2026-05-18 13:45:14,979][WARNING][modbus_packet] Field byte_count value 1967 outside constraints
[2026-05-18 13:45:14,993][WARNING][modbus_packet] Field byte_count value 1967 outside constraints
[2026-05-18 13:45:15,007][WARNING][modbus_packet] Field byte_count value 1967 outside constraints
[2026-05-18 13:45:15,022][WARNING][modbus_packet] Field byte_count value 1967 outside constraints
[2026-05-18 13:45:15,036][WARNING][modbus_packet] Field byte_count value 1967 outside constraints
[2026-05-18 13:45:15,050][WARNING][modbus_packet] Field byte_count value 1967 outside constraints
[2026-05-18 13:45:15,065][WARNING][modbus_packet] Field byte_count value 1967 outside constraints
[2026-05-18 13:45:15,079][WARNING][modbus_packet] Field byte_count value 1967 outside constraints
[2026-05-18 13:45:15,093][WARNING][modbus_packet] Field byte_count value 1967 outside constraints
[2026-05-18 13:45:15,107][WARNING][modbus_packet] Field byte_count value 1967 outside constraints
[2026-05-18 13:45:15,121][WARNING][modbus_packet] Field byte_count value 1967 outside constraints
[2026-05-18 13:45:15,135][WARNING][modbus_packet] Field byte_count value 1967 outside constraints
[2026-05-18 13:45:15,149][WARNING][modbus_packet] Field byte_count value 1968 outside constraints
[2026-05-18 13:45:15,163][WARNING][modbus_packet] Field byte_count value 1968 outside constraints
[2026-05-18 13:45:15,177][WARNING][modbus_packet] Field byte_count value 1968 outside constraints
[2026-05-18 13:45:15,192][WARNING][modbus_packet] Field byte_count value 1968 outside constraints
[2026-05-18 13:45:15,205][WARNING][modbus_packet] Field byte_count value 1968 outside constraints
[2026-05-18 13:45:15,219][WARNING][modbus_packet] Field byte_count value 1968 outside constraints
[2026-05-18 13:45:15,234][WARNING][modbus_packet] Field byte_count value 1968 outside constraints
[2026-05-18 13:45:15,248][WARNING][modbus_packet] Field byte_count value 1968 outside constraints
[2026-05-18 13:45:15,262][WARNING][modbus_packet] Field byte_count value 1968 outside constraints
[2026-05-18 13:45:15,276][WARNING][modbus_packet] Field byte_count value 1968 outside constraints
[2026-05-18 13:45:15,289][WARNING][modbus_packet] Field byte_count value 1968 outside constraints
[2026-05-18 13:45:15,303][WARNING][modbus_packet] Field byte_count value 1968 outside constraints
[2026-05-18 13:45:15,317][WARNING][modbus_packet] Field byte_count value 1968 outside constraints
[2026-05-18 13:45:15,331][WARNING][modbus_packet] Field byte_count value 1968 outside constraints
[2026-05-18 13:45:15,345][WARNING][modbus_packet] Field byte_count value 1968 outside constraints
[2026-05-18 13:45:15,359][WARNING][modbus_packet] Field byte_count value 1968 outside constraints
[2026-05-18 13:45:15,374][WARNING][modbus_packet] Field byte_count value 1968 outside constraints
[2026-05-18 13:45:15,388][WARNING][modbus_packet] Field byte_count value 1968 outside constraints
[2026-05-18 13:45:15,401][WARNING][modbus_packet] Field byte_count value 1968 outside constraints
[2026-05-18 13:45:15,415][WARNING][modbus_packet] Field byte_count value 1968 outside constraints
[2026-05-18 13:45:15,428][WARNING][modbus_packet] Field byte_count value 1968 outside constraints
[2026-05-18 13:45:15,442][WARNING][modbus_packet] Field byte_count value 1968 outside constraints
[2026-05-18 13:45:15,456][WARNING][modbus_packet] Field byte_count value 1968 outside constraints
[2026-05-18 13:45:15,470][WARNING][modbus_packet] Field byte_count value 1968 outside constraints
[2026-05-18 13:45:15,483][WARNING][modbus_packet] Field byte_count value 1968 outside constraints
[2026-05-18 13:45:15,497][WARNING][modbus_packet] Field byte_count value 1968 outside constraints
[2026-05-18 13:45:15,510][WARNING][modbus_packet] Field byte_count value 1968 outside constraints
[2026-05-18 13:45:15,523][WARNING][modbus_packet] Field byte_count value 1968 outside constraints
[2026-05-18 13:45:15,537][WARNING][modbus_packet] Field byte_count value 1968 outside constraints
[2026-05-18 13:45:15,551][WARNING][modbus_packet] Field byte_count value 1968 outside constraints
[2026-05-18 13:45:15,565][WARNING][modbus_packet] Field byte_count value 1968 outside constraints
[2026-05-18 13:45:15,579][WARNING][modbus_packet] Field byte_count value 1968 outside constraints
[2026-05-18 13:45:15,592][WARNING][modbus_packet] Field byte_count value 1968 outside constraints
[2026-05-18 13:45:15,605][WARNING][modbus_packet] Field byte_count value 1968 outside constraints
[2026-05-18 13:45:15,618][WARNING][modbus_packet] Field byte_count value 1968 outside constraints
[2026-05-18 13:45:15,632][WARNING][modbus_packet] Field byte_count value 1968 outside constraints
[2026-05-18 13:45:15,645][WARNING][modbus_packet] Field byte_count value 1968 outside constraints
[2026-05-18 13:45:15,660][WARNING][modbus_packet] Field byte_count value 1968 outside constraints
[2026-05-18 13:45:15,675][WARNING][modbus_packet] Field byte_count value 1968 outside constraints
[2026-05-18 13:45:15,689][WARNING][modbus_packet] Field byte_count value 1968 outside constraints
[2026-05-18 13:45:15,726][WARNING][modbus_packet] Field byte_count value 1968 outside constraints
[2026-05-18 13:45:15,750][INFO][fuzzer_core] Fuzzing function code 10
[2026-05-18 13:45:15,750][INFO][modbus_packet] Generated 192 test cases for FC10
[2026-05-18 13:45:15,754][INFO][fuzzer_core] New response pattern: 16:False:None:4
[2026-05-18 13:45:15,824][INFO][fuzzer_core] New response pattern: 16:True:3:1
[2026-05-18 14:00:01,787][INFO] Loaded configuration from config.yaml
[2026-05-18 14:00:01,787][DEBUG] Configuration validation passed
[2026-05-18 14:00:01,787][INFO][fuzzer_core] Starting fuzzing session against 192.168.60.3:502
[2026-05-18 14:00:01,788][INFO][fuzzer_core] Using strategies: ['grammar_based', 'boundary_values']
[2026-05-18 14:00:01,788][INFO][fuzzer_core] Fuzzing 12 function codes
[2026-05-18 14:00:01,788][INFO][fuzzer_core] Fuzzing function code 01
[2026-05-18 14:00:01,788][INFO][modbus_packet] Generated 48 test cases for FC01
[2026-05-18 14:00:01,794][INFO][modbus_connection] Connected to 192.168.60.3:502
[2026-05-18 14:00:01,880][INFO][fuzzer_core] New response pattern: 1:False:None:2
[2026-05-18 14:00:01,908][INFO][fuzzer_core] New response pattern: 1:False:None:33
[2026-05-18 14:00:01,935][INFO][fuzzer_core] New response pattern: 1:False:None:251
[2026-05-18 14:00:01,935][WARNING][fuzzer_core] Large response: 251 bytes
[2026-05-18 14:00:01,948][WARNING][fuzzer_core] Large response: 251 bytes
[2026-05-18 14:00:02,017][WARNING][fuzzer_core] Large response: 251 bytes
[2026-05-18 14:00:02,030][WARNING][fuzzer_core] Large response: 251 bytes
[2026-05-18 14:00:02,095][WARNING][fuzzer_core] Large response: 251 bytes
[2026-05-18 14:00:02,109][WARNING][fuzzer_core] Large response: 251 bytes
[2026-05-18 14:00:02,122][INFO][fuzzer_core] New response pattern: 1:True:2:1
[2026-05-18 14:00:02,563][INFO][fuzzer_core] Fuzzing function code 02
[2026-05-18 14:00:02,563][INFO][modbus_packet] Generated 48 test cases for FC02
[2026-05-18 14:00:02,566][INFO][fuzzer_core] New response pattern: 2:False:None:2
[2026-05-18 14:00:02,593][INFO][fuzzer_core] New response pattern: 2:False:None:33
[2026-05-18 14:00:02,620][INFO][fuzzer_core] New response pattern: 2:False:None:251
[2026-05-18 14:00:02,620][WARNING][fuzzer_core] Large response: 251 bytes
[2026-05-18 14:00:02,633][WARNING][fuzzer_core] Large response: 251 bytes
[2026-05-18 14:00:02,702][WARNING][fuzzer_core] Large response: 251 bytes
[2026-05-18 14:00:02,715][WARNING][fuzzer_core] Large response: 251 bytes
[2026-05-18 14:00:02,783][WARNING][fuzzer_core] Large response: 251 bytes
[2026-05-18 14:00:02,798][WARNING][fuzzer_core] Large response: 251 bytes
[2026-05-18 14:00:02,811][INFO][fuzzer_core] New response pattern: 2:True:2:1
[2026-05-18 14:00:03,257][INFO][fuzzer_core] Fuzzing function code 03
[2026-05-18 14:00:03,257][INFO][modbus_packet] Generated 32 test cases for FC03
[2026-05-18 14:00:03,261][INFO][fuzzer_core] New response pattern: 3:False:None:3
[2026-05-18 14:00:03,276][INFO][fuzzer_core] New response pattern: 3:False:None:5
[2026-05-18 14:00:03,290][INFO][fuzzer_core] New response pattern: 3:False:None:249
[2026-05-18 14:00:03,304][INFO][fuzzer_core] New response pattern: 3:False:None:251
[2026-05-18 14:00:03,304][WARNING][fuzzer_core] Large response: 251 bytes
[2026-05-18 14:00:03,358][WARNING][fuzzer_core] Large response: 251 bytes
[2026-05-18 14:00:03,412][WARNING][fuzzer_core] Large response: 251 bytes
[2026-05-18 14:00:03,426][INFO][fuzzer_core] New response pattern: 3:True:2:1
[2026-05-18 14:00:03,746][INFO][fuzzer_core] Fuzzing function code 04
[2026-05-18 14:00:03,746][INFO][modbus_packet] Generated 32 test cases for FC04
[2026-05-18 14:00:03,756][INFO][fuzzer_core] New response pattern: 4:False:None:3
[2026-05-18 14:00:03,770][INFO][fuzzer_core] New response pattern: 4:False:None:5
[2026-05-18 14:00:03,784][INFO][fuzzer_core] New response pattern: 4:False:None:249
[2026-05-18 14:00:03,799][INFO][fuzzer_core] New response pattern: 4:False:None:251
[2026-05-18 14:00:03,799][WARNING][fuzzer_core] Large response: 251 bytes
[2026-05-18 14:00:03,853][WARNING][fuzzer_core] Large response: 251 bytes
[2026-05-18 14:00:03,905][WARNING][fuzzer_core] Large response: 251 bytes
[2026-05-18 14:00:03,918][INFO][fuzzer_core] New response pattern: 4:True:2:1
[2026-05-18 14:00:04,236][INFO][fuzzer_core] Fuzzing function code 05
[2026-05-18 14:00:04,237][INFO][modbus_packet] Generated 64 test cases for FC05
[2026-05-18 14:00:04,240][INFO][fuzzer_core] New response pattern: 5:False:None:4
[2026-05-18 14:00:04,565][INFO][fuzzer_core] New response pattern: 5:True:2:1
[2026-05-18 14:00:05,164][INFO][fuzzer_core] Fuzzing function code 06
[2026-05-18 14:00:05,165][INFO][modbus_packet] Generated 64 test cases for FC06
[2026-05-18 14:00:05,168][INFO][fuzzer_core] New response pattern: 6:False:None:4
[2026-05-18 14:00:05,488][INFO][fuzzer_core] New response pattern: 6:True:2:1
[2026-05-18 14:00:06,066][INFO][fuzzer_core] Fuzzing function code 08
[2026-05-18 14:00:06,067][INFO][modbus_packet] Generated 64 test cases for FC08
[2026-05-18 14:00:06,070][INFO][fuzzer_core] New response pattern: 8:True:1:1
[2026-05-18 14:00:06,976][INFO][fuzzer_core] Fuzzing function code 0F
[2026-05-18 14:00:06,976][INFO][modbus_packet] Generated 288 test cases for FC0F
[2026-05-18 14:00:06,980][INFO][fuzzer_core] New response pattern: 15:False:None:4
[2026-05-18 14:00:07,514][INFO][fuzzer_core] New response pattern: 15:True:3:1
[2026-05-18 14:00:08,051][WARNING][modbus_packet] Field byte_count value 255 outside constraints
[2026-05-18 14:00:08,064][WARNING][modbus_packet] Field byte_count value 255 outside constraints
[2026-05-18 14:00:08,078][WARNING][modbus_packet] Field byte_count value 255 outside constraints
[2026-05-18 14:00:08,092][WARNING][modbus_packet] Field byte_count value 255 outside constraints
[2026-05-18 14:00:08,106][WARNING][modbus_packet] Field byte_count value 255 outside constraints
[2026-05-18 14:00:08,119][WARNING][modbus_packet] Field byte_count value 255 outside constraints
[2026-05-18 14:00:08,133][WARNING][modbus_packet] Field byte_count value 255 outside constraints
[2026-05-18 14:00:08,147][WARNING][modbus_packet] Field byte_count value 255 outside constraints
[2026-05-18 14:00:08,161][WARNING][modbus_packet] Field byte_count value 255 outside constraints
[2026-05-18 14:00:08,174][WARNING][modbus_packet] Field byte_count value 255 outside constraints
[2026-05-18 14:00:08,187][WARNING][modbus_packet] Field byte_count value 255 outside constraints
[2026-05-18 14:00:08,202][WARNING][modbus_packet] Field byte_count value 255 outside constraints
[2026-05-18 14:00:08,216][WARNING][modbus_packet] Field byte_count value 255 outside constraints
[2026-05-18 14:00:08,229][WARNING][modbus_packet] Field byte_count value 255 outside constraints
[2026-05-18 14:00:08,243][WARNING][modbus_packet] Field byte_count value 255 outside constraints
[2026-05-18 14:00:08,256][WARNING][modbus_packet] Field byte_count value 255 outside constraints
[2026-05-18 14:00:08,269][WARNING][modbus_packet] Field byte_count value 255 outside constraints
[2026-05-18 14:00:08,283][WARNING][modbus_packet] Field byte_count value 255 outside constraints
[2026-05-18 14:00:08,297][WARNING][modbus_packet] Field byte_count value 255 outside constraints
[2026-05-18 14:00:08,310][WARNING][modbus_packet] Field byte_count value 255 outside constraints
[2026-05-18 14:00:08,324][WARNING][modbus_packet] Field byte_count value 255 outside constraints
[2026-05-18 14:00:08,338][WARNING][modbus_packet] Field byte_count value 255 outside constraints
[2026-05-18 14:00:08,352][WARNING][modbus_packet] Field byte_count value 255 outside constraints
[2026-05-18 14:00:08,365][WARNING][modbus_packet] Field byte_count value 255 outside constraints
[2026-05-18 14:00:08,378][WARNING][modbus_packet] Field byte_count value 255 outside constraints
[2026-05-18 14:00:08,392][WARNING][modbus_packet] Field byte_count value 255 outside constraints
[2026-05-18 14:00:08,406][WARNING][modbus_packet] Field byte_count value 255 outside constraints
[2026-05-18 14:00:08,419][WARNING][modbus_packet] Field byte_count value 255 outside constraints
[2026-05-18 14:00:08,433][WARNING][modbus_packet] Field byte_count value 255 outside constraints
[2026-05-18 14:00:08,447][WARNING][modbus_packet] Field byte_count value 255 outside constraints
[2026-05-18 14:00:08,460][WARNING][modbus_packet] Field byte_count value 255 outside constraints
[2026-05-18 14:00:08,474][WARNING][modbus_packet] Field byte_count value 255 outside constraints
[2026-05-18 14:00:08,488][WARNING][modbus_packet] Field byte_count value 255 outside constraints
[2026-05-18 14:00:08,501][WARNING][modbus_packet] Field byte_count value 255 outside constraints
[2026-05-18 14:00:08,515][WARNING][modbus_packet] Field byte_count value 255 outside constraints
[2026-05-18 14:00:08,528][WARNING][modbus_packet] Field byte_count value 255 outside constraints
[2026-05-18 14:00:08,542][WARNING][modbus_packet] Field byte_count value 255 outside constraints
[2026-05-18 14:00:08,555][WARNING][modbus_packet] Field byte_count value 255 outside constraints
[2026-05-18 14:00:08,568][WARNING][modbus_packet] Field byte_count value 255 outside constraints
[2026-05-18 14:00:08,582][WARNING][modbus_packet] Field byte_count value 255 outside constraints
[2026-05-18 14:00:08,596][WARNING][modbus_packet] Field byte_count value 256 outside constraints
[2026-05-18 14:00:08,610][WARNING][modbus_packet] Field byte_count value 256 outside constraints
[2026-05-18 14:00:08,624][WARNING][modbus_packet] Field byte_count value 256 outside constraints
[2026-05-18 14:00:08,638][WARNING][modbus_packet] Field byte_count value 256 outside constraints
[2026-05-18 14:00:08,652][WARNING][modbus_packet] Field byte_count value 256 outside constraints
[2026-05-18 14:00:08,666][WARNING][modbus_packet] Field byte_count value 256 outside constraints
[2026-05-18 14:00:08,679][WARNING][modbus_packet] Field byte_count value 256 outside constraints
[2026-05-18 14:00:08,693][WARNING][modbus_packet] Field byte_count value 256 outside constraints
[2026-05-18 14:00:08,707][WARNING][modbus_packet] Field byte_count value 256 outside constraints
[2026-05-18 14:00:08,721][WARNING][modbus_packet] Field byte_count value 256 outside constraints
[2026-05-18 14:00:08,736][WARNING][modbus_packet] Field byte_count value 256 outside constraints
[2026-05-18 14:00:08,750][WARNING][modbus_packet] Field byte_count value 256 outside constraints
[2026-05-18 14:00:08,764][WARNING][modbus_packet] Field byte_count value 256 outside constraints
[2026-05-18 14:00:08,779][WARNING][modbus_packet] Field byte_count value 256 outside constraints
[2026-05-18 14:00:08,793][WARNING][modbus_packet] Field byte_count value 256 outside constraints
[2026-05-18 14:00:08,807][WARNING][modbus_packet] Field byte_count value 256 outside constraints
[2026-05-18 14:00:08,821][WARNING][modbus_packet] Field byte_count value 256 outside constraints
[2026-05-18 14:00:08,834][WARNING][modbus_packet] Field byte_count value 256 outside constraints
[2026-05-18 14:00:08,848][WARNING][modbus_packet] Field byte_count value 256 outside constraints
[2026-05-18 14:00:08,862][WARNING][modbus_packet] Field byte_count value 256 outside constraints
[2026-05-18 14:00:08,875][WARNING][modbus_packet] Field byte_count value 256 outside constraints
[2026-05-18 14:00:08,889][WARNING][modbus_packet] Field byte_count value 256 outside constraints
[2026-05-18 14:00:08,903][WARNING][modbus_packet] Field byte_count value 256 outside constraints
[2026-05-18 14:00:08,917][WARNING][modbus_packet] Field byte_count value 256 outside constraints
[2026-05-18 14:00:08,930][WARNING][modbus_packet] Field byte_count value 256 outside constraints
[2026-05-18 14:00:08,944][WARNING][modbus_packet] Field byte_count value 256 outside constraints
[2026-05-18 14:00:08,958][WARNING][modbus_packet] Field byte_count value 256 outside constraints
[2026-05-18 14:00:08,972][WARNING][modbus_packet] Field byte_count value 256 outside constraints
[2026-05-18 14:00:08,986][WARNING][modbus_packet] Field byte_count value 256 outside constraints
[2026-05-18 14:00:09,001][WARNING][modbus_packet] Field byte_count value 256 outside constraints
[2026-05-18 14:00:09,015][WARNING][modbus_packet] Field byte_count value 256 outside constraints
[2026-05-18 14:00:09,029][WARNING][modbus_packet] Field byte_count value 256 outside constraints
[2026-05-18 14:00:09,043][WARNING][modbus_packet] Field byte_count value 256 outside constraints
[2026-05-18 14:00:09,056][WARNING][modbus_packet] Field byte_count value 256 outside constraints
[2026-05-18 14:00:09,070][WARNING][modbus_packet] Field byte_count value 256 outside constraints
[2026-05-18 14:00:09,084][WARNING][modbus_packet] Field byte_count value 256 outside constraints
[2026-05-18 14:00:09,097][WARNING][modbus_packet] Field byte_count value 256 outside constraints
[2026-05-18 14:00:09,110][WARNING][modbus_packet] Field byte_count value 256 outside constraints
[2026-05-18 14:00:09,124][WARNING][modbus_packet] Field byte_count value 256 outside constraints
[2026-05-18 14:00:09,138][WARNING][modbus_packet] Field byte_count value 256 outside constraints
[2026-05-18 14:00:09,152][WARNING][modbus_packet] Field byte_count value 1967 outside constraints
[2026-05-18 14:00:09,166][WARNING][modbus_packet] Field byte_count value 1967 outside constraints
[2026-05-18 14:00:09,179][WARNING][modbus_packet] Field byte_count value 1967 outside constraints
[2026-05-18 14:00:09,193][WARNING][modbus_packet] Field byte_count value 1967 outside constraints
[2026-05-18 14:00:09,207][WARNING][modbus_packet] Field byte_count value 1967 outside constraints
[2026-05-18 14:00:09,221][WARNING][modbus_packet] Field byte_count value 1967 outside constraints
[2026-05-18 14:00:09,234][WARNING][modbus_packet] Field byte_count value 1967 outside constraints
[2026-05-18 14:00:09,247][WARNING][modbus_packet] Field byte_count value 1967 outside constraints
[2026-05-18 14:00:09,260][WARNING][modbus_packet] Field byte_count value 1967 outside constraints
[2026-05-18 14:00:09,274][WARNING][modbus_packet] Field byte_count value 1967 outside constraints
[2026-05-18 14:00:09,288][WARNING][modbus_packet] Field byte_count value 1967 outside constraints
[2026-05-18 14:00:09,301][WARNING][modbus_packet] Field byte_count value 1967 outside constraints
[2026-05-18 14:00:09,315][WARNING][modbus_packet] Field byte_count value 1967 outside constraints
[2026-05-18 14:00:09,329][WARNING][modbus_packet] Field byte_count value 1967 outside constraints
[2026-05-18 14:00:09,343][WARNING][modbus_packet] Field byte_count value 1967 outside constraints
[2026-05-18 14:00:09,356][WARNING][modbus_packet] Field byte_count value 1967 outside constraints
[2026-05-18 14:00:09,370][WARNING][modbus_packet] Field byte_count value 1967 outside constraints
[2026-05-18 14:00:09,384][WARNING][modbus_packet] Field byte_count value 1967 outside constraints
[2026-05-18 14:00:09,397][WARNING][modbus_packet] Field byte_count value 1967 outside constraints
[2026-05-18 14:00:09,411][WARNING][modbus_packet] Field byte_count value 1967 outside constraints
[2026-05-18 14:00:09,425][WARNING][modbus_packet] Field byte_count value 1967 outside constraints
[2026-05-18 14:00:09,438][WARNING][modbus_packet] Field byte_count value 1967 outside constraints
[2026-05-18 14:00:09,452][WARNING][modbus_packet] Field byte_count value 1967 outside constraints
[2026-05-18 14:00:09,466][WARNING][modbus_packet] Field byte_count value 1967 outside constraints
[2026-05-18 14:00:09,480][WARNING][modbus_packet] Field byte_count value 1967 outside constraints
[2026-05-18 14:00:09,493][WARNING][modbus_packet] Field byte_count value 1967 outside constraints
[2026-05-18 14:00:09,507][WARNING][modbus_packet] Field byte_count value 1967 outside constraints
[2026-05-18 14:00:09,521][WARNING][modbus_packet] Field byte_count value 1967 outside constraints
[2026-05-18 14:00:09,535][WARNING][modbus_packet] Field byte_count value 1967 outside constraints
[2026-05-18 14:00:09,548][WARNING][modbus_packet] Field byte_count value 1967 outside constraints
[2026-05-18 14:00:09,562][WARNING][modbus_packet] Field byte_count value 1967 outside constraints
[2026-05-18 14:00:09,576][WARNING][modbus_packet] Field byte_count value 1967 outside constraints
[2026-05-18 14:00:09,591][WARNING][modbus_packet] Field byte_count value 1967 outside constraints
[2026-05-18 14:00:09,605][WARNING][modbus_packet] Field byte_count value 1967 outside constraints
[2026-05-18 14:00:09,618][WARNING][modbus_packet] Field byte_count value 1967 outside constraints
[2026-05-18 14:00:09,633][WARNING][modbus_packet] Field byte_count value 1967 outside constraints
[2026-05-18 14:00:09,646][WARNING][modbus_packet] Field byte_count value 1967 outside constraints
[2026-05-18 14:00:09,660][WARNING][modbus_packet] Field byte_count value 1967 outside constraints
[2026-05-18 14:00:09,674][WARNING][modbus_packet] Field byte_count value 1967 outside constraints
[2026-05-18 14:00:09,687][WARNING][modbus_packet] Field byte_count value 1967 outside constraints
[2026-05-18 14:00:09,701][WARNING][modbus_packet] Field byte_count value 1968 outside constraints
[2026-05-18 14:00:09,714][WARNING][modbus_packet] Field byte_count value 1968 outside constraints
[2026-05-18 14:00:09,728][WARNING][modbus_packet] Field byte_count value 1968 outside constraints
[2026-05-18 14:00:09,742][WARNING][modbus_packet] Field byte_count value 1968 outside constraints
[2026-05-18 14:00:09,757][WARNING][modbus_packet] Field byte_count value 1968 outside constraints
[2026-05-18 14:00:09,770][WARNING][modbus_packet] Field byte_count value 1968 outside constraints
[2026-05-18 14:00:09,785][WARNING][modbus_packet] Field byte_count value 1968 outside constraints
[2026-05-18 14:00:09,798][WARNING][modbus_packet] Field byte_count value 1968 outside constraints
[2026-05-18 14:00:09,813][WARNING][modbus_packet] Field byte_count value 1968 outside constraints
[2026-05-18 14:00:09,826][WARNING][modbus_packet] Field byte_count value 1968 outside constraints
[2026-05-18 14:00:09,840][WARNING][modbus_packet] Field byte_count value 1968 outside constraints
[2026-05-18 14:00:09,853][WARNING][modbus_packet] Field byte_count value 1968 outside constraints
[2026-05-18 14:00:09,867][WARNING][modbus_packet] Field byte_count value 1968 outside constraints
[2026-05-18 14:00:09,881][WARNING][modbus_packet] Field byte_count value 1968 outside constraints
[2026-05-18 14:00:09,895][WARNING][modbus_packet] Field byte_count value 1968 outside constraints
[2026-05-18 14:00:09,909][WARNING][modbus_packet] Field byte_count value 1968 outside constraints
[2026-05-18 14:00:09,922][WARNING][modbus_packet] Field byte_count value 1968 outside constraints
[2026-05-18 14:00:09,936][WARNING][modbus_packet] Field byte_count value 1968 outside constraints
[2026-05-18 14:00:09,950][WARNING][modbus_packet] Field byte_count value 1968 outside constraints
[2026-05-18 14:00:09,964][WARNING][modbus_packet] Field byte_count value 1968 outside constraints
[2026-05-18 14:00:09,978][WARNING][modbus_packet] Field byte_count value 1968 outside constraints
[2026-05-18 14:00:09,992][WARNING][modbus_packet] Field byte_count value 1968 outside constraints
[2026-05-18 14:00:10,005][WARNING][modbus_packet] Field byte_count value 1968 outside constraints
[2026-05-18 14:00:10,021][WARNING][modbus_packet] Field byte_count value 1968 outside constraints
[2026-05-18 14:00:10,035][WARNING][modbus_packet] Field byte_count value 1968 outside constraints
[2026-05-18 14:00:10,049][WARNING][modbus_packet] Field byte_count value 1968 outside constraints
[2026-05-18 14:00:10,062][WARNING][modbus_packet] Field byte_count value 1968 outside constraints
[2026-05-18 14:00:10,076][WARNING][modbus_packet] Field byte_count value 1968 outside constraints
[2026-05-18 14:00:10,090][WARNING][modbus_packet] Field byte_count value 1968 outside constraints
[2026-05-18 14:00:10,104][WARNING][modbus_packet] Field byte_count value 1968 outside constraints
[2026-05-18 14:00:10,118][WARNING][modbus_packet] Field byte_count value 1968 outside constraints
[2026-05-18 14:00:10,131][WARNING][modbus_packet] Field byte_count value 1968 outside constraints
[2026-05-18 14:00:10,146][WARNING][modbus_packet] Field byte_count value 1968 outside constraints
[2026-05-18 14:00:10,160][WARNING][modbus_packet] Field byte_count value 1968 outside constraints
[2026-05-18 14:00:10,175][WARNING][modbus_packet] Field byte_count value 1968 outside constraints
[2026-05-18 14:00:10,189][WARNING][modbus_packet] Field byte_count value 1968 outside constraints
[2026-05-18 14:00:10,203][WARNING][modbus_packet] Field byte_count value 1968 outside constraints
[2026-05-18 14:00:10,217][WARNING][modbus_packet] Field byte_count value 1968 outside constraints
[2026-05-18 14:00:10,231][WARNING][modbus_packet] Field byte_count value 1968 outside constraints
[2026-05-18 14:00:10,246][WARNING][modbus_packet] Field byte_count value 1968 outside constraints
[2026-05-18 14:00:16,834][INFO] Loaded configuration from config.yaml
[2026-05-18 14:00:16,835][DEBUG] Configuration validation passed
[2026-05-18 14:00:16,835][INFO][fuzzer_core] Starting fuzzing session against 192.168.60.3:502
[2026-05-18 14:00:16,835][INFO][fuzzer_core] Using strategies: ['grammar_based', 'boundary_values']
[2026-05-18 14:00:16,835][INFO][fuzzer_core] Fuzzing 12 function codes
[2026-05-18 14:00:16,835][INFO][fuzzer_core] Fuzzing function code 01
[2026-05-18 14:00:16,835][INFO][modbus_packet] Generated 48 test cases for FC01
[2026-05-18 14:00:16,840][INFO][modbus_connection] Connected to 192.168.60.3:502
[2026-05-18 14:00:16,889][INFO][fuzzer_core] New response pattern: 1:False:None:2
[2026-05-18 14:00:16,917][INFO][fuzzer_core] New response pattern: 1:False:None:33
[2026-05-18 14:00:16,944][INFO][fuzzer_core] New response pattern: 1:False:None:251
[2026-05-18 14:00:16,944][WARNING][fuzzer_core] Large response: 251 bytes
[2026-05-18 14:00:16,957][WARNING][fuzzer_core] Large response: 251 bytes
[2026-05-18 14:00:17,024][WARNING][fuzzer_core] Large response: 251 bytes
[2026-05-18 14:00:17,037][WARNING][fuzzer_core] Large response: 251 bytes
[2026-05-18 14:00:17,106][WARNING][fuzzer_core] Large response: 251 bytes
[2026-05-18 14:00:17,120][WARNING][fuzzer_core] Large response: 251 bytes
[2026-05-18 14:00:17,134][INFO][fuzzer_core] New response pattern: 1:True:2:1
[2026-05-18 14:00:17,577][INFO][fuzzer_core] Fuzzing function code 02
[2026-05-18 14:00:17,577][INFO][modbus_packet] Generated 48 test cases for FC02
[2026-05-18 14:00:17,582][INFO][fuzzer_core] New response pattern: 2:False:None:2
[2026-05-18 14:00:17,611][INFO][fuzzer_core] New response pattern: 2:False:None:33
[2026-05-18 14:00:17,638][INFO][fuzzer_core] New response pattern: 2:False:None:251
[2026-05-18 14:00:17,638][WARNING][fuzzer_core] Large response: 251 bytes
[2026-05-18 14:00:17,653][WARNING][fuzzer_core] Large response: 251 bytes
[2026-05-18 14:00:17,721][WARNING][fuzzer_core] Large response: 251 bytes
[2026-05-18 14:00:17,735][WARNING][fuzzer_core] Large response: 251 bytes
[2026-05-18 14:00:17,804][WARNING][fuzzer_core] Large response: 251 bytes
[2026-05-18 14:00:17,818][WARNING][fuzzer_core] Large response: 251 bytes
[2026-05-18 14:00:17,832][INFO][fuzzer_core] New response pattern: 2:True:2:1
[2026-05-18 14:00:18,282][INFO][fuzzer_core] Fuzzing function code 03
[2026-05-18 14:00:18,282][INFO][modbus_packet] Generated 32 test cases for FC03
[2026-05-18 14:00:18,285][INFO][fuzzer_core] New response pattern: 3:False:None:3
[2026-05-18 14:00:18,299][INFO][fuzzer_core] New response pattern: 3:False:None:5
[2026-05-18 14:00:18,313][INFO][fuzzer_core] New response pattern: 3:False:None:249
[2026-05-18 14:00:18,327][INFO][fuzzer_core] New response pattern: 3:False:None:251
[2026-05-18 14:00:18,327][WARNING][fuzzer_core] Large response: 251 bytes
[2026-05-18 14:00:18,382][WARNING][fuzzer_core] Large response: 251 bytes
[2026-05-18 14:00:18,438][WARNING][fuzzer_core] Large response: 251 bytes
[2026-05-18 14:00:18,452][INFO][fuzzer_core] New response pattern: 3:True:2:1
[2026-05-18 14:00:18,768][INFO][fuzzer_core] Fuzzing function code 04
[2026-05-18 14:00:18,768][INFO][modbus_packet] Generated 32 test cases for FC04
[2026-05-18 14:00:18,776][INFO][fuzzer_core] New response pattern: 4:False:None:3
[2026-05-18 14:00:18,790][INFO][fuzzer_core] New response pattern: 4:False:None:5
[2026-05-18 14:00:18,804][INFO][fuzzer_core] New response pattern: 4:False:None:249
[2026-05-18 14:00:18,818][INFO][fuzzer_core] New response pattern: 4:False:None:251
[2026-05-18 14:00:18,818][WARNING][fuzzer_core] Large response: 251 bytes
[2026-05-18 14:00:18,873][WARNING][fuzzer_core] Large response: 251 bytes
[2026-05-18 14:00:18,926][WARNING][fuzzer_core] Large response: 251 bytes
[2026-05-18 14:00:18,940][INFO][fuzzer_core] New response pattern: 4:True:2:1
[2026-05-18 14:00:19,259][INFO][fuzzer_core] Fuzzing function code 05
[2026-05-18 14:00:19,259][INFO][modbus_packet] Generated 64 test cases for FC05
[2026-05-18 14:00:19,263][INFO][fuzzer_core] New response pattern: 5:False:None:4
[2026-05-18 14:00:19,588][INFO][fuzzer_core] New response pattern: 5:True:2:1
[2026-05-18 14:00:20,173][INFO][fuzzer_core] Fuzzing function code 06
[2026-05-18 14:00:20,173][INFO][modbus_packet] Generated 64 test cases for FC06
[2026-05-18 14:00:20,177][INFO][fuzzer_core] New response pattern: 6:False:None:4
[2026-05-18 14:00:20,486][INFO][fuzzer_core] New response pattern: 6:True:2:1
[2026-05-18 14:00:21,078][INFO][fuzzer_core] Fuzzing function code 08
[2026-05-18 14:00:21,078][INFO][modbus_packet] Generated 64 test cases for FC08
[2026-05-18 14:00:21,081][INFO][fuzzer_core] New response pattern: 8:True:1:1
[2026-05-18 14:00:21,984][INFO][fuzzer_core] Fuzzing function code 0F
[2026-05-18 14:00:21,984][INFO][modbus_packet] Generated 288 test cases for FC0F
[2026-05-18 14:00:21,988][INFO][fuzzer_core] New response pattern: 15:False:None:4
[2026-05-18 14:00:22,529][INFO][fuzzer_core] New response pattern: 15:True:3:1
[2026-05-18 14:00:23,060][WARNING][modbus_packet] Field byte_count value 255 outside constraints
[2026-05-18 14:00:23,074][WARNING][modbus_packet] Field byte_count value 255 outside constraints
[2026-05-18 14:00:23,087][WARNING][modbus_packet] Field byte_count value 255 outside constraints
[2026-05-18 14:00:23,101][WARNING][modbus_packet] Field byte_count value 255 outside constraints
[2026-05-18 14:00:23,114][WARNING][modbus_packet] Field byte_count value 255 outside constraints
[2026-05-18 14:00:23,127][WARNING][modbus_packet] Field byte_count value 255 outside constraints
[2026-05-18 14:00:23,141][WARNING][modbus_packet] Field byte_count value 255 outside constraints
[2026-05-18 14:00:23,154][WARNING][modbus_packet] Field byte_count value 255 outside constraints
[2026-05-18 14:00:23,168][WARNING][modbus_packet] Field byte_count value 255 outside constraints
[2026-05-18 14:00:23,182][WARNING][modbus_packet] Field byte_count value 255 outside constraints
[2026-05-18 14:00:23,195][WARNING][modbus_packet] Field byte_count value 255 outside constraints
[2026-05-18 14:00:23,209][WARNING][modbus_packet] Field byte_count value 255 outside constraints
[2026-05-18 14:00:23,222][WARNING][modbus_packet] Field byte_count value 255 outside constraints
[2026-05-18 14:00:23,236][WARNING][modbus_packet] Field byte_count value 255 outside constraints
[2026-05-18 14:00:23,249][WARNING][modbus_packet] Field byte_count value 255 outside constraints
[2026-05-18 14:00:23,263][WARNING][modbus_packet] Field byte_count value 255 outside constraints
[2026-05-18 14:00:23,276][WARNING][modbus_packet] Field byte_count value 255 outside constraints
[2026-05-18 14:00:23,289][WARNING][modbus_packet] Field byte_count value 255 outside constraints
[2026-05-18 14:00:23,303][WARNING][modbus_packet] Field byte_count value 255 outside constraints
[2026-05-18 14:00:23,317][WARNING][modbus_packet] Field byte_count value 255 outside constraints
[2026-05-18 14:00:23,331][WARNING][modbus_packet] Field byte_count value 255 outside constraints
[2026-05-18 14:00:23,344][WARNING][modbus_packet] Field byte_count value 255 outside constraints
[2026-05-18 14:00:23,358][WARNING][modbus_packet] Field byte_count value 255 outside constraints
[2026-05-18 14:00:23,372][WARNING][modbus_packet] Field byte_count value 255 outside constraints
[2026-05-18 14:00:23,385][WARNING][modbus_packet] Field byte_count value 255 outside constraints
[2026-05-18 14:00:23,399][WARNING][modbus_packet] Field byte_count value 255 outside constraints
[2026-05-18 14:00:23,412][WARNING][modbus_packet] Field byte_count value 255 outside constraints
[2026-05-18 14:00:23,426][WARNING][modbus_packet] Field byte_count value 255 outside constraints
[2026-05-18 14:00:23,439][WARNING][modbus_packet] Field byte_count value 255 outside constraints
[2026-05-18 14:00:23,452][WARNING][modbus_packet] Field byte_count value 255 outside constraints
[2026-05-18 14:00:23,466][WARNING][modbus_packet] Field byte_count value 255 outside constraints
[2026-05-18 14:00:23,479][WARNING][modbus_packet] Field byte_count value 255 outside constraints
[2026-05-18 14:00:23,493][WARNING][modbus_packet] Field byte_count value 255 outside constraints
[2026-05-18 14:00:23,507][WARNING][modbus_packet] Field byte_count value 255 outside constraints
[2026-05-18 14:00:23,521][WARNING][modbus_packet] Field byte_count value 255 outside constraints
[2026-05-18 14:00:23,534][WARNING][modbus_packet] Field byte_count value 255 outside constraints
[2026-05-18 14:00:23,547][WARNING][modbus_packet] Field byte_count value 255 outside constraints
[2026-05-18 14:00:23,561][WARNING][modbus_packet] Field byte_count value 255 outside constraints
[2026-05-18 14:00:23,575][WARNING][modbus_packet] Field byte_count value 255 outside constraints
[2026-05-18 14:00:23,589][WARNING][modbus_packet] Field byte_count value 255 outside constraints
[2026-05-18 14:00:23,602][WARNING][modbus_packet] Field byte_count value 256 outside constraints
[2026-05-18 14:00:23,616][WARNING][modbus_packet] Field byte_count value 256 outside constraints
[2026-05-18 14:00:23,630][WARNING][modbus_packet] Field byte_count value 256 outside constraints
[2026-05-18 14:00:23,644][WARNING][modbus_packet] Field byte_count value 256 outside constraints
[2026-05-18 14:00:23,657][WARNING][modbus_packet] Field byte_count value 256 outside constraints
[2026-05-18 14:00:23,671][WARNING][modbus_packet] Field byte_count value 256 outside constraints
[2026-05-18 14:00:23,684][WARNING][modbus_packet] Field byte_count value 256 outside constraints
[2026-05-18 14:00:23,698][WARNING][modbus_packet] Field byte_count value 256 outside constraints
[2026-05-18 14:00:23,713][WARNING][modbus_packet] Field byte_count value 256 outside constraints
[2026-05-18 14:00:23,727][WARNING][modbus_packet] Field byte_count value 256 outside constraints
[2026-05-18 14:00:23,741][WARNING][modbus_packet] Field byte_count value 256 outside constraints
[2026-05-18 14:00:23,754][WARNING][modbus_packet] Field byte_count value 256 outside constraints
[2026-05-18 14:00:23,768][WARNING][modbus_packet] Field byte_count value 256 outside constraints
[2026-05-18 14:00:23,783][WARNING][modbus_packet] Field byte_count value 256 outside constraints
[2026-05-18 14:00:23,796][WARNING][modbus_packet] Field byte_count value 256 outside constraints
[2026-05-18 14:00:23,810][WARNING][modbus_packet] Field byte_count value 256 outside constraints
[2026-05-18 14:00:23,823][WARNING][modbus_packet] Field byte_count value 256 outside constraints
[2026-05-18 14:00:23,837][WARNING][modbus_packet] Field byte_count value 256 outside constraints
[2026-05-18 14:00:23,851][WARNING][modbus_packet] Field byte_count value 256 outside constraints
[2026-05-18 14:00:23,864][WARNING][modbus_packet] Field byte_count value 256 outside constraints
[2026-05-18 14:00:23,878][WARNING][modbus_packet] Field byte_count value 256 outside constraints
[2026-05-18 14:00:23,891][WARNING][modbus_packet] Field byte_count value 256 outside constraints
[2026-05-18 14:00:23,905][WARNING][modbus_packet] Field byte_count value 256 outside constraints
[2026-05-18 14:00:23,919][WARNING][modbus_packet] Field byte_count value 256 outside constraints
[2026-05-18 14:00:23,932][WARNING][modbus_packet] Field byte_count value 256 outside constraints
[2026-05-18 14:00:23,946][WARNING][modbus_packet] Field byte_count value 256 outside constraints
[2026-05-18 14:00:23,959][WARNING][modbus_packet] Field byte_count value 256 outside constraints
[2026-05-18 14:00:23,973][WARNING][modbus_packet] Field byte_count value 256 outside constraints
[2026-05-18 14:00:23,986][WARNING][modbus_packet] Field byte_count value 256 outside constraints
[2026-05-18 14:00:24,000][WARNING][modbus_packet] Field byte_count value 256 outside constraints
[2026-05-18 14:00:24,013][WARNING][modbus_packet] Field byte_count value 256 outside constraints
[2026-05-18 14:00:24,027][WARNING][modbus_packet] Field byte_count value 256 outside constraints
[2026-05-18 14:00:24,041][WARNING][modbus_packet] Field byte_count value 256 outside constraints
[2026-05-18 14:00:24,054][WARNING][modbus_packet] Field byte_count value 256 outside constraints
[2026-05-18 14:00:24,067][WARNING][modbus_packet] Field byte_count value 256 outside constraints
[2026-05-18 14:00:24,081][WARNING][modbus_packet] Field byte_count value 256 outside constraints
[2026-05-18 14:00:24,094][WARNING][modbus_packet] Field byte_count value 256 outside constraints
[2026-05-18 14:00:24,108][WARNING][modbus_packet] Field byte_count value 256 outside constraints
[2026-05-18 14:00:24,121][WARNING][modbus_packet] Field byte_count value 256 outside constraints
[2026-05-18 14:00:24,135][WARNING][modbus_packet] Field byte_count value 256 outside constraints
[2026-05-18 14:00:24,148][WARNING][modbus_packet] Field byte_count value 1967 outside constraints
[2026-05-18 14:00:24,162][WARNING][modbus_packet] Field byte_count value 1967 outside constraints
[2026-05-18 14:00:24,175][WARNING][modbus_packet] Field byte_count value 1967 outside constraints
[2026-05-18 14:00:24,188][WARNING][modbus_packet] Field byte_count value 1967 outside constraints
[2026-05-18 14:00:24,202][WARNING][modbus_packet] Field byte_count value 1967 outside constraints
[2026-05-18 14:00:24,215][WARNING][modbus_packet] Field byte_count value 1967 outside constraints
[2026-05-18 14:00:24,229][WARNING][modbus_packet] Field byte_count value 1967 outside constraints
[2026-05-18 14:00:24,242][WARNING][modbus_packet] Field byte_count value 1967 outside constraints
[2026-05-18 14:00:24,256][WARNING][modbus_packet] Field byte_count value 1967 outside constraints
[2026-05-18 14:00:24,270][WARNING][modbus_packet] Field byte_count value 1967 outside constraints
[2026-05-18 14:00:24,283][WARNING][modbus_packet] Field byte_count value 1967 outside constraints
[2026-05-18 14:00:24,297][WARNING][modbus_packet] Field byte_count value 1967 outside constraints
[2026-05-18 14:00:24,311][WARNING][modbus_packet] Field byte_count value 1967 outside constraints
[2026-05-18 14:00:24,324][WARNING][modbus_packet] Field byte_count value 1967 outside constraints
[2026-05-18 14:00:24,338][WARNING][modbus_packet] Field byte_count value 1967 outside constraints
[2026-05-18 14:00:24,352][WARNING][modbus_packet] Field byte_count value 1967 outside constraints
[2026-05-18 14:00:24,366][WARNING][modbus_packet] Field byte_count value 1967 outside constraints
[2026-05-18 14:00:24,380][WARNING][modbus_packet] Field byte_count value 1967 outside constraints
[2026-05-18 14:00:24,393][WARNING][modbus_packet] Field byte_count value 1967 outside constraints
[2026-05-18 14:00:24,407][WARNING][modbus_packet] Field byte_count value 1967 outside constraints
[2026-05-18 14:00:24,421][WARNING][modbus_packet] Field byte_count value 1967 outside constraints
[2026-05-18 14:00:24,434][WARNING][modbus_packet] Field byte_count value 1967 outside constraints
[2026-05-18 14:00:24,448][WARNING][modbus_packet] Field byte_count value 1967 outside constraints
[2026-05-18 14:00:24,462][WARNING][modbus_packet] Field byte_count value 1967 outside constraints
[2026-05-18 14:00:24,476][WARNING][modbus_packet] Field byte_count value 1967 outside constraints
[2026-05-18 14:00:24,489][WARNING][modbus_packet] Field byte_count value 1967 outside constraints
[2026-05-18 14:00:24,503][WARNING][modbus_packet] Field byte_count value 1967 outside constraints
[2026-05-18 14:00:24,518][WARNING][modbus_packet] Field byte_count value 1967 outside constraints
[2026-05-18 14:00:24,532][WARNING][modbus_packet] Field byte_count value 1967 outside constraints
[2026-05-18 14:00:24,546][WARNING][modbus_packet] Field byte_count value 1967 outside constraints
[2026-05-18 14:00:24,560][WARNING][modbus_packet] Field byte_count value 1967 outside constraints
[2026-05-18 14:00:24,573][WARNING][modbus_packet] Field byte_count value 1967 outside constraints
[2026-05-18 14:00:24,587][WARNING][modbus_packet] Field byte_count value 1967 outside constraints
[2026-05-18 14:00:24,601][WARNING][modbus_packet] Field byte_count value 1967 outside constraints
[2026-05-18 14:00:24,615][WARNING][modbus_packet] Field byte_count value 1967 outside constraints
[2026-05-18 14:00:24,628][WARNING][modbus_packet] Field byte_count value 1967 outside constraints
[2026-05-18 14:00:24,642][WARNING][modbus_packet] Field byte_count value 1967 outside constraints
[2026-05-18 14:00:24,656][WARNING][modbus_packet] Field byte_count value 1967 outside constraints
[2026-05-18 14:00:24,670][WARNING][modbus_packet] Field byte_count value 1967 outside constraints
[2026-05-18 14:00:24,683][WARNING][modbus_packet] Field byte_count value 1967 outside constraints
[2026-05-18 14:00:24,696][WARNING][modbus_packet] Field byte_count value 1968 outside constraints
[2026-05-18 14:00:24,709][WARNING][modbus_packet] Field byte_count value 1968 outside constraints
[2026-05-18 14:00:24,723][WARNING][modbus_packet] Field byte_count value 1968 outside constraints
[2026-05-18 14:00:24,737][WARNING][modbus_packet] Field byte_count value 1968 outside constraints
[2026-05-18 14:00:24,750][WARNING][modbus_packet] Field byte_count value 1968 outside constraints
[2026-05-18 14:00:24,763][WARNING][modbus_packet] Field byte_count value 1968 outside constraints
[2026-05-18 14:00:24,776][WARNING][modbus_packet] Field byte_count value 1968 outside constraints
[2026-05-18 14:00:24,790][WARNING][modbus_packet] Field byte_count value 1968 outside constraints
[2026-05-18 14:00:24,803][WARNING][modbus_packet] Field byte_count value 1968 outside constraints
[2026-05-18 14:00:24,817][WARNING][modbus_packet] Field byte_count value 1968 outside constraints
[2026-05-18 14:00:24,831][WARNING][modbus_packet] Field byte_count value 1968 outside constraints
[2026-05-18 14:00:24,845][WARNING][modbus_packet] Field byte_count value 1968 outside constraints
[2026-05-18 14:00:24,859][WARNING][modbus_packet] Field byte_count value 1968 outside constraints
[2026-05-18 14:00:24,872][WARNING][modbus_packet] Field byte_count value 1968 outside constraints
[2026-05-18 14:00:24,887][WARNING][modbus_packet] Field byte_count value 1968 outside constraints
[2026-05-18 14:00:24,901][WARNING][modbus_packet] Field byte_count value 1968 outside constraints
[2026-05-18 14:00:24,915][WARNING][modbus_packet] Field byte_count value 1968 outside constraints
[2026-05-18 14:00:24,929][WARNING][modbus_packet] Field byte_count value 1968 outside constraints
[2026-05-18 14:00:24,943][WARNING][modbus_packet] Field byte_count value 1968 outside constraints
[2026-05-18 14:00:24,957][WARNING][modbus_packet] Field byte_count value 1968 outside constraints
[2026-05-18 14:00:24,970][WARNING][modbus_packet] Field byte_count value 1968 outside constraints
[2026-05-18 14:00:24,984][WARNING][modbus_packet] Field byte_count value 1968 outside constraints
[2026-05-18 14:00:24,997][WARNING][modbus_packet] Field byte_count value 1968 outside constraints
[2026-05-18 14:00:25,012][WARNING][modbus_packet] Field byte_count value 1968 outside constraints
[2026-05-18 14:00:25,026][WARNING][modbus_packet] Field byte_count value 1968 outside constraints
[2026-05-18 14:00:25,040][WARNING][modbus_packet] Field byte_count value 1968 outside constraints
[2026-05-18 14:00:25,054][WARNING][modbus_packet] Field byte_count value 1968 outside constraints
[2026-05-18 14:00:25,067][WARNING][modbus_packet] Field byte_count value 1968 outside constraints
[2026-05-18 14:00:25,080][WARNING][modbus_packet] Field byte_count value 1968 outside constraints
[2026-05-18 14:00:25,093][WARNING][modbus_packet] Field byte_count value 1968 outside constraints
[2026-05-18 14:00:25,106][WARNING][modbus_packet] Field byte_count value 1968 outside constraints
[2026-05-18 14:00:25,120][WARNING][modbus_packet] Field byte_count value 1968 outside constraints
[2026-05-18 14:00:25,133][WARNING][modbus_packet] Field byte_count value 1968 outside constraints
[2026-05-18 14:00:25,145][WARNING][modbus_packet] Field byte_count value 1968 outside constraints
[2026-05-18 14:00:25,159][WARNING][modbus_packet] Field byte_count value 1968 outside constraints
[2026-05-18 14:00:25,172][WARNING][modbus_packet] Field byte_count value 1968 outside constraints
[2026-05-18 14:00:25,186][WARNING][modbus_packet] Field byte_count value 1968 outside constraints
[2026-05-18 14:00:25,199][WARNING][modbus_packet] Field byte_count value 1968 outside constraints
[2026-05-18 14:00:25,213][WARNING][modbus_packet] Field byte_count value 1968 outside constraints
[2026-05-18 14:00:25,226][WARNING][modbus_packet] Field byte_count value 1968 outside constraints
[2026-05-18 14:00:26,320][WARNING][modbus_packet] Field byte_count value 255 outside constraints
[2026-05-18 14:00:26,334][WARNING][modbus_packet] Field byte_count value 255 outside constraints
[2026-05-18 14:00:26,347][WARNING][modbus_packet] Field byte_count value 255 outside constraints
[2026-05-18 14:00:26,361][WARNING][modbus_packet] Field byte_count value 255 outside constraints
[2026-05-18 14:00:26,375][WARNING][modbus_packet] Field byte_count value 255 outside constraints
[2026-05-18 14:00:26,388][WARNING][modbus_packet] Field byte_count value 255 outside constraints
[2026-05-18 14:00:26,402][WARNING][modbus_packet] Field byte_count value 255 outside constraints
[2026-05-18 14:00:26,416][WARNING][modbus_packet] Field byte_count value 255 outside constraints
[2026-05-18 14:00:26,430][WARNING][modbus_packet] Field byte_count value 255 outside constraints
[2026-05-18 14:00:26,444][WARNING][modbus_packet] Field byte_count value 255 outside constraints
[2026-05-18 14:00:26,457][WARNING][modbus_packet] Field byte_count value 255 outside constraints
[2026-05-18 14:00:26,471][WARNING][modbus_packet] Field byte_count value 255 outside constraints
[2026-05-18 14:00:26,485][WARNING][modbus_packet] Field byte_count value 255 outside constraints
[2026-05-18 14:00:26,498][WARNING][modbus_packet] Field byte_count value 255 outside constraints
[2026-05-18 14:00:26,512][WARNING][modbus_packet] Field byte_count value 255 outside constraints
[2026-05-18 14:00:26,529][WARNING][modbus_packet] Field byte_count value 255 outside constraints
[2026-05-18 14:00:26,543][WARNING][modbus_packet] Field byte_count value 255 outside constraints
[2026-05-18 14:00:26,557][WARNING][modbus_packet] Field byte_count value 255 outside constraints
[2026-05-18 14:00:26,571][WARNING][modbus_packet] Field byte_count value 255 outside constraints
[2026-05-18 14:00:26,585][WARNING][modbus_packet] Field byte_count value 255 outside constraints
[2026-05-18 14:00:26,599][WARNING][modbus_packet] Field byte_count value 255 outside constraints
[2026-05-18 14:00:26,613][WARNING][modbus_packet] Field byte_count value 255 outside constraints
[2026-05-18 14:00:26,627][WARNING][modbus_packet] Field byte_count value 255 outside constraints
[2026-05-18 14:00:26,641][WARNING][modbus_packet] Field byte_count value 255 outside constraints
[2026-05-18 14:00:26,655][WARNING][modbus_packet] Field byte_count value 255 outside constraints
[2026-05-18 14:00:26,669][WARNING][modbus_packet] Field byte_count value 255 outside constraints
[2026-05-18 14:00:26,683][WARNING][modbus_packet] Field byte_count value 255 outside constraints
[2026-05-18 14:00:26,697][WARNING][modbus_packet] Field byte_count value 255 outside constraints
[2026-05-18 14:00:26,710][WARNING][modbus_packet] Field byte_count value 255 outside constraints
[2026-05-18 14:00:26,724][WARNING][modbus_packet] Field byte_count value 255 outside constraints
[2026-05-18 14:00:26,738][WARNING][modbus_packet] Field byte_count value 255 outside constraints
[2026-05-18 14:00:26,752][WARNING][modbus_packet] Field byte_count value 255 outside constraints
[2026-05-18 14:00:26,766][WARNING][modbus_packet] Field byte_count value 255 outside constraints
[2026-05-18 14:00:26,780][WARNING][modbus_packet] Field byte_count value 255 outside constraints
[2026-05-18 14:00:26,794][WARNING][modbus_packet] Field byte_count value 255 outside constraints
[2026-05-18 14:00:26,807][WARNING][modbus_packet] Field byte_count value 255 outside constraints
[2026-05-18 14:00:26,821][WARNING][modbus_packet] Field byte_count value 255 outside constraints
[2026-05-18 14:00:26,834][WARNING][modbus_packet] Field byte_count value 255 outside constraints
[2026-05-18 14:00:26,848][WARNING][modbus_packet] Field byte_count value 255 outside constraints
[2026-05-18 14:00:26,861][WARNING][modbus_packet] Field byte_count value 255 outside constraints
[2026-05-18 14:00:26,875][WARNING][modbus_packet] Field byte_count value 256 outside constraints
[2026-05-18 14:00:26,889][WARNING][modbus_packet] Field byte_count value 256 outside constraints
[2026-05-18 14:00:26,903][WARNING][modbus_packet] Field byte_count value 256 outside constraints
[2026-05-18 14:00:26,917][WARNING][modbus_packet] Field byte_count value 256 outside constraints
[2026-05-18 14:00:26,931][WARNING][modbus_packet] Field byte_count value 256 outside constraints
[2026-05-18 14:00:26,945][WARNING][modbus_packet] Field byte_count value 256 outside constraints
[2026-05-18 14:00:26,958][WARNING][modbus_packet] Field byte_count value 256 outside constraints
[2026-05-18 14:00:26,972][WARNING][modbus_packet] Field byte_count value 256 outside constraints
[2026-05-18 14:00:26,987][WARNING][modbus_packet] Field byte_count value 256 outside constraints
[2026-05-18 14:00:27,001][WARNING][modbus_packet] Field byte_count value 256 outside constraints
[2026-05-18 14:00:27,015][WARNING][modbus_packet] Field byte_count value 256 outside constraints
[2026-05-18 14:00:27,029][WARNING][modbus_packet] Field byte_count value 256 outside constraints
[2026-05-18 14:00:27,042][WARNING][modbus_packet] Field byte_count value 256 outside constraints
[2026-05-18 14:00:27,056][WARNING][modbus_packet] Field byte_count value 256 outside constraints
[2026-05-18 14:00:27,069][WARNING][modbus_packet] Field byte_count value 256 outside constraints
[2026-05-18 14:00:27,083][WARNING][modbus_packet] Field byte_count value 256 outside constraints
[2026-05-18 14:00:27,096][WARNING][modbus_packet] Field byte_count value 256 outside constraints
[2026-05-18 14:00:27,110][WARNING][modbus_packet] Field byte_count value 256 outside constraints
[2026-05-18 14:00:27,124][WARNING][modbus_packet] Field byte_count value 256 outside constraints
[2026-05-18 14:00:27,138][WARNING][modbus_packet] Field byte_count value 256 outside constraints
[2026-05-18 14:00:27,152][WARNING][modbus_packet] Field byte_count value 256 outside constraints
[2026-05-18 14:00:27,165][WARNING][modbus_packet] Field byte_count value 256 outside constraints
[2026-05-18 14:00:27,179][WARNING][modbus_packet] Field byte_count value 256 outside constraints
[2026-05-18 14:00:27,193][WARNING][modbus_packet] Field byte_count value 256 outside constraints
[2026-05-18 14:00:27,207][WARNING][modbus_packet] Field byte_count value 256 outside constraints
[2026-05-18 14:00:27,220][WARNING][modbus_packet] Field byte_count value 256 outside constraints
[2026-05-18 14:00:27,234][WARNING][modbus_packet] Field byte_count value 256 outside constraints
[2026-05-18 14:00:27,248][WARNING][modbus_packet] Field byte_count value 256 outside constraints
[2026-05-18 14:00:27,261][WARNING][modbus_packet] Field byte_count value 256 outside constraints
[2026-05-18 14:00:27,275][WARNING][modbus_packet] Field byte_count value 256 outside constraints
[2026-05-18 14:00:27,288][WARNING][modbus_packet] Field byte_count value 256 outside constraints
[2026-05-18 14:00:27,302][WARNING][modbus_packet] Field byte_count value 256 outside constraints
[2026-05-18 14:00:27,315][WARNING][modbus_packet] Field byte_count value 256 outside constraints
[2026-05-18 14:00:27,329][WARNING][modbus_packet] Field byte_count value 256 outside constraints
[2026-05-18 14:00:27,343][WARNING][modbus_packet] Field byte_count value 256 outside constraints
[2026-05-18 14:00:27,356][WARNING][modbus_packet] Field byte_count value 256 outside constraints
[2026-05-18 14:00:27,370][WARNING][modbus_packet] Field byte_count value 256 outside constraints
[2026-05-18 14:00:27,384][WARNING][modbus_packet] Field byte_count value 256 outside constraints
[2026-05-18 14:00:27,398][WARNING][modbus_packet] Field byte_count value 256 outside constraints
[2026-05-18 14:00:27,412][WARNING][modbus_packet] Field byte_count value 256 outside constraints
[2026-05-18 14:00:27,425][WARNING][modbus_packet] Field byte_count value 1967 outside constraints
[2026-05-18 14:00:27,439][WARNING][modbus_packet] Field byte_count value 1967 outside constraints
[2026-05-18 14:00:27,453][WARNING][modbus_packet] Field byte_count value 1967 outside constraints
[2026-05-18 14:00:27,466][WARNING][modbus_packet] Field byte_count value 1967 outside constraints
[2026-05-18 14:00:27,480][WARNING][modbus_packet] Field byte_count value 1967 outside constraints
[2026-05-18 14:00:27,493][WARNING][modbus_packet] Field byte_count value 1967 outside constraints
[2026-05-18 14:00:27,506][WARNING][modbus_packet] Field byte_count value 1967 outside constraints
[2026-05-18 14:00:27,520][WARNING][modbus_packet] Field byte_count value 1967 outside constraints
[2026-05-18 14:00:27,534][WARNING][modbus_packet] Field byte_count value 1967 outside constraints
[2026-05-18 14:00:27,547][WARNING][modbus_packet] Field byte_count value 1967 outside constraints
[2026-05-18 14:00:27,560][WARNING][modbus_packet] Field byte_count value 1967 outside constraints
[2026-05-18 14:00:27,574][WARNING][modbus_packet] Field byte_count value 1967 outside constraints
[2026-05-18 14:00:27,587][WARNING][modbus_packet] Field byte_count value 1967 outside constraints
[2026-05-18 14:00:27,601][WARNING][modbus_packet] Field byte_count value 1967 outside constraints
[2026-05-18 14:00:27,615][WARNING][modbus_packet] Field byte_count value 1967 outside constraints
[2026-05-18 14:00:27,629][WARNING][modbus_packet] Field byte_count value 1967 outside constraints
[2026-05-18 14:00:27,644][WARNING][modbus_packet] Field byte_count value 1967 outside constraints
[2026-05-18 14:00:27,658][WARNING][modbus_packet] Field byte_count value 1967 outside constraints
[2026-05-18 14:00:27,672][WARNING][modbus_packet] Field byte_count value 1967 outside constraints
[2026-05-18 14:00:27,686][WARNING][modbus_packet] Field byte_count value 1967 outside constraints
[2026-05-18 14:00:27,699][WARNING][modbus_packet] Field byte_count value 1967 outside constraints
[2026-05-18 14:00:27,713][WARNING][modbus_packet] Field byte_count value 1967 outside constraints
[2026-05-18 14:00:27,727][WARNING][modbus_packet] Field byte_count value 1967 outside constraints
[2026-05-18 14:00:27,740][WARNING][modbus_packet] Field byte_count value 1967 outside constraints
[2026-05-18 14:00:27,754][WARNING][modbus_packet] Field byte_count value 1967 outside constraints
[2026-05-18 14:00:27,768][WARNING][modbus_packet] Field byte_count value 1967 outside constraints
[2026-05-18 14:00:27,783][WARNING][modbus_packet] Field byte_count value 1967 outside constraints
[2026-05-18 14:00:27,797][WARNING][modbus_packet] Field byte_count value 1967 outside constraints
[2026-05-18 14:00:27,811][WARNING][modbus_packet] Field byte_count value 1967 outside constraints
[2026-05-18 14:00:27,825][WARNING][modbus_packet] Field byte_count value 1967 outside constraints
[2026-05-18 14:00:27,838][WARNING][modbus_packet] Field byte_count value 1967 outside constraints
[2026-05-18 14:00:27,852][WARNING][modbus_packet] Field byte_count value 1967 outside constraints
[2026-05-18 14:00:27,866][WARNING][modbus_packet] Field byte_count value 1967 outside constraints
[2026-05-18 14:00:27,879][WARNING][modbus_packet] Field byte_count value 1967 outside constraints
[2026-05-18 14:00:27,893][WARNING][modbus_packet] Field byte_count value 1967 outside constraints
[2026-05-18 14:00:27,906][WARNING][modbus_packet] Field byte_count value 1967 outside constraints
[2026-05-18 14:00:27,920][WARNING][modbus_packet] Field byte_count value 1967 outside constraints
[2026-05-18 14:00:27,934][WARNING][modbus_packet] Field byte_count value 1967 outside constraints
[2026-05-18 14:00:27,949][WARNING][modbus_packet] Field byte_count value 1967 outside constraints
[2026-05-18 14:00:27,963][WARNING][modbus_packet] Field byte_count value 1967 outside constraints
[2026-05-18 14:00:27,977][WARNING][modbus_packet] Field byte_count value 1968 outside constraints
[2026-05-18 14:00:27,990][WARNING][modbus_packet] Field byte_count value 1968 outside constraints
[2026-05-18 14:00:28,004][WARNING][modbus_packet] Field byte_count value 1968 outside constraints
[2026-05-18 14:00:28,018][WARNING][modbus_packet] Field byte_count value 1968 outside constraints
[2026-05-18 14:00:28,035][WARNING][modbus_packet] Field byte_count value 1968 outside constraints
[2026-05-18 14:00:28,050][WARNING][modbus_packet] Field byte_count value 1968 outside constraints
[2026-05-18 14:00:28,063][WARNING][modbus_packet] Field byte_count value 1968 outside constraints
[2026-05-18 14:00:28,077][WARNING][modbus_packet] Field byte_count value 1968 outside constraints
[2026-05-18 14:00:28,091][WARNING][modbus_packet] Field byte_count value 1968 outside constraints
[2026-05-18 14:00:28,104][WARNING][modbus_packet] Field byte_count value 1968 outside constraints
[2026-05-18 14:00:28,118][WARNING][modbus_packet] Field byte_count value 1968 outside constraints
[2026-05-18 14:00:28,131][WARNING][modbus_packet] Field byte_count value 1968 outside constraints
[2026-05-18 14:00:28,145][WARNING][modbus_packet] Field byte_count value 1968 outside constraints
[2026-05-18 14:00:28,158][WARNING][modbus_packet] Field byte_count value 1968 outside constraints
[2026-05-18 14:00:28,172][WARNING][modbus_packet] Field byte_count value 1968 outside constraints
[2026-05-18 14:00:28,185][WARNING][modbus_packet] Field byte_count value 1968 outside constraints
[2026-05-18 14:00:28,199][WARNING][modbus_packet] Field byte_count value 1968 outside constraints
[2026-05-18 14:00:28,212][WARNING][modbus_packet] Field byte_count value 1968 outside constraints
[2026-05-18 14:00:28,225][WARNING][modbus_packet] Field byte_count value 1968 outside constraints
[2026-05-18 14:00:28,239][WARNING][modbus_packet] Field byte_count value 1968 outside constraints
[2026-05-18 14:00:28,252][WARNING][modbus_packet] Field byte_count value 1968 outside constraints
[2026-05-18 14:00:28,266][WARNING][modbus_packet] Field byte_count value 1968 outside constraints
[2026-05-18 14:00:28,280][WARNING][modbus_packet] Field byte_count value 1968 outside constraints
[2026-05-18 14:00:28,293][WARNING][modbus_packet] Field byte_count value 1968 outside constraints
[2026-05-18 14:00:28,306][WARNING][modbus_packet] Field byte_count value 1968 outside constraints
[2026-05-18 14:00:28,320][WARNING][modbus_packet] Field byte_count value 1968 outside constraints
[2026-05-18 14:00:28,334][WARNING][modbus_packet] Field byte_count value 1968 outside constraints
[2026-05-18 14:00:28,348][WARNING][modbus_packet] Field byte_count value 1968 outside constraints
[2026-05-18 14:00:28,362][WARNING][modbus_packet] Field byte_count value 1968 outside constraints
[2026-05-18 14:00:28,375][WARNING][modbus_packet] Field byte_count value 1968 outside constraints
[2026-05-18 14:00:28,389][WARNING][modbus_packet] Field byte_count value 1968 outside constraints
[2026-05-18 14:00:28,402][WARNING][modbus_packet] Field byte_count value 1968 outside constraints
[2026-05-18 14:00:28,416][WARNING][modbus_packet] Field byte_count value 1968 outside constraints
[2026-05-18 14:00:28,430][WARNING][modbus_packet] Field byte_count value 1968 outside constraints
[2026-05-18 14:00:28,444][WARNING][modbus_packet] Field byte_count value 1968 outside constraints
[2026-05-18 14:00:28,457][WARNING][modbus_packet] Field byte_count value 1968 outside constraints
[2026-05-18 14:00:28,471][WARNING][modbus_packet] Field byte_count value 1968 outside constraints
[2026-05-18 14:00:28,485][WARNING][modbus_packet] Field byte_count value 1968 outside constraints
[2026-05-18 14:00:28,499][WARNING][modbus_packet] Field byte_count value 1968 outside constraints
[2026-05-18 14:00:28,513][WARNING][modbus_packet] Field byte_count value 1968 outside constraints
[2026-05-18 14:00:29,608][WARNING][modbus_packet] Field byte_count value 255 outside constraints
[2026-05-18 14:00:29,622][WARNING][modbus_packet] Field byte_count value 255 outside constraints
[2026-05-18 14:00:29,637][WARNING][modbus_packet] Field byte_count value 255 outside constraints
[2026-05-18 14:00:29,650][WARNING][modbus_packet] Field byte_count value 255 outside constraints
[2026-05-18 14:00:29,664][WARNING][modbus_packet] Field byte_count value 255 outside constraints
[2026-05-18 14:00:29,677][WARNING][modbus_packet] Field byte_count value 255 outside constraints
[2026-05-18 14:00:29,691][WARNING][modbus_packet] Field byte_count value 255 outside constraints
[2026-05-18 14:00:29,704][WARNING][modbus_packet] Field byte_count value 255 outside constraints
[2026-05-18 14:00:29,718][WARNING][modbus_packet] Field byte_count value 255 outside constraints
[2026-05-18 14:00:29,731][WARNING][modbus_packet] Field byte_count value 255 outside constraints
[2026-05-18 14:00:29,745][WARNING][modbus_packet] Field byte_count value 255 outside constraints
[2026-05-18 14:00:29,758][WARNING][modbus_packet] Field byte_count value 255 outside constraints
[2026-05-18 14:00:29,773][WARNING][modbus_packet] Field byte_count value 255 outside constraints
[2026-05-18 14:00:29,788][WARNING][modbus_packet] Field byte_count value 255 outside constraints
[2026-05-18 14:00:29,801][WARNING][modbus_packet] Field byte_count value 255 outside constraints
[2026-05-18 14:00:29,815][WARNING][modbus_packet] Field byte_count value 255 outside constraints
[2026-05-18 14:00:29,828][WARNING][modbus_packet] Field byte_count value 255 outside constraints
[2026-05-18 14:00:29,842][WARNING][modbus_packet] Field byte_count value 255 outside constraints
[2026-05-18 14:00:29,856][WARNING][modbus_packet] Field byte_count value 255 outside constraints
[2026-05-18 14:00:29,870][WARNING][modbus_packet] Field byte_count value 255 outside constraints
[2026-05-18 14:00:29,884][WARNING][modbus_packet] Field byte_count value 255 outside constraints
[2026-05-18 14:00:29,898][WARNING][modbus_packet] Field byte_count value 255 outside constraints
[2026-05-18 14:00:29,912][WARNING][modbus_packet] Field byte_count value 255 outside constraints
[2026-05-18 14:00:29,926][WARNING][modbus_packet] Field byte_count value 255 outside constraints
[2026-05-18 14:00:29,939][WARNING][modbus_packet] Field byte_count value 255 outside constraints
[2026-05-18 14:00:29,952][WARNING][modbus_packet] Field byte_count value 255 outside constraints
[2026-05-18 14:00:29,966][WARNING][modbus_packet] Field byte_count value 255 outside constraints
[2026-05-18 14:00:29,979][WARNING][modbus_packet] Field byte_count value 255 outside constraints
[2026-05-18 14:00:29,992][WARNING][modbus_packet] Field byte_count value 255 outside constraints
[2026-05-18 14:00:30,006][WARNING][modbus_packet] Field byte_count value 255 outside constraints
[2026-05-18 14:00:30,020][WARNING][modbus_packet] Field byte_count value 255 outside constraints
[2026-05-18 14:00:30,033][WARNING][modbus_packet] Field byte_count value 255 outside constraints
[2026-05-18 14:00:30,047][WARNING][modbus_packet] Field byte_count value 255 outside constraints
[2026-05-18 14:00:30,060][WARNING][modbus_packet] Field byte_count value 255 outside constraints
[2026-05-18 14:00:30,074][WARNING][modbus_packet] Field byte_count value 255 outside constraints
[2026-05-18 14:00:30,088][WARNING][modbus_packet] Field byte_count value 255 outside constraints
[2026-05-18 14:00:30,101][WARNING][modbus_packet] Field byte_count value 255 outside constraints
[2026-05-18 14:00:30,115][WARNING][modbus_packet] Field byte_count value 255 outside constraints
[2026-05-18 14:00:30,128][WARNING][modbus_packet] Field byte_count value 255 outside constraints
[2026-05-18 14:00:30,142][WARNING][modbus_packet] Field byte_count value 255 outside constraints
[2026-05-18 14:00:30,156][WARNING][modbus_packet] Field byte_count value 256 outside constraints
[2026-05-18 14:00:30,169][WARNING][modbus_packet] Field byte_count value 256 outside constraints
[2026-05-18 14:00:30,183][WARNING][modbus_packet] Field byte_count value 256 outside constraints
[2026-05-18 14:00:30,196][WARNING][modbus_packet] Field byte_count value 256 outside constraints
[2026-05-18 14:00:30,210][WARNING][modbus_packet] Field byte_count value 256 outside constraints
[2026-05-18 14:00:30,223][WARNING][modbus_packet] Field byte_count value 256 outside constraints
[2026-05-18 14:00:30,236][WARNING][modbus_packet] Field byte_count value 256 outside constraints
[2026-05-18 14:00:30,250][WARNING][modbus_packet] Field byte_count value 256 outside constraints
[2026-05-18 14:00:30,263][WARNING][modbus_packet] Field byte_count value 256 outside constraints
[2026-05-18 14:00:30,277][WARNING][modbus_packet] Field byte_count value 256 outside constraints
[2026-05-18 14:00:30,291][WARNING][modbus_packet] Field byte_count value 256 outside constraints
[2026-05-18 14:00:30,305][WARNING][modbus_packet] Field byte_count value 256 outside constraints
[2026-05-18 14:00:30,318][WARNING][modbus_packet] Field byte_count value 256 outside constraints
[2026-05-18 14:00:30,332][WARNING][modbus_packet] Field byte_count value 256 outside constraints
[2026-05-18 14:00:30,345][WARNING][modbus_packet] Field byte_count value 256 outside constraints
[2026-05-18 14:00:30,359][WARNING][modbus_packet] Field byte_count value 256 outside constraints
[2026-05-18 14:00:30,373][WARNING][modbus_packet] Field byte_count value 256 outside constraints
[2026-05-18 14:00:30,386][WARNING][modbus_packet] Field byte_count value 256 outside constraints
[2026-05-18 14:00:30,399][WARNING][modbus_packet] Field byte_count value 256 outside constraints
[2026-05-18 14:00:30,412][WARNING][modbus_packet] Field byte_count value 256 outside constraints
[2026-05-18 14:00:30,426][WARNING][modbus_packet] Field byte_count value 256 outside constraints
[2026-05-18 14:00:30,440][WARNING][modbus_packet] Field byte_count value 256 outside constraints
[2026-05-18 14:00:30,453][WARNING][modbus_packet] Field byte_count value 256 outside constraints
[2026-05-18 14:00:30,466][WARNING][modbus_packet] Field byte_count value 256 outside constraints
[2026-05-18 14:00:30,480][WARNING][modbus_packet] Field byte_count value 256 outside constraints
[2026-05-18 14:00:30,493][WARNING][modbus_packet] Field byte_count value 256 outside constraints
[2026-05-18 14:00:30,507][WARNING][modbus_packet] Field byte_count value 256 outside constraints
[2026-05-18 14:00:30,521][WARNING][modbus_packet] Field byte_count value 256 outside constraints
[2026-05-18 14:00:30,534][WARNING][modbus_packet] Field byte_count value 256 outside constraints
[2026-05-18 14:00:30,548][WARNING][modbus_packet] Field byte_count value 256 outside constraints
[2026-05-18 14:00:30,561][WARNING][modbus_packet] Field byte_count value 256 outside constraints
[2026-05-18 14:00:30,574][WARNING][modbus_packet] Field byte_count value 256 outside constraints
[2026-05-18 14:00:30,588][WARNING][modbus_packet] Field byte_count value 256 outside constraints
[2026-05-18 14:00:30,602][WARNING][modbus_packet] Field byte_count value 256 outside constraints
[2026-05-18 14:00:30,615][WARNING][modbus_packet] Field byte_count value 256 outside constraints
[2026-05-18 14:00:30,629][WARNING][modbus_packet] Field byte_count value 256 outside constraints
[2026-05-18 14:00:30,643][WARNING][modbus_packet] Field byte_count value 256 outside constraints
[2026-05-18 14:00:30,657][WARNING][modbus_packet] Field byte_count value 256 outside constraints
[2026-05-18 14:00:30,672][WARNING][modbus_packet] Field byte_count value 256 outside constraints
[2026-05-18 14:00:30,686][WARNING][modbus_packet] Field byte_count value 256 outside constraints
[2026-05-18 14:00:30,700][WARNING][modbus_packet] Field byte_count value 1967 outside constraints
[2026-05-18 14:00:30,714][WARNING][modbus_packet] Field byte_count value 1967 outside constraints
[2026-05-18 14:00:30,728][WARNING][modbus_packet] Field byte_count value 1967 outside constraints
[2026-05-18 14:00:30,741][WARNING][modbus_packet] Field byte_count value 1967 outside constraints
[2026-05-18 14:00:30,755][WARNING][modbus_packet] Field byte_count value 1967 outside constraints
[2026-05-18 14:00:30,769][WARNING][modbus_packet] Field byte_count value 1967 outside constraints
[2026-05-18 14:00:30,783][WARNING][modbus_packet] Field byte_count value 1967 outside constraints
[2026-05-18 14:00:30,797][WARNING][modbus_packet] Field byte_count value 1967 outside constraints
[2026-05-18 14:00:30,811][WARNING][modbus_packet] Field byte_count value 1967 outside constraints
[2026-05-18 14:00:30,826][WARNING][modbus_packet] Field byte_count value 1967 outside constraints
[2026-05-18 14:00:30,839][WARNING][modbus_packet] Field byte_count value 1967 outside constraints
[2026-05-18 14:00:30,852][WARNING][modbus_packet] Field byte_count value 1967 outside constraints
[2026-05-18 14:00:30,867][WARNING][modbus_packet] Field byte_count value 1967 outside constraints
[2026-05-18 14:00:30,880][WARNING][modbus_packet] Field byte_count value 1967 outside constraints
[2026-05-18 14:00:30,895][WARNING][modbus_packet] Field byte_count value 1967 outside constraints
[2026-05-18 14:00:30,909][WARNING][modbus_packet] Field byte_count value 1967 outside constraints
[2026-05-18 14:00:30,922][WARNING][modbus_packet] Field byte_count value 1967 outside constraints
[2026-05-18 14:00:30,936][WARNING][modbus_packet] Field byte_count value 1967 outside constraints
[2026-05-18 14:00:30,950][WARNING][modbus_packet] Field byte_count value 1967 outside constraints
[2026-05-18 14:00:30,964][WARNING][modbus_packet] Field byte_count value 1967 outside constraints
[2026-05-18 14:00:30,977][WARNING][modbus_packet] Field byte_count value 1967 outside constraints
[2026-05-18 14:00:30,991][WARNING][modbus_packet] Field byte_count value 1967 outside constraints
[2026-05-18 14:00:31,005][WARNING][modbus_packet] Field byte_count value 1967 outside constraints
[2026-05-18 14:00:31,021][WARNING][modbus_packet] Field byte_count value 1967 outside constraints
[2026-05-18 14:00:31,036][WARNING][modbus_packet] Field byte_count value 1967 outside constraints
[2026-05-18 14:00:31,050][WARNING][modbus_packet] Field byte_count value 1967 outside constraints
[2026-05-18 14:00:31,064][WARNING][modbus_packet] Field byte_count value 1967 outside constraints
[2026-05-18 14:00:31,077][WARNING][modbus_packet] Field byte_count value 1967 outside constraints
[2026-05-18 14:00:31,090][WARNING][modbus_packet] Field byte_count value 1967 outside constraints
[2026-05-18 14:00:31,104][WARNING][modbus_packet] Field byte_count value 1967 outside constraints
[2026-05-18 14:00:31,118][WARNING][modbus_packet] Field byte_count value 1967 outside constraints
[2026-05-18 14:00:31,132][WARNING][modbus_packet] Field byte_count value 1967 outside constraints
[2026-05-18 14:00:31,146][WARNING][modbus_packet] Field byte_count value 1967 outside constraints
[2026-05-18 14:00:31,161][WARNING][modbus_packet] Field byte_count value 1967 outside constraints
[2026-05-18 14:00:31,176][WARNING][modbus_packet] Field byte_count value 1967 outside constraints
[2026-05-18 14:00:31,189][WARNING][modbus_packet] Field byte_count value 1967 outside constraints
[2026-05-18 14:00:31,203][WARNING][modbus_packet] Field byte_count value 1967 outside constraints
[2026-05-18 14:00:31,217][WARNING][modbus_packet] Field byte_count value 1967 outside constraints
[2026-05-18 14:00:31,231][WARNING][modbus_packet] Field byte_count value 1967 outside constraints
[2026-05-18 14:00:31,245][WARNING][modbus_packet] Field byte_count value 1967 outside constraints
[2026-05-18 14:00:31,259][WARNING][modbus_packet] Field byte_count value 1968 outside constraints
[2026-05-18 14:00:31,274][WARNING][modbus_packet] Field byte_count value 1968 outside constraints
[2026-05-18 14:00:31,287][WARNING][modbus_packet] Field byte_count value 1968 outside constraints
[2026-05-18 14:00:31,301][WARNING][modbus_packet] Field byte_count value 1968 outside constraints
[2026-05-18 14:00:31,315][WARNING][modbus_packet] Field byte_count value 1968 outside constraints
[2026-05-18 14:00:31,329][WARNING][modbus_packet] Field byte_count value 1968 outside constraints
[2026-05-18 14:00:31,343][WARNING][modbus_packet] Field byte_count value 1968 outside constraints
[2026-05-18 14:00:31,357][WARNING][modbus_packet] Field byte_count value 1968 outside constraints
[2026-05-18 14:00:31,371][WARNING][modbus_packet] Field byte_count value 1968 outside constraints
[2026-05-18 14:00:31,385][WARNING][modbus_packet] Field byte_count value 1968 outside constraints
[2026-05-18 14:00:31,399][WARNING][modbus_packet] Field byte_count value 1968 outside constraints
[2026-05-18 14:00:31,413][WARNING][modbus_packet] Field byte_count value 1968 outside constraints
[2026-05-18 14:00:31,426][WARNING][modbus_packet] Field byte_count value 1968 outside constraints
[2026-05-18 14:00:31,440][WARNING][modbus_packet] Field byte_count value 1968 outside constraints
[2026-05-18 14:00:31,454][WARNING][modbus_packet] Field byte_count value 1968 outside constraints
[2026-05-18 14:00:31,467][WARNING][modbus_packet] Field byte_count value 1968 outside constraints
[2026-05-18 14:00:31,481][WARNING][modbus_packet] Field byte_count value 1968 outside constraints
[2026-05-18 14:00:31,494][WARNING][modbus_packet] Field byte_count value 1968 outside constraints
[2026-05-18 14:00:31,508][WARNING][modbus_packet] Field byte_count value 1968 outside constraints
[2026-05-18 14:00:31,522][WARNING][modbus_packet] Field byte_count value 1968 outside constraints
[2026-05-18 14:00:31,539][WARNING][modbus_packet] Field byte_count value 1968 outside constraints
[2026-05-18 14:00:31,553][WARNING][modbus_packet] Field byte_count value 1968 outside constraints
[2026-05-18 14:00:31,567][WARNING][modbus_packet] Field byte_count value 1968 outside constraints
[2026-05-18 14:00:31,580][WARNING][modbus_packet] Field byte_count value 1968 outside constraints
[2026-05-18 14:00:31,594][WARNING][modbus_packet] Field byte_count value 1968 outside constraints
[2026-05-18 14:00:31,608][WARNING][modbus_packet] Field byte_count value 1968 outside constraints
[2026-05-18 14:00:31,622][WARNING][modbus_packet] Field byte_count value 1968 outside constraints
[2026-05-18 14:00:31,636][WARNING][modbus_packet] Field byte_count value 1968 outside constraints
[2026-05-18 14:00:31,650][WARNING][modbus_packet] Field byte_count value 1968 outside constraints
[2026-05-18 14:00:31,664][WARNING][modbus_packet] Field byte_count value 1968 outside constraints
[2026-05-18 14:00:31,678][WARNING][modbus_packet] Field byte_count value 1968 outside constraints
[2026-05-18 14:00:31,691][WARNING][modbus_packet] Field byte_count value 1968 outside constraints
[2026-05-18 14:00:31,705][WARNING][modbus_packet] Field byte_count value 1968 outside constraints
[2026-05-18 14:00:31,719][WARNING][modbus_packet] Field byte_count value 1968 outside constraints
[2026-05-18 14:00:31,733][WARNING][modbus_packet] Field byte_count value 1968 outside constraints
[2026-05-18 14:00:31,747][WARNING][modbus_packet] Field byte_count value 1968 outside constraints
[2026-05-18 14:00:31,761][WARNING][modbus_packet] Field byte_count value 1968 outside constraints
[2026-05-18 14:00:31,776][WARNING][modbus_packet] Field byte_count value 1968 outside constraints
[2026-05-18 14:00:31,791][WARNING][modbus_packet] Field byte_count value 1968 outside constraints
[2026-05-18 14:00:31,805][WARNING][modbus_packet] Field byte_count value 1968 outside constraints
[2026-05-18 14:00:31,823][INFO][fuzzer_core] New response pattern: 15:True:2:1
[2026-05-18 14:00:32,894][WARNING][modbus_packet] Field byte_count value 255 outside constraints
[2026-05-18 14:00:32,907][WARNING][modbus_packet] Field byte_count value 255 outside constraints
[2026-05-18 14:00:32,921][WARNING][modbus_packet] Field byte_count value 255 outside constraints
[2026-05-18 14:00:32,935][WARNING][modbus_packet] Field byte_count value 255 outside constraints
[2026-05-18 14:00:32,948][WARNING][modbus_packet] Field byte_count value 255 outside constraints
[2026-05-18 14:00:32,962][WARNING][modbus_packet] Field byte_count value 255 outside constraints
[2026-05-18 14:00:32,976][WARNING][modbus_packet] Field byte_count value 255 outside constraints
[2026-05-18 14:00:32,989][WARNING][modbus_packet] Field byte_count value 255 outside constraints
[2026-05-18 14:00:33,003][WARNING][modbus_packet] Field byte_count value 255 outside constraints
[2026-05-18 14:00:33,016][WARNING][modbus_packet] Field byte_count value 255 outside constraints
[2026-05-18 14:00:33,030][WARNING][modbus_packet] Field byte_count value 255 outside constraints
[2026-05-18 14:00:33,044][WARNING][modbus_packet] Field byte_count value 255 outside constraints
[2026-05-18 14:00:33,057][WARNING][modbus_packet] Field byte_count value 255 outside constraints
[2026-05-18 14:00:33,071][WARNING][modbus_packet] Field byte_count value 255 outside constraints
[2026-05-18 14:00:33,084][WARNING][modbus_packet] Field byte_count value 255 outside constraints
[2026-05-18 14:00:33,098][WARNING][modbus_packet] Field byte_count value 255 outside constraints
[2026-05-18 14:00:33,111][WARNING][modbus_packet] Field byte_count value 255 outside constraints
[2026-05-18 14:00:33,125][WARNING][modbus_packet] Field byte_count value 255 outside constraints
[2026-05-18 14:00:33,138][WARNING][modbus_packet] Field byte_count value 255 outside constraints
[2026-05-18 14:00:33,152][WARNING][modbus_packet] Field byte_count value 255 outside constraints
[2026-05-18 14:00:33,165][WARNING][modbus_packet] Field byte_count value 255 outside constraints
[2026-05-18 14:00:33,178][WARNING][modbus_packet] Field byte_count value 255 outside constraints
[2026-05-18 14:00:33,192][WARNING][modbus_packet] Field byte_count value 255 outside constraints
[2026-05-18 14:00:33,205][WARNING][modbus_packet] Field byte_count value 255 outside constraints
[2026-05-18 14:00:33,219][WARNING][modbus_packet] Field byte_count value 255 outside constraints
[2026-05-18 14:00:33,233][WARNING][modbus_packet] Field byte_count value 255 outside constraints
[2026-05-18 14:00:33,247][WARNING][modbus_packet] Field byte_count value 255 outside constraints
[2026-05-18 14:00:33,261][WARNING][modbus_packet] Field byte_count value 255 outside constraints
[2026-05-18 14:00:33,274][WARNING][modbus_packet] Field byte_count value 255 outside constraints
[2026-05-18 14:00:33,288][WARNING][modbus_packet] Field byte_count value 255 outside constraints
[2026-05-18 14:00:33,302][WARNING][modbus_packet] Field byte_count value 255 outside constraints
[2026-05-18 14:00:33,315][WARNING][modbus_packet] Field byte_count value 255 outside constraints
[2026-05-18 14:00:33,329][WARNING][modbus_packet] Field byte_count value 255 outside constraints
[2026-05-18 14:00:33,342][WARNING][modbus_packet] Field byte_count value 255 outside constraints
[2026-05-18 14:00:33,356][WARNING][modbus_packet] Field byte_count value 255 outside constraints
[2026-05-18 14:00:33,369][WARNING][modbus_packet] Field byte_count value 255 outside constraints
[2026-05-18 14:00:33,383][WARNING][modbus_packet] Field byte_count value 255 outside constraints
[2026-05-18 14:00:33,396][WARNING][modbus_packet] Field byte_count value 255 outside constraints
[2026-05-18 14:00:33,410][WARNING][modbus_packet] Field byte_count value 255 outside constraints
[2026-05-18 14:00:33,423][WARNING][modbus_packet] Field byte_count value 255 outside constraints
[2026-05-18 14:00:33,436][WARNING][modbus_packet] Field byte_count value 256 outside constraints
[2026-05-18 14:00:33,450][WARNING][modbus_packet] Field byte_count value 256 outside constraints
[2026-05-18 14:00:33,463][WARNING][modbus_packet] Field byte_count value 256 outside constraints
[2026-05-18 14:00:33,477][WARNING][modbus_packet] Field byte_count value 256 outside constraints
[2026-05-18 14:00:33,490][WARNING][modbus_packet] Field byte_count value 256 outside constraints
[2026-05-18 14:00:33,504][WARNING][modbus_packet] Field byte_count value 256 outside constraints
[2026-05-18 14:00:33,517][WARNING][modbus_packet] Field byte_count value 256 outside constraints
[2026-05-18 14:00:33,530][WARNING][modbus_packet] Field byte_count value 256 outside constraints
[2026-05-18 14:00:33,544][WARNING][modbus_packet] Field byte_count value 256 outside constraints
[2026-05-18 14:00:33,558][WARNING][modbus_packet] Field byte_count value 256 outside constraints
[2026-05-18 14:00:33,571][WARNING][modbus_packet] Field byte_count value 256 outside constraints
[2026-05-18 14:00:33,585][WARNING][modbus_packet] Field byte_count value 256 outside constraints
[2026-05-18 14:00:33,599][WARNING][modbus_packet] Field byte_count value 256 outside constraints
[2026-05-18 14:00:33,613][WARNING][modbus_packet] Field byte_count value 256 outside constraints
[2026-05-18 14:00:33,627][WARNING][modbus_packet] Field byte_count value 256 outside constraints
[2026-05-18 14:00:33,641][WARNING][modbus_packet] Field byte_count value 256 outside constraints
[2026-05-18 14:00:33,655][WARNING][modbus_packet] Field byte_count value 256 outside constraints
[2026-05-18 14:00:33,668][WARNING][modbus_packet] Field byte_count value 256 outside constraints
[2026-05-18 14:00:33,681][WARNING][modbus_packet] Field byte_count value 256 outside constraints
[2026-05-18 14:00:33,694][WARNING][modbus_packet] Field byte_count value 256 outside constraints
[2026-05-18 14:00:33,708][WARNING][modbus_packet] Field byte_count value 256 outside constraints
[2026-05-18 14:00:33,721][WARNING][modbus_packet] Field byte_count value 256 outside constraints
[2026-05-18 14:00:33,735][WARNING][modbus_packet] Field byte_count value 256 outside constraints
[2026-05-18 14:00:33,748][WARNING][modbus_packet] Field byte_count value 256 outside constraints
[2026-05-18 14:00:33,762][WARNING][modbus_packet] Field byte_count value 256 outside constraints
[2026-05-18 14:00:33,777][WARNING][modbus_packet] Field byte_count value 256 outside constraints
[2026-05-18 14:00:33,791][WARNING][modbus_packet] Field byte_count value 256 outside constraints
[2026-05-18 14:00:33,805][WARNING][modbus_packet] Field byte_count value 256 outside constraints
[2026-05-18 14:00:33,818][WARNING][modbus_packet] Field byte_count value 256 outside constraints
[2026-05-18 14:00:33,833][WARNING][modbus_packet] Field byte_count value 256 outside constraints
[2026-05-18 14:00:33,846][WARNING][modbus_packet] Field byte_count value 256 outside constraints
[2026-05-18 14:00:33,861][WARNING][modbus_packet] Field byte_count value 256 outside constraints
[2026-05-18 14:00:33,874][WARNING][modbus_packet] Field byte_count value 256 outside constraints
[2026-05-18 14:00:33,887][WARNING][modbus_packet] Field byte_count value 256 outside constraints
[2026-05-18 14:00:33,901][WARNING][modbus_packet] Field byte_count value 256 outside constraints
[2026-05-18 14:00:33,914][WARNING][modbus_packet] Field byte_count value 256 outside constraints
[2026-05-18 14:00:33,928][WARNING][modbus_packet] Field byte_count value 256 outside constraints
[2026-05-18 14:00:33,942][WARNING][modbus_packet] Field byte_count value 256 outside constraints
[2026-05-18 14:00:33,956][WARNING][modbus_packet] Field byte_count value 256 outside constraints
[2026-05-18 14:00:33,969][WARNING][modbus_packet] Field byte_count value 256 outside constraints
[2026-05-18 14:00:33,983][WARNING][modbus_packet] Field byte_count value 1967 outside constraints
[2026-05-18 14:00:33,997][WARNING][modbus_packet] Field byte_count value 1967 outside constraints
[2026-05-18 14:00:34,010][WARNING][modbus_packet] Field byte_count value 1967 outside constraints
[2026-05-18 14:00:34,024][WARNING][modbus_packet] Field byte_count value 1967 outside constraints
[2026-05-18 14:00:34,038][WARNING][modbus_packet] Field byte_count value 1967 outside constraints
[2026-05-18 14:00:34,052][WARNING][modbus_packet] Field byte_count value 1967 outside constraints
[2026-05-18 14:00:34,065][WARNING][modbus_packet] Field byte_count value 1967 outside constraints
[2026-05-18 14:00:34,078][WARNING][modbus_packet] Field byte_count value 1967 outside constraints
[2026-05-18 14:00:34,092][WARNING][modbus_packet] Field byte_count value 1967 outside constraints
[2026-05-18 14:00:34,105][WARNING][modbus_packet] Field byte_count value 1967 outside constraints
[2026-05-18 14:00:34,118][WARNING][modbus_packet] Field byte_count value 1967 outside constraints
[2026-05-18 14:00:34,132][WARNING][modbus_packet] Field byte_count value 1967 outside constraints
[2026-05-18 14:00:34,145][WARNING][modbus_packet] Field byte_count value 1967 outside constraints
[2026-05-18 14:00:34,159][WARNING][modbus_packet] Field byte_count value 1967 outside constraints
[2026-05-18 14:00:34,172][WARNING][modbus_packet] Field byte_count value 1967 outside constraints
[2026-05-18 14:00:34,185][WARNING][modbus_packet] Field byte_count value 1967 outside constraints
[2026-05-18 14:00:34,199][WARNING][modbus_packet] Field byte_count value 1967 outside constraints
[2026-05-18 14:00:34,212][WARNING][modbus_packet] Field byte_count value 1967 outside constraints
[2026-05-18 14:00:34,225][WARNING][modbus_packet] Field byte_count value 1967 outside constraints
[2026-05-18 14:00:34,238][WARNING][modbus_packet] Field byte_count value 1967 outside constraints
[2026-05-18 14:00:34,250][WARNING][modbus_packet] Field byte_count value 1967 outside constraints
[2026-05-18 14:00:34,263][WARNING][modbus_packet] Field byte_count value 1967 outside constraints
[2026-05-18 14:00:34,276][WARNING][modbus_packet] Field byte_count value 1967 outside constraints
[2026-05-18 14:00:34,288][WARNING][modbus_packet] Field byte_count value 1967 outside constraints
[2026-05-18 14:00:34,301][WARNING][modbus_packet] Field byte_count value 1967 outside constraints
[2026-05-18 14:00:34,314][WARNING][modbus_packet] Field byte_count value 1967 outside constraints
[2026-05-18 14:00:34,327][WARNING][modbus_packet] Field byte_count value 1967 outside constraints
[2026-05-18 14:00:34,341][WARNING][modbus_packet] Field byte_count value 1967 outside constraints
[2026-05-18 14:00:34,354][WARNING][modbus_packet] Field byte_count value 1967 outside constraints
[2026-05-18 14:00:34,369][WARNING][modbus_packet] Field byte_count value 1967 outside constraints
[2026-05-18 14:00:34,382][WARNING][modbus_packet] Field byte_count value 1967 outside constraints
[2026-05-18 14:00:34,396][WARNING][modbus_packet] Field byte_count value 1967 outside constraints
[2026-05-18 14:00:34,409][WARNING][modbus_packet] Field byte_count value 1967 outside constraints
[2026-05-18 14:00:34,423][WARNING][modbus_packet] Field byte_count value 1967 outside constraints
[2026-05-18 14:00:34,437][WARNING][modbus_packet] Field byte_count value 1967 outside constraints
[2026-05-18 14:00:34,450][WARNING][modbus_packet] Field byte_count value 1967 outside constraints
[2026-05-18 14:00:34,464][WARNING][modbus_packet] Field byte_count value 1967 outside constraints
[2026-05-18 14:00:34,478][WARNING][modbus_packet] Field byte_count value 1967 outside constraints
[2026-05-18 14:00:34,491][WARNING][modbus_packet] Field byte_count value 1967 outside constraints
[2026-05-18 14:00:34,505][WARNING][modbus_packet] Field byte_count value 1967 outside constraints
[2026-05-18 14:00:34,519][WARNING][modbus_packet] Field byte_count value 1968 outside constraints
[2026-05-18 14:00:34,533][WARNING][modbus_packet] Field byte_count value 1968 outside constraints
[2026-05-18 14:00:34,546][WARNING][modbus_packet] Field byte_count value 1968 outside constraints
[2026-05-18 14:00:34,559][WARNING][modbus_packet] Field byte_count value 1968 outside constraints
[2026-05-18 14:00:34,573][WARNING][modbus_packet] Field byte_count value 1968 outside constraints
[2026-05-18 14:00:34,586][WARNING][modbus_packet] Field byte_count value 1968 outside constraints
[2026-05-18 14:00:34,600][WARNING][modbus_packet] Field byte_count value 1968 outside constraints
[2026-05-18 14:00:34,614][WARNING][modbus_packet] Field byte_count value 1968 outside constraints
[2026-05-18 14:00:34,628][WARNING][modbus_packet] Field byte_count value 1968 outside constraints
[2026-05-18 14:00:34,642][WARNING][modbus_packet] Field byte_count value 1968 outside constraints
[2026-05-18 14:00:34,656][WARNING][modbus_packet] Field byte_count value 1968 outside constraints
[2026-05-18 14:00:34,669][WARNING][modbus_packet] Field byte_count value 1968 outside constraints
[2026-05-18 14:00:34,683][WARNING][modbus_packet] Field byte_count value 1968 outside constraints
[2026-05-18 14:00:34,697][WARNING][modbus_packet] Field byte_count value 1968 outside constraints
[2026-05-18 14:00:34,711][WARNING][modbus_packet] Field byte_count value 1968 outside constraints
[2026-05-18 14:00:34,726][WARNING][modbus_packet] Field byte_count value 1968 outside constraints
[2026-05-18 14:00:34,740][WARNING][modbus_packet] Field byte_count value 1968 outside constraints
[2026-05-18 14:00:34,754][WARNING][modbus_packet] Field byte_count value 1968 outside constraints
[2026-05-18 14:00:34,768][WARNING][modbus_packet] Field byte_count value 1968 outside constraints
[2026-05-18 14:00:34,782][WARNING][modbus_packet] Field byte_count value 1968 outside constraints
[2026-05-18 14:00:34,796][WARNING][modbus_packet] Field byte_count value 1968 outside constraints
[2026-05-18 14:00:34,810][WARNING][modbus_packet] Field byte_count value 1968 outside constraints
[2026-05-18 14:00:34,823][WARNING][modbus_packet] Field byte_count value 1968 outside constraints
[2026-05-18 14:00:34,837][WARNING][modbus_packet] Field byte_count value 1968 outside constraints
[2026-05-18 14:00:34,851][WARNING][modbus_packet] Field byte_count value 1968 outside constraints
[2026-05-18 14:00:34,864][WARNING][modbus_packet] Field byte_count value 1968 outside constraints
[2026-05-18 14:00:34,878][WARNING][modbus_packet] Field byte_count value 1968 outside constraints
[2026-05-18 14:00:34,892][WARNING][modbus_packet] Field byte_count value 1968 outside constraints
[2026-05-18 14:00:34,905][WARNING][modbus_packet] Field byte_count value 1968 outside constraints
[2026-05-18 14:00:34,919][WARNING][modbus_packet] Field byte_count value 1968 outside constraints
[2026-05-18 14:00:34,933][WARNING][modbus_packet] Field byte_count value 1968 outside constraints
[2026-05-18 14:00:34,946][WARNING][modbus_packet] Field byte_count value 1968 outside constraints
[2026-05-18 14:00:34,960][WARNING][modbus_packet] Field byte_count value 1968 outside constraints
[2026-05-18 14:00:34,973][WARNING][modbus_packet] Field byte_count value 1968 outside constraints
[2026-05-18 14:00:34,987][WARNING][modbus_packet] Field byte_count value 1968 outside constraints
[2026-05-18 14:00:35,001][WARNING][modbus_packet] Field byte_count value 1968 outside constraints
[2026-05-18 14:00:35,015][WARNING][modbus_packet] Field byte_count value 1968 outside constraints
[2026-05-18 14:00:35,029][WARNING][modbus_packet] Field byte_count value 1968 outside constraints
[2026-05-18 14:00:35,043][WARNING][modbus_packet] Field byte_count value 1968 outside constraints
[2026-05-18 14:00:35,057][WARNING][modbus_packet] Field byte_count value 1968 outside constraints
[2026-05-18 14:00:36,143][WARNING][modbus_packet] Field byte_count value 255 outside constraints
[2026-05-18 14:00:36,156][WARNING][modbus_packet] Field byte_count value 255 outside constraints
[2026-05-18 14:00:36,170][WARNING][modbus_packet] Field byte_count value 255 outside constraints
[2026-05-18 14:00:36,184][WARNING][modbus_packet] Field byte_count value 255 outside constraints
[2026-05-18 14:00:36,197][WARNING][modbus_packet] Field byte_count value 255 outside constraints
[2026-05-18 14:00:36,211][WARNING][modbus_packet] Field byte_count value 255 outside constraints
[2026-05-18 14:00:36,224][WARNING][modbus_packet] Field byte_count value 255 outside constraints
[2026-05-18 14:00:36,238][WARNING][modbus_packet] Field byte_count value 255 outside constraints
[2026-05-18 14:00:36,251][WARNING][modbus_packet] Field byte_count value 255 outside constraints
[2026-05-18 14:00:36,265][WARNING][modbus_packet] Field byte_count value 255 outside constraints
[2026-05-18 14:00:36,279][WARNING][modbus_packet] Field byte_count value 255 outside constraints
[2026-05-18 14:00:36,293][WARNING][modbus_packet] Field byte_count value 255 outside constraints
[2026-05-18 14:00:36,307][WARNING][modbus_packet] Field byte_count value 255 outside constraints
[2026-05-18 14:00:36,321][WARNING][modbus_packet] Field byte_count value 255 outside constraints
[2026-05-18 14:00:36,334][WARNING][modbus_packet] Field byte_count value 255 outside constraints
[2026-05-18 14:00:36,349][WARNING][modbus_packet] Field byte_count value 255 outside constraints
[2026-05-18 14:00:36,362][WARNING][modbus_packet] Field byte_count value 255 outside constraints
[2026-05-18 14:00:36,376][WARNING][modbus_packet] Field byte_count value 255 outside constraints
[2026-05-18 14:00:36,390][WARNING][modbus_packet] Field byte_count value 255 outside constraints
[2026-05-18 14:00:36,404][WARNING][modbus_packet] Field byte_count value 255 outside constraints
[2026-05-18 14:00:36,417][WARNING][modbus_packet] Field byte_count value 255 outside constraints
[2026-05-18 14:00:36,431][WARNING][modbus_packet] Field byte_count value 255 outside constraints
[2026-05-18 14:00:36,444][WARNING][modbus_packet] Field byte_count value 255 outside constraints
[2026-05-18 14:00:36,458][WARNING][modbus_packet] Field byte_count value 255 outside constraints
[2026-05-18 14:00:36,471][WARNING][modbus_packet] Field byte_count value 255 outside constraints
[2026-05-18 14:00:36,485][WARNING][modbus_packet] Field byte_count value 255 outside constraints
[2026-05-18 14:00:36,499][WARNING][modbus_packet] Field byte_count value 255 outside constraints
[2026-05-18 14:00:36,514][WARNING][modbus_packet] Field byte_count value 255 outside constraints
[2026-05-18 14:00:36,528][WARNING][modbus_packet] Field byte_count value 255 outside constraints
[2026-05-18 14:00:36,545][WARNING][modbus_packet] Field byte_count value 255 outside constraints
[2026-05-18 14:00:36,558][WARNING][modbus_packet] Field byte_count value 255 outside constraints
[2026-05-18 14:00:36,572][WARNING][modbus_packet] Field byte_count value 255 outside constraints
[2026-05-18 14:00:36,586][WARNING][modbus_packet] Field byte_count value 255 outside constraints
[2026-05-18 14:00:36,599][WARNING][modbus_packet] Field byte_count value 255 outside constraints
[2026-05-18 14:00:36,613][WARNING][modbus_packet] Field byte_count value 255 outside constraints
[2026-05-18 14:00:36,627][WARNING][modbus_packet] Field byte_count value 255 outside constraints
[2026-05-18 14:00:36,641][WARNING][modbus_packet] Field byte_count value 255 outside constraints
[2026-05-18 14:00:36,655][WARNING][modbus_packet] Field byte_count value 255 outside constraints
[2026-05-18 14:00:36,669][WARNING][modbus_packet] Field byte_count value 255 outside constraints
[2026-05-18 14:00:36,682][WARNING][modbus_packet] Field byte_count value 255 outside constraints
[2026-05-18 14:00:36,696][WARNING][modbus_packet] Field byte_count value 256 outside constraints
[2026-05-18 14:00:36,710][WARNING][modbus_packet] Field byte_count value 256 outside constraints
[2026-05-18 14:00:36,723][WARNING][modbus_packet] Field byte_count value 256 outside constraints
[2026-05-18 14:00:36,737][WARNING][modbus_packet] Field byte_count value 256 outside constraints
[2026-05-18 14:00:36,750][WARNING][modbus_packet] Field byte_count value 256 outside constraints
[2026-05-18 14:00:36,765][WARNING][modbus_packet] Field byte_count value 256 outside constraints
[2026-05-18 14:00:36,779][WARNING][modbus_packet] Field byte_count value 256 outside constraints
[2026-05-18 14:00:36,793][WARNING][modbus_packet] Field byte_count value 256 outside constraints
[2026-05-18 14:00:36,806][WARNING][modbus_packet] Field byte_count value 256 outside constraints
[2026-05-18 14:00:36,820][WARNING][modbus_packet] Field byte_count value 256 outside constraints
[2026-05-18 14:00:36,834][WARNING][modbus_packet] Field byte_count value 256 outside constraints
[2026-05-18 14:00:36,847][WARNING][modbus_packet] Field byte_count value 256 outside constraints
[2026-05-18 14:00:36,861][WARNING][modbus_packet] Field byte_count value 256 outside constraints
[2026-05-18 14:00:36,874][WARNING][modbus_packet] Field byte_count value 256 outside constraints
[2026-05-18 14:00:36,888][WARNING][modbus_packet] Field byte_count value 256 outside constraints
[2026-05-18 14:00:36,901][WARNING][modbus_packet] Field byte_count value 256 outside constraints
[2026-05-18 14:00:36,915][WARNING][modbus_packet] Field byte_count value 256 outside constraints
[2026-05-18 14:00:36,928][WARNING][modbus_packet] Field byte_count value 256 outside constraints
[2026-05-18 14:00:36,942][WARNING][modbus_packet] Field byte_count value 256 outside constraints
[2026-05-18 14:00:36,955][WARNING][modbus_packet] Field byte_count value 256 outside constraints
[2026-05-18 14:00:36,969][WARNING][modbus_packet] Field byte_count value 256 outside constraints
[2026-05-18 14:00:36,982][WARNING][modbus_packet] Field byte_count value 256 outside constraints
[2026-05-18 14:00:36,996][WARNING][modbus_packet] Field byte_count value 256 outside constraints
[2026-05-18 14:00:37,010][WARNING][modbus_packet] Field byte_count value 256 outside constraints
[2026-05-18 14:00:37,024][WARNING][modbus_packet] Field byte_count value 256 outside constraints
[2026-05-18 14:00:37,038][WARNING][modbus_packet] Field byte_count value 256 outside constraints
[2026-05-18 14:00:37,054][WARNING][modbus_packet] Field byte_count value 256 outside constraints
[2026-05-18 14:00:37,067][WARNING][modbus_packet] Field byte_count value 256 outside constraints
[2026-05-18 14:00:37,081][WARNING][modbus_packet] Field byte_count value 256 outside constraints
[2026-05-18 14:00:37,094][WARNING][modbus_packet] Field byte_count value 256 outside constraints
[2026-05-18 14:00:37,108][WARNING][modbus_packet] Field byte_count value 256 outside constraints
[2026-05-18 14:00:37,121][WARNING][modbus_packet] Field byte_count value 256 outside constraints
[2026-05-18 14:00:37,135][WARNING][modbus_packet] Field byte_count value 256 outside constraints
[2026-05-18 14:00:37,148][WARNING][modbus_packet] Field byte_count value 256 outside constraints
[2026-05-18 14:00:37,161][WARNING][modbus_packet] Field byte_count value 256 outside constraints
[2026-05-18 14:00:37,175][WARNING][modbus_packet] Field byte_count value 256 outside constraints
[2026-05-18 14:00:37,189][WARNING][modbus_packet] Field byte_count value 256 outside constraints
[2026-05-18 14:00:37,203][WARNING][modbus_packet] Field byte_count value 256 outside constraints
[2026-05-18 14:00:37,216][WARNING][modbus_packet] Field byte_count value 256 outside constraints
[2026-05-18 14:00:37,230][WARNING][modbus_packet] Field byte_count value 256 outside constraints
[2026-05-18 14:00:37,244][WARNING][modbus_packet] Field byte_count value 1967 outside constraints
[2026-05-18 14:00:37,258][WARNING][modbus_packet] Field byte_count value 1967 outside constraints
[2026-05-18 14:00:37,271][WARNING][modbus_packet] Field byte_count value 1967 outside constraints
[2026-05-18 14:00:37,285][WARNING][modbus_packet] Field byte_count value 1967 outside constraints
[2026-05-18 14:00:37,299][WARNING][modbus_packet] Field byte_count value 1967 outside constraints
[2026-05-18 14:00:37,313][WARNING][modbus_packet] Field byte_count value 1967 outside constraints
[2026-05-18 14:00:37,327][WARNING][modbus_packet] Field byte_count value 1967 outside constraints
[2026-05-18 14:00:37,340][WARNING][modbus_packet] Field byte_count value 1967 outside constraints
[2026-05-18 14:00:37,354][WARNING][modbus_packet] Field byte_count value 1967 outside constraints
[2026-05-18 14:00:37,367][WARNING][modbus_packet] Field byte_count value 1967 outside constraints
[2026-05-18 14:00:37,381][WARNING][modbus_packet] Field byte_count value 1967 outside constraints
[2026-05-18 14:00:37,395][WARNING][modbus_packet] Field byte_count value 1967 outside constraints
[2026-05-18 14:00:37,410][WARNING][modbus_packet] Field byte_count value 1967 outside constraints
[2026-05-18 14:00:37,423][WARNING][modbus_packet] Field byte_count value 1967 outside constraints
[2026-05-18 14:00:37,437][WARNING][modbus_packet] Field byte_count value 1967 outside constraints
[2026-05-18 14:00:37,451][WARNING][modbus_packet] Field byte_count value 1967 outside constraints
[2026-05-18 14:00:37,465][WARNING][modbus_packet] Field byte_count value 1967 outside constraints
[2026-05-18 14:00:37,479][WARNING][modbus_packet] Field byte_count value 1967 outside constraints
[2026-05-18 14:00:37,493][WARNING][modbus_packet] Field byte_count value 1967 outside constraints
[2026-05-18 14:00:37,507][WARNING][modbus_packet] Field byte_count value 1967 outside constraints
[2026-05-18 14:00:37,521][WARNING][modbus_packet] Field byte_count value 1967 outside constraints
[2026-05-18 14:00:37,534][WARNING][modbus_packet] Field byte_count value 1967 outside constraints
[2026-05-18 14:00:37,548][WARNING][modbus_packet] Field byte_count value 1967 outside constraints
[2026-05-18 14:00:37,562][WARNING][modbus_packet] Field byte_count value 1967 outside constraints
[2026-05-18 14:00:37,576][WARNING][modbus_packet] Field byte_count value 1967 outside constraints
[2026-05-18 14:00:37,590][WARNING][modbus_packet] Field byte_count value 1967 outside constraints
[2026-05-18 14:00:37,605][WARNING][modbus_packet] Field byte_count value 1967 outside constraints
[2026-05-18 14:00:37,619][WARNING][modbus_packet] Field byte_count value 1967 outside constraints
[2026-05-18 14:00:37,633][WARNING][modbus_packet] Field byte_count value 1967 outside constraints
[2026-05-18 14:00:37,648][WARNING][modbus_packet] Field byte_count value 1967 outside constraints
[2026-05-18 14:00:37,662][WARNING][modbus_packet] Field byte_count value 1967 outside constraints
[2026-05-18 14:00:37,677][WARNING][modbus_packet] Field byte_count value 1967 outside constraints
[2026-05-18 14:00:37,691][WARNING][modbus_packet] Field byte_count value 1967 outside constraints
[2026-05-18 14:00:37,704][WARNING][modbus_packet] Field byte_count value 1967 outside constraints
[2026-05-18 14:00:37,718][WARNING][modbus_packet] Field byte_count value 1967 outside constraints
[2026-05-18 14:00:37,732][WARNING][modbus_packet] Field byte_count value 1967 outside constraints
[2026-05-18 14:00:37,746][WARNING][modbus_packet] Field byte_count value 1967 outside constraints
[2026-05-18 14:00:37,760][WARNING][modbus_packet] Field byte_count value 1967 outside constraints
[2026-05-18 14:00:37,775][WARNING][modbus_packet] Field byte_count value 1967 outside constraints
[2026-05-18 14:00:37,789][WARNING][modbus_packet] Field byte_count value 1967 outside constraints
[2026-05-18 14:00:37,802][WARNING][modbus_packet] Field byte_count value 1968 outside constraints
[2026-05-18 14:00:37,816][WARNING][modbus_packet] Field byte_count value 1968 outside constraints
[2026-05-18 14:00:37,830][WARNING][modbus_packet] Field byte_count value 1968 outside constraints
[2026-05-18 14:00:37,844][WARNING][modbus_packet] Field byte_count value 1968 outside constraints
[2026-05-18 14:00:37,858][WARNING][modbus_packet] Field byte_count value 1968 outside constraints
[2026-05-18 14:00:37,872][WARNING][modbus_packet] Field byte_count value 1968 outside constraints
[2026-05-18 14:00:37,886][WARNING][modbus_packet] Field byte_count value 1968 outside constraints
[2026-05-18 14:00:37,899][WARNING][modbus_packet] Field byte_count value 1968 outside constraints
[2026-05-18 14:00:37,913][WARNING][modbus_packet] Field byte_count value 1968 outside constraints
[2026-05-18 14:00:37,927][WARNING][modbus_packet] Field byte_count value 1968 outside constraints
[2026-05-18 14:00:37,940][WARNING][modbus_packet] Field byte_count value 1968 outside constraints
[2026-05-18 14:00:37,954][WARNING][modbus_packet] Field byte_count value 1968 outside constraints
[2026-05-18 14:00:37,968][WARNING][modbus_packet] Field byte_count value 1968 outside constraints
[2026-05-18 14:00:37,981][WARNING][modbus_packet] Field byte_count value 1968 outside constraints
[2026-05-18 14:00:37,995][WARNING][modbus_packet] Field byte_count value 1968 outside constraints
[2026-05-18 14:00:38,008][WARNING][modbus_packet] Field byte_count value 1968 outside constraints
[2026-05-18 14:00:38,022][WARNING][modbus_packet] Field byte_count value 1968 outside constraints
[2026-05-18 14:00:38,035][WARNING][modbus_packet] Field byte_count value 1968 outside constraints
[2026-05-18 14:00:38,048][WARNING][modbus_packet] Field byte_count value 1968 outside constraints
[2026-05-18 14:00:38,062][WARNING][modbus_packet] Field byte_count value 1968 outside constraints
[2026-05-18 14:00:38,076][WARNING][modbus_packet] Field byte_count value 1968 outside constraints
[2026-05-18 14:00:38,089][WARNING][modbus_packet] Field byte_count value 1968 outside constraints
[2026-05-18 14:00:38,102][WARNING][modbus_packet] Field byte_count value 1968 outside constraints
[2026-05-18 14:00:38,116][WARNING][modbus_packet] Field byte_count value 1968 outside constraints
[2026-05-18 14:00:38,130][WARNING][modbus_packet] Field byte_count value 1968 outside constraints
[2026-05-18 14:00:38,144][WARNING][modbus_packet] Field byte_count value 1968 outside constraints
[2026-05-18 14:00:38,157][WARNING][modbus_packet] Field byte_count value 1968 outside constraints
[2026-05-18 14:00:38,171][WARNING][modbus_packet] Field byte_count value 1968 outside constraints
[2026-05-18 14:00:38,185][WARNING][modbus_packet] Field byte_count value 1968 outside constraints
[2026-05-18 14:00:38,199][WARNING][modbus_packet] Field byte_count value 1968 outside constraints
[2026-05-18 14:00:38,212][WARNING][modbus_packet] Field byte_count value 1968 outside constraints
[2026-05-18 14:00:38,226][WARNING][modbus_packet] Field byte_count value 1968 outside constraints
[2026-05-18 14:00:38,240][WARNING][modbus_packet] Field byte_count value 1968 outside constraints
[2026-05-18 14:00:38,253][WARNING][modbus_packet] Field byte_count value 1968 outside constraints
[2026-05-18 14:00:38,267][WARNING][modbus_packet] Field byte_count value 1968 outside constraints
[2026-05-18 14:00:38,280][WARNING][modbus_packet] Field byte_count value 1968 outside constraints
[2026-05-18 14:00:38,294][WARNING][modbus_packet] Field byte_count value 1968 outside constraints
[2026-05-18 14:00:38,308][WARNING][modbus_packet] Field byte_count value 1968 outside constraints
[2026-05-18 14:00:38,321][WARNING][modbus_packet] Field byte_count value 1968 outside constraints
[2026-05-18 14:00:38,336][WARNING][modbus_packet] Field byte_count value 1968 outside constraints
[2026-05-18 14:00:39,433][WARNING][modbus_packet] Field byte_count value 255 outside constraints
[2026-05-18 14:00:39,447][WARNING][modbus_packet] Field byte_count value 255 outside constraints
[2026-05-18 14:00:39,460][WARNING][modbus_packet] Field byte_count value 255 outside constraints
[2026-05-18 14:00:39,474][WARNING][modbus_packet] Field byte_count value 255 outside constraints
[2026-05-18 14:00:39,488][WARNING][modbus_packet] Field byte_count value 255 outside constraints
[2026-05-18 14:00:39,502][WARNING][modbus_packet] Field byte_count value 255 outside constraints
[2026-05-18 14:00:39,516][WARNING][modbus_packet] Field byte_count value 255 outside constraints
[2026-05-18 14:00:39,530][WARNING][modbus_packet] Field byte_count value 255 outside constraints
[2026-05-18 14:00:39,543][WARNING][modbus_packet] Field byte_count value 255 outside constraints
[2026-05-18 14:00:39,557][WARNING][modbus_packet] Field byte_count value 255 outside constraints
[2026-05-18 14:00:39,571][WARNING][modbus_packet] Field byte_count value 255 outside constraints
[2026-05-18 14:00:39,584][WARNING][modbus_packet] Field byte_count value 255 outside constraints
[2026-05-18 14:00:39,598][WARNING][modbus_packet] Field byte_count value 255 outside constraints
[2026-05-18 14:00:39,612][WARNING][modbus_packet] Field byte_count value 255 outside constraints
[2026-05-18 14:00:39,625][WARNING][modbus_packet] Field byte_count value 255 outside constraints
[2026-05-18 14:00:39,639][WARNING][modbus_packet] Field byte_count value 255 outside constraints
[2026-05-18 14:00:39,653][WARNING][modbus_packet] Field byte_count value 255 outside constraints
[2026-05-18 14:00:39,667][WARNING][modbus_packet] Field byte_count value 255 outside constraints
[2026-05-18 14:00:39,681][WARNING][modbus_packet] Field byte_count value 255 outside constraints
[2026-05-18 14:00:39,695][WARNING][modbus_packet] Field byte_count value 255 outside constraints
[2026-05-18 14:00:39,708][WARNING][modbus_packet] Field byte_count value 255 outside constraints
[2026-05-18 14:00:39,721][WARNING][modbus_packet] Field byte_count value 255 outside constraints
[2026-05-18 14:00:39,735][WARNING][modbus_packet] Field byte_count value 255 outside constraints
[2026-05-18 14:00:39,749][WARNING][modbus_packet] Field byte_count value 255 outside constraints
[2026-05-18 14:00:39,763][WARNING][modbus_packet] Field byte_count value 255 outside constraints
[2026-05-18 14:00:39,776][WARNING][modbus_packet] Field byte_count value 255 outside constraints
[2026-05-18 14:00:39,791][WARNING][modbus_packet] Field byte_count value 255 outside constraints
[2026-05-18 14:00:39,805][WARNING][modbus_packet] Field byte_count value 255 outside constraints
[2026-05-18 14:00:39,819][WARNING][modbus_packet] Field byte_count value 255 outside constraints
[2026-05-18 14:00:39,833][WARNING][modbus_packet] Field byte_count value 255 outside constraints
[2026-05-18 14:00:39,848][WARNING][modbus_packet] Field byte_count value 255 outside constraints
[2026-05-18 14:00:39,862][WARNING][modbus_packet] Field byte_count value 255 outside constraints
[2026-05-18 14:00:39,876][WARNING][modbus_packet] Field byte_count value 255 outside constraints
[2026-05-18 14:00:39,890][WARNING][modbus_packet] Field byte_count value 255 outside constraints
[2026-05-18 14:00:39,904][WARNING][modbus_packet] Field byte_count value 255 outside constraints
[2026-05-18 14:00:39,919][WARNING][modbus_packet] Field byte_count value 255 outside constraints
[2026-05-18 14:00:39,935][WARNING][modbus_packet] Field byte_count value 255 outside constraints
[2026-05-18 14:00:39,951][WARNING][modbus_packet] Field byte_count value 255 outside constraints
[2026-05-18 14:00:39,965][WARNING][modbus_packet] Field byte_count value 255 outside constraints
[2026-05-18 14:00:39,978][WARNING][modbus_packet] Field byte_count value 255 outside constraints
[2026-05-18 14:00:39,993][WARNING][modbus_packet] Field byte_count value 256 outside constraints
[2026-05-18 14:00:40,006][WARNING][modbus_packet] Field byte_count value 256 outside constraints
[2026-05-18 14:00:40,020][WARNING][modbus_packet] Field byte_count value 256 outside constraints
[2026-05-18 14:00:40,034][WARNING][modbus_packet] Field byte_count value 256 outside constraints
[2026-05-18 14:00:40,048][WARNING][modbus_packet] Field byte_count value 256 outside constraints
[2026-05-18 14:00:40,062][WARNING][modbus_packet] Field byte_count value 256 outside constraints
[2026-05-18 14:00:40,076][WARNING][modbus_packet] Field byte_count value 256 outside constraints
[2026-05-18 14:00:40,090][WARNING][modbus_packet] Field byte_count value 256 outside constraints
[2026-05-18 14:00:40,103][WARNING][modbus_packet] Field byte_count value 256 outside constraints
[2026-05-18 14:00:40,117][WARNING][modbus_packet] Field byte_count value 256 outside constraints
[2026-05-18 14:00:40,131][WARNING][modbus_packet] Field byte_count value 256 outside constraints
[2026-05-18 14:00:40,145][WARNING][modbus_packet] Field byte_count value 256 outside constraints
[2026-05-18 14:00:40,161][WARNING][modbus_packet] Field byte_count value 256 outside constraints
[2026-05-18 14:00:40,175][WARNING][modbus_packet] Field byte_count value 256 outside constraints
[2026-05-18 14:00:40,189][WARNING][modbus_packet] Field byte_count value 256 outside constraints
[2026-05-18 14:00:40,202][WARNING][modbus_packet] Field byte_count value 256 outside constraints
[2026-05-18 14:00:40,216][WARNING][modbus_packet] Field byte_count value 256 outside constraints
[2026-05-18 14:00:40,230][WARNING][modbus_packet] Field byte_count value 256 outside constraints
[2026-05-18 14:00:40,243][WARNING][modbus_packet] Field byte_count value 256 outside constraints
[2026-05-18 14:00:40,257][WARNING][modbus_packet] Field byte_count value 256 outside constraints
[2026-05-18 14:00:40,271][WARNING][modbus_packet] Field byte_count value 256 outside constraints
[2026-05-18 14:00:40,285][WARNING][modbus_packet] Field byte_count value 256 outside constraints
[2026-05-18 14:00:40,298][WARNING][modbus_packet] Field byte_count value 256 outside constraints
[2026-05-18 14:00:40,312][WARNING][modbus_packet] Field byte_count value 256 outside constraints
[2026-05-18 14:00:40,326][WARNING][modbus_packet] Field byte_count value 256 outside constraints
[2026-05-18 14:00:40,340][WARNING][modbus_packet] Field byte_count value 256 outside constraints
[2026-05-18 14:00:40,353][WARNING][modbus_packet] Field byte_count value 256 outside constraints
[2026-05-18 14:00:40,367][WARNING][modbus_packet] Field byte_count value 256 outside constraints
[2026-05-18 14:00:40,381][WARNING][modbus_packet] Field byte_count value 256 outside constraints
[2026-05-18 14:00:40,394][WARNING][modbus_packet] Field byte_count value 256 outside constraints
[2026-05-18 14:00:40,408][WARNING][modbus_packet] Field byte_count value 256 outside constraints
[2026-05-18 14:00:40,422][WARNING][modbus_packet] Field byte_count value 256 outside constraints
[2026-05-18 14:00:40,435][WARNING][modbus_packet] Field byte_count value 256 outside constraints
[2026-05-18 14:00:40,450][WARNING][modbus_packet] Field byte_count value 256 outside constraints
[2026-05-18 14:00:40,464][WARNING][modbus_packet] Field byte_count value 256 outside constraints
[2026-05-18 14:00:40,478][WARNING][modbus_packet] Field byte_count value 256 outside constraints
[2026-05-18 14:00:40,491][WARNING][modbus_packet] Field byte_count value 256 outside constraints
[2026-05-18 14:00:40,506][WARNING][modbus_packet] Field byte_count value 256 outside constraints
[2026-05-18 14:00:40,520][WARNING][modbus_packet] Field byte_count value 256 outside constraints
[2026-05-18 14:00:40,534][WARNING][modbus_packet] Field byte_count value 256 outside constraints
[2026-05-18 14:00:40,548][WARNING][modbus_packet] Field byte_count value 1967 outside constraints
[2026-05-18 14:00:40,561][WARNING][modbus_packet] Field byte_count value 1967 outside constraints
[2026-05-18 14:00:40,575][WARNING][modbus_packet] Field byte_count value 1967 outside constraints
[2026-05-18 14:00:40,589][WARNING][modbus_packet] Field byte_count value 1967 outside constraints
[2026-05-18 14:00:40,602][WARNING][modbus_packet] Field byte_count value 1967 outside constraints
[2026-05-18 14:00:40,615][WARNING][modbus_packet] Field byte_count value 1967 outside constraints
[2026-05-18 14:00:40,629][WARNING][modbus_packet] Field byte_count value 1967 outside constraints
[2026-05-18 14:00:40,643][WARNING][modbus_packet] Field byte_count value 1967 outside constraints
[2026-05-18 14:00:40,657][WARNING][modbus_packet] Field byte_count value 1967 outside constraints
[2026-05-18 14:00:40,671][WARNING][modbus_packet] Field byte_count value 1967 outside constraints
[2026-05-18 14:00:40,685][WARNING][modbus_packet] Field byte_count value 1967 outside constraints
[2026-05-18 14:00:40,699][WARNING][modbus_packet] Field byte_count value 1967 outside constraints
[2026-05-18 14:00:40,714][WARNING][modbus_packet] Field byte_count value 1967 outside constraints
[2026-05-18 14:00:40,727][WARNING][modbus_packet] Field byte_count value 1967 outside constraints
[2026-05-18 14:00:40,742][WARNING][modbus_packet] Field byte_count value 1967 outside constraints
[2026-05-18 14:00:40,755][WARNING][modbus_packet] Field byte_count value 1967 outside constraints
[2026-05-18 14:00:40,769][WARNING][modbus_packet] Field byte_count value 1967 outside constraints
[2026-05-18 14:00:40,783][WARNING][modbus_packet] Field byte_count value 1967 outside constraints
[2026-05-18 14:00:40,797][WARNING][modbus_packet] Field byte_count value 1967 outside constraints
[2026-05-18 14:00:40,811][WARNING][modbus_packet] Field byte_count value 1967 outside constraints
[2026-05-18 14:00:40,825][WARNING][modbus_packet] Field byte_count value 1967 outside constraints
[2026-05-18 14:00:40,838][WARNING][modbus_packet] Field byte_count value 1967 outside constraints
[2026-05-18 14:00:40,852][WARNING][modbus_packet] Field byte_count value 1967 outside constraints
[2026-05-18 14:00:40,866][WARNING][modbus_packet] Field byte_count value 1967 outside constraints
[2026-05-18 14:00:40,880][WARNING][modbus_packet] Field byte_count value 1967 outside constraints
[2026-05-18 14:00:40,894][WARNING][modbus_packet] Field byte_count value 1967 outside constraints
[2026-05-18 14:00:40,907][WARNING][modbus_packet] Field byte_count value 1967 outside constraints
[2026-05-18 14:00:40,921][WARNING][modbus_packet] Field byte_count value 1967 outside constraints
[2026-05-18 14:00:40,935][WARNING][modbus_packet] Field byte_count value 1967 outside constraints
[2026-05-18 14:00:40,949][WARNING][modbus_packet] Field byte_count value 1967 outside constraints
[2026-05-18 14:00:40,962][WARNING][modbus_packet] Field byte_count value 1967 outside constraints
[2026-05-18 14:00:40,977][WARNING][modbus_packet] Field byte_count value 1967 outside constraints
[2026-05-18 14:00:40,990][WARNING][modbus_packet] Field byte_count value 1967 outside constraints
[2026-05-18 14:00:41,004][WARNING][modbus_packet] Field byte_count value 1967 outside constraints
[2026-05-18 14:00:41,019][WARNING][modbus_packet] Field byte_count value 1967 outside constraints
[2026-05-18 14:00:41,033][WARNING][modbus_packet] Field byte_count value 1967 outside constraints
[2026-05-18 14:00:41,046][WARNING][modbus_packet] Field byte_count value 1967 outside constraints
[2026-05-18 14:00:41,061][WARNING][modbus_packet] Field byte_count value 1967 outside constraints
[2026-05-18 14:00:41,074][WARNING][modbus_packet] Field byte_count value 1967 outside constraints
[2026-05-18 14:00:41,088][WARNING][modbus_packet] Field byte_count value 1967 outside constraints
[2026-05-18 14:00:41,102][WARNING][modbus_packet] Field byte_count value 1968 outside constraints
[2026-05-18 14:00:41,115][WARNING][modbus_packet] Field byte_count value 1968 outside constraints
[2026-05-18 14:00:41,129][WARNING][modbus_packet] Field byte_count value 1968 outside constraints
[2026-05-18 14:00:41,143][WARNING][modbus_packet] Field byte_count value 1968 outside constraints
[2026-05-18 14:00:41,157][WARNING][modbus_packet] Field byte_count value 1968 outside constraints
[2026-05-18 14:00:41,170][WARNING][modbus_packet] Field byte_count value 1968 outside constraints
[2026-05-18 14:00:41,184][WARNING][modbus_packet] Field byte_count value 1968 outside constraints
[2026-05-18 14:00:41,198][WARNING][modbus_packet] Field byte_count value 1968 outside constraints
[2026-05-18 14:00:41,211][WARNING][modbus_packet] Field byte_count value 1968 outside constraints
[2026-05-18 14:00:41,225][WARNING][modbus_packet] Field byte_count value 1968 outside constraints
[2026-05-18 14:00:41,239][WARNING][modbus_packet] Field byte_count value 1968 outside constraints
[2026-05-18 14:00:41,252][WARNING][modbus_packet] Field byte_count value 1968 outside constraints
[2026-05-18 14:00:41,266][WARNING][modbus_packet] Field byte_count value 1968 outside constraints
[2026-05-18 14:00:41,279][WARNING][modbus_packet] Field byte_count value 1968 outside constraints
[2026-05-18 14:00:41,293][WARNING][modbus_packet] Field byte_count value 1968 outside constraints
[2026-05-18 14:00:41,307][WARNING][modbus_packet] Field byte_count value 1968 outside constraints
[2026-05-18 14:00:41,321][WARNING][modbus_packet] Field byte_count value 1968 outside constraints
[2026-05-18 14:00:41,334][WARNING][modbus_packet] Field byte_count value 1968 outside constraints
[2026-05-18 14:00:41,348][WARNING][modbus_packet] Field byte_count value 1968 outside constraints
[2026-05-18 14:00:41,362][WARNING][modbus_packet] Field byte_count value 1968 outside constraints
[2026-05-18 14:00:41,375][WARNING][modbus_packet] Field byte_count value 1968 outside constraints
[2026-05-18 14:00:41,389][WARNING][modbus_packet] Field byte_count value 1968 outside constraints
[2026-05-18 14:00:41,403][WARNING][modbus_packet] Field byte_count value 1968 outside constraints
[2026-05-18 14:00:41,417][WARNING][modbus_packet] Field byte_count value 1968 outside constraints
[2026-05-18 14:00:41,430][WARNING][modbus_packet] Field byte_count value 1968 outside constraints
[2026-05-18 14:00:41,444][WARNING][modbus_packet] Field byte_count value 1968 outside constraints
[2026-05-18 14:00:41,458][WARNING][modbus_packet] Field byte_count value 1968 outside constraints
[2026-05-18 14:00:41,472][WARNING][modbus_packet] Field byte_count value 1968 outside constraints
[2026-05-18 14:00:41,486][WARNING][modbus_packet] Field byte_count value 1968 outside constraints
[2026-05-18 14:00:41,499][WARNING][modbus_packet] Field byte_count value 1968 outside constraints
[2026-05-18 14:00:41,513][WARNING][modbus_packet] Field byte_count value 1968 outside constraints
[2026-05-18 14:00:41,527][WARNING][modbus_packet] Field byte_count value 1968 outside constraints
[2026-05-18 14:00:41,541][WARNING][modbus_packet] Field byte_count value 1968 outside constraints
[2026-05-18 14:00:41,555][WARNING][modbus_packet] Field byte_count value 1968 outside constraints
[2026-05-18 14:00:41,571][WARNING][modbus_packet] Field byte_count value 1968 outside constraints
[2026-05-18 14:00:41,584][WARNING][modbus_packet] Field byte_count value 1968 outside constraints
[2026-05-18 14:00:41,598][WARNING][modbus_packet] Field byte_count value 1968 outside constraints
[2026-05-18 14:00:41,611][WARNING][modbus_packet] Field byte_count value 1968 outside constraints
[2026-05-18 14:00:41,625][WARNING][modbus_packet] Field byte_count value 1968 outside constraints
[2026-05-18 14:00:41,640][WARNING][modbus_packet] Field byte_count value 1968 outside constraints
[2026-05-18 14:00:42,740][WARNING][modbus_packet] Field byte_count value 255 outside constraints
[2026-05-18 14:00:42,753][WARNING][modbus_packet] Field byte_count value 255 outside constraints
[2026-05-18 14:00:42,767][WARNING][modbus_packet] Field byte_count value 255 outside constraints
[2026-05-18 14:00:42,781][WARNING][modbus_packet] Field byte_count value 255 outside constraints
[2026-05-18 14:00:42,794][WARNING][modbus_packet] Field byte_count value 255 outside constraints
[2026-05-18 14:00:42,808][WARNING][modbus_packet] Field byte_count value 255 outside constraints
[2026-05-18 14:00:42,821][WARNING][modbus_packet] Field byte_count value 255 outside constraints
[2026-05-18 14:00:42,834][WARNING][modbus_packet] Field byte_count value 255 outside constraints
[2026-05-18 14:00:42,846][WARNING][modbus_packet] Field byte_count value 255 outside constraints
[2026-05-18 14:00:42,859][WARNING][modbus_packet] Field byte_count value 255 outside constraints
[2026-05-18 14:00:42,873][WARNING][modbus_packet] Field byte_count value 255 outside constraints
[2026-05-18 14:00:42,886][WARNING][modbus_packet] Field byte_count value 255 outside constraints
[2026-05-18 14:00:42,900][WARNING][modbus_packet] Field byte_count value 255 outside constraints
[2026-05-18 14:00:42,913][WARNING][modbus_packet] Field byte_count value 255 outside constraints
[2026-05-18 14:00:42,926][WARNING][modbus_packet] Field byte_count value 255 outside constraints
[2026-05-18 14:00:42,940][WARNING][modbus_packet] Field byte_count value 255 outside constraints
[2026-05-18 14:00:42,954][WARNING][modbus_packet] Field byte_count value 255 outside constraints
[2026-05-18 14:00:42,968][WARNING][modbus_packet] Field byte_count value 255 outside constraints
[2026-05-18 14:00:42,982][WARNING][modbus_packet] Field byte_count value 255 outside constraints
[2026-05-18 14:00:42,996][WARNING][modbus_packet] Field byte_count value 255 outside constraints
[2026-05-18 14:00:43,010][WARNING][modbus_packet] Field byte_count value 255 outside constraints
[2026-05-18 14:00:43,023][WARNING][modbus_packet] Field byte_count value 255 outside constraints
[2026-05-18 14:00:43,037][WARNING][modbus_packet] Field byte_count value 255 outside constraints
[2026-05-18 14:00:43,051][WARNING][modbus_packet] Field byte_count value 255 outside constraints
[2026-05-18 14:00:43,064][WARNING][modbus_packet] Field byte_count value 255 outside constraints
[2026-05-18 14:00:43,078][WARNING][modbus_packet] Field byte_count value 255 outside constraints
[2026-05-18 14:00:43,092][WARNING][modbus_packet] Field byte_count value 255 outside constraints
[2026-05-18 14:00:43,105][WARNING][modbus_packet] Field byte_count value 255 outside constraints
[2026-05-18 14:00:43,118][WARNING][modbus_packet] Field byte_count value 255 outside constraints
[2026-05-18 14:00:43,132][WARNING][modbus_packet] Field byte_count value 255 outside constraints
[2026-05-18 14:00:43,146][WARNING][modbus_packet] Field byte_count value 255 outside constraints
[2026-05-18 14:00:43,160][WARNING][modbus_packet] Field byte_count value 255 outside constraints
[2026-05-18 14:00:43,173][WARNING][modbus_packet] Field byte_count value 255 outside constraints
[2026-05-18 14:00:43,186][WARNING][modbus_packet] Field byte_count value 255 outside constraints
[2026-05-18 14:00:43,200][WARNING][modbus_packet] Field byte_count value 255 outside constraints
[2026-05-18 14:00:43,213][WARNING][modbus_packet] Field byte_count value 255 outside constraints
[2026-05-18 14:00:43,227][WARNING][modbus_packet] Field byte_count value 255 outside constraints
[2026-05-18 14:00:43,240][WARNING][modbus_packet] Field byte_count value 255 outside constraints
[2026-05-18 14:00:43,254][WARNING][modbus_packet] Field byte_count value 255 outside constraints
[2026-05-18 14:00:43,267][WARNING][modbus_packet] Field byte_count value 255 outside constraints
[2026-05-18 14:00:43,281][WARNING][modbus_packet] Field byte_count value 256 outside constraints
[2026-05-18 14:00:43,295][WARNING][modbus_packet] Field byte_count value 256 outside constraints
[2026-05-18 14:00:43,309][WARNING][modbus_packet] Field byte_count value 256 outside constraints
[2026-05-18 14:00:43,323][WARNING][modbus_packet] Field byte_count value 256 outside constraints
[2026-05-18 14:00:43,337][WARNING][modbus_packet] Field byte_count value 256 outside constraints
[2026-05-18 14:00:43,350][WARNING][modbus_packet] Field byte_count value 256 outside constraints
[2026-05-18 14:00:43,364][WARNING][modbus_packet] Field byte_count value 256 outside constraints
[2026-05-18 14:00:43,377][WARNING][modbus_packet] Field byte_count value 256 outside constraints
[2026-05-18 14:00:43,391][WARNING][modbus_packet] Field byte_count value 256 outside constraints
[2026-05-18 14:00:43,405][WARNING][modbus_packet] Field byte_count value 256 outside constraints
[2026-05-18 14:00:43,419][WARNING][modbus_packet] Field byte_count value 256 outside constraints
[2026-05-18 14:00:43,433][WARNING][modbus_packet] Field byte_count value 256 outside constraints
[2026-05-18 14:00:43,447][WARNING][modbus_packet] Field byte_count value 256 outside constraints
[2026-05-18 14:00:43,460][WARNING][modbus_packet] Field byte_count value 256 outside constraints
[2026-05-18 14:00:43,474][WARNING][modbus_packet] Field byte_count value 256 outside constraints
[2026-05-18 14:00:43,488][WARNING][modbus_packet] Field byte_count value 256 outside constraints
[2026-05-18 14:00:43,501][WARNING][modbus_packet] Field byte_count value 256 outside constraints
[2026-05-18 14:00:43,515][WARNING][modbus_packet] Field byte_count value 256 outside constraints
[2026-05-18 14:00:43,528][WARNING][modbus_packet] Field byte_count value 256 outside constraints
[2026-05-18 14:00:43,542][WARNING][modbus_packet] Field byte_count value 256 outside constraints
[2026-05-18 14:00:43,555][WARNING][modbus_packet] Field byte_count value 256 outside constraints
[2026-05-18 14:00:43,571][WARNING][modbus_packet] Field byte_count value 256 outside constraints
[2026-05-18 14:00:43,584][WARNING][modbus_packet] Field byte_count value 256 outside constraints
[2026-05-18 14:00:43,598][WARNING][modbus_packet] Field byte_count value 256 outside constraints
[2026-05-18 14:00:43,612][WARNING][modbus_packet] Field byte_count value 256 outside constraints
[2026-05-18 14:00:43,626][WARNING][modbus_packet] Field byte_count value 256 outside constraints
[2026-05-18 14:00:43,639][WARNING][modbus_packet] Field byte_count value 256 outside constraints
[2026-05-18 14:00:43,653][WARNING][modbus_packet] Field byte_count value 256 outside constraints
[2026-05-18 14:00:43,666][WARNING][modbus_packet] Field byte_count value 256 outside constraints
[2026-05-18 14:00:43,680][WARNING][modbus_packet] Field byte_count value 256 outside constraints
[2026-05-18 14:00:43,693][WARNING][modbus_packet] Field byte_count value 256 outside constraints
[2026-05-18 14:00:43,707][WARNING][modbus_packet] Field byte_count value 256 outside constraints
[2026-05-18 14:00:43,721][WARNING][modbus_packet] Field byte_count value 256 outside constraints
[2026-05-18 14:00:43,735][WARNING][modbus_packet] Field byte_count value 256 outside constraints
[2026-05-18 14:00:43,748][WARNING][modbus_packet] Field byte_count value 256 outside constraints
[2026-05-18 14:00:43,762][WARNING][modbus_packet] Field byte_count value 256 outside constraints
[2026-05-18 14:00:43,776][WARNING][modbus_packet] Field byte_count value 256 outside constraints
[2026-05-18 14:00:43,790][WARNING][modbus_packet] Field byte_count value 256 outside constraints
[2026-05-18 14:00:43,804][WARNING][modbus_packet] Field byte_count value 256 outside constraints
[2026-05-18 14:00:43,818][WARNING][modbus_packet] Field byte_count value 256 outside constraints
[2026-05-18 14:00:43,834][WARNING][modbus_packet] Field byte_count value 1967 outside constraints
[2026-05-18 14:00:43,848][WARNING][modbus_packet] Field byte_count value 1967 outside constraints
[2026-05-18 14:00:43,861][WARNING][modbus_packet] Field byte_count value 1967 outside constraints
[2026-05-18 14:00:43,875][WARNING][modbus_packet] Field byte_count value 1967 outside constraints
[2026-05-18 14:00:43,888][WARNING][modbus_packet] Field byte_count value 1967 outside constraints
[2026-05-18 14:00:43,902][WARNING][modbus_packet] Field byte_count value 1967 outside constraints
[2026-05-18 14:00:43,915][WARNING][modbus_packet] Field byte_count value 1967 outside constraints
[2026-05-18 14:00:43,929][WARNING][modbus_packet] Field byte_count value 1967 outside constraints
[2026-05-18 14:00:43,943][WARNING][modbus_packet] Field byte_count value 1967 outside constraints
[2026-05-18 14:00:43,957][WARNING][modbus_packet] Field byte_count value 1967 outside constraints
[2026-05-18 14:00:43,971][WARNING][modbus_packet] Field byte_count value 1967 outside constraints
[2026-05-18 14:00:43,984][WARNING][modbus_packet] Field byte_count value 1967 outside constraints
[2026-05-18 14:00:43,998][WARNING][modbus_packet] Field byte_count value 1967 outside constraints
[2026-05-18 14:00:44,012][WARNING][modbus_packet] Field byte_count value 1967 outside constraints
[2026-05-18 14:00:44,025][WARNING][modbus_packet] Field byte_count value 1967 outside constraints
[2026-05-18 14:00:44,039][WARNING][modbus_packet] Field byte_count value 1967 outside constraints
[2026-05-18 14:00:44,052][WARNING][modbus_packet] Field byte_count value 1967 outside constraints
[2026-05-18 14:00:44,066][WARNING][modbus_packet] Field byte_count value 1967 outside constraints
[2026-05-18 14:00:44,080][WARNING][modbus_packet] Field byte_count value 1967 outside constraints
[2026-05-18 14:00:44,093][WARNING][modbus_packet] Field byte_count value 1967 outside constraints
[2026-05-18 14:00:44,107][WARNING][modbus_packet] Field byte_count value 1967 outside constraints
[2026-05-18 14:00:44,121][WARNING][modbus_packet] Field byte_count value 1967 outside constraints
[2026-05-18 14:00:44,134][WARNING][modbus_packet] Field byte_count value 1967 outside constraints
[2026-05-18 14:00:44,147][WARNING][modbus_packet] Field byte_count value 1967 outside constraints
[2026-05-18 14:00:44,160][WARNING][modbus_packet] Field byte_count value 1967 outside constraints
[2026-05-18 14:00:44,174][WARNING][modbus_packet] Field byte_count value 1967 outside constraints
[2026-05-18 14:00:44,187][WARNING][modbus_packet] Field byte_count value 1967 outside constraints
[2026-05-18 14:00:44,200][WARNING][modbus_packet] Field byte_count value 1967 outside constraints
[2026-05-18 14:00:44,213][WARNING][modbus_packet] Field byte_count value 1967 outside constraints
[2026-05-18 14:00:44,226][WARNING][modbus_packet] Field byte_count value 1967 outside constraints
[2026-05-18 14:00:44,240][WARNING][modbus_packet] Field byte_count value 1967 outside constraints
[2026-05-18 14:00:44,253][WARNING][modbus_packet] Field byte_count value 1967 outside constraints
[2026-05-18 14:00:44,266][WARNING][modbus_packet] Field byte_count value 1967 outside constraints
[2026-05-18 14:00:44,280][WARNING][modbus_packet] Field byte_count value 1967 outside constraints
[2026-05-18 14:00:44,293][WARNING][modbus_packet] Field byte_count value 1967 outside constraints
[2026-05-18 14:00:44,306][WARNING][modbus_packet] Field byte_count value 1967 outside constraints
[2026-05-18 14:00:44,320][WARNING][modbus_packet] Field byte_count value 1967 outside constraints
[2026-05-18 14:00:44,333][WARNING][modbus_packet] Field byte_count value 1967 outside constraints
[2026-05-18 14:00:44,347][WARNING][modbus_packet] Field byte_count value 1967 outside constraints
[2026-05-18 14:00:44,361][WARNING][modbus_packet] Field byte_count value 1967 outside constraints
[2026-05-18 14:00:44,375][WARNING][modbus_packet] Field byte_count value 1968 outside constraints
[2026-05-18 14:00:44,388][WARNING][modbus_packet] Field byte_count value 1968 outside constraints
[2026-05-18 14:00:44,402][WARNING][modbus_packet] Field byte_count value 1968 outside constraints
[2026-05-18 14:00:44,416][WARNING][modbus_packet] Field byte_count value 1968 outside constraints
[2026-05-18 14:00:44,429][WARNING][modbus_packet] Field byte_count value 1968 outside constraints
[2026-05-18 14:00:44,443][WARNING][modbus_packet] Field byte_count value 1968 outside constraints
[2026-05-18 14:00:44,457][WARNING][modbus_packet] Field byte_count value 1968 outside constraints
[2026-05-18 14:00:44,470][WARNING][modbus_packet] Field byte_count value 1968 outside constraints
[2026-05-18 14:00:44,484][WARNING][modbus_packet] Field byte_count value 1968 outside constraints
[2026-05-18 14:00:44,498][WARNING][modbus_packet] Field byte_count value 1968 outside constraints
[2026-05-18 14:00:44,512][WARNING][modbus_packet] Field byte_count value 1968 outside constraints
[2026-05-18 14:00:44,525][WARNING][modbus_packet] Field byte_count value 1968 outside constraints
[2026-05-18 14:00:44,539][WARNING][modbus_packet] Field byte_count value 1968 outside constraints
[2026-05-18 14:00:44,553][WARNING][modbus_packet] Field byte_count value 1968 outside constraints
[2026-05-18 14:00:44,567][WARNING][modbus_packet] Field byte_count value 1968 outside constraints
[2026-05-18 14:00:44,580][WARNING][modbus_packet] Field byte_count value 1968 outside constraints
[2026-05-18 14:00:44,594][WARNING][modbus_packet] Field byte_count value 1968 outside constraints
[2026-05-18 14:00:44,607][WARNING][modbus_packet] Field byte_count value 1968 outside constraints
[2026-05-18 14:00:44,621][WARNING][modbus_packet] Field byte_count value 1968 outside constraints
[2026-05-18 14:00:44,634][WARNING][modbus_packet] Field byte_count value 1968 outside constraints
[2026-05-18 14:00:44,648][WARNING][modbus_packet] Field byte_count value 1968 outside constraints
[2026-05-18 14:00:44,662][WARNING][modbus_packet] Field byte_count value 1968 outside constraints
[2026-05-18 14:00:44,676][WARNING][modbus_packet] Field byte_count value 1968 outside constraints
[2026-05-18 14:00:44,690][WARNING][modbus_packet] Field byte_count value 1968 outside constraints
[2026-05-18 14:00:44,703][WARNING][modbus_packet] Field byte_count value 1968 outside constraints
[2026-05-18 14:00:44,717][WARNING][modbus_packet] Field byte_count value 1968 outside constraints
[2026-05-18 14:00:44,730][WARNING][modbus_packet] Field byte_count value 1968 outside constraints
[2026-05-18 14:00:44,744][WARNING][modbus_packet] Field byte_count value 1968 outside constraints
[2026-05-18 14:00:44,757][WARNING][modbus_packet] Field byte_count value 1968 outside constraints
[2026-05-18 14:00:44,770][WARNING][modbus_packet] Field byte_count value 1968 outside constraints
[2026-05-18 14:00:44,785][WARNING][modbus_packet] Field byte_count value 1968 outside constraints
[2026-05-18 14:00:44,799][WARNING][modbus_packet] Field byte_count value 1968 outside constraints
[2026-05-18 14:00:44,813][WARNING][modbus_packet] Field byte_count value 1968 outside constraints
[2026-05-18 14:00:44,826][WARNING][modbus_packet] Field byte_count value 1968 outside constraints
[2026-05-18 14:00:44,840][WARNING][modbus_packet] Field byte_count value 1968 outside constraints
[2026-05-18 14:00:44,854][WARNING][modbus_packet] Field byte_count value 1968 outside constraints
[2026-05-18 14:00:44,867][WARNING][modbus_packet] Field byte_count value 1968 outside constraints
[2026-05-18 14:00:44,881][WARNING][modbus_packet] Field byte_count value 1968 outside constraints
[2026-05-18 14:00:44,895][WARNING][modbus_packet] Field byte_count value 1968 outside constraints
[2026-05-18 14:00:44,909][WARNING][modbus_packet] Field byte_count value 1968 outside constraints
[2026-05-18 14:00:46,000][WARNING][modbus_packet] Field byte_count value 255 outside constraints
[2026-05-18 14:00:46,014][WARNING][modbus_packet] Field byte_count value 255 outside constraints
[2026-05-18 14:00:46,027][WARNING][modbus_packet] Field byte_count value 255 outside constraints
[2026-05-18 14:00:46,041][WARNING][modbus_packet] Field byte_count value 255 outside constraints
[2026-05-18 14:00:46,054][WARNING][modbus_packet] Field byte_count value 255 outside constraints
[2026-05-18 14:00:46,070][WARNING][modbus_packet] Field byte_count value 255 outside constraints
[2026-05-18 14:00:46,084][WARNING][modbus_packet] Field byte_count value 255 outside constraints
[2026-05-18 14:00:46,098][WARNING][modbus_packet] Field byte_count value 255 outside constraints
[2026-05-18 14:00:46,112][WARNING][modbus_packet] Field byte_count value 255 outside constraints
[2026-05-18 14:00:46,126][WARNING][modbus_packet] Field byte_count value 255 outside constraints
[2026-05-18 14:00:46,140][WARNING][modbus_packet] Field byte_count value 255 outside constraints
[2026-05-18 14:00:46,154][WARNING][modbus_packet] Field byte_count value 255 outside constraints
[2026-05-18 14:00:46,168][WARNING][modbus_packet] Field byte_count value 255 outside constraints
[2026-05-18 14:00:46,182][WARNING][modbus_packet] Field byte_count value 255 outside constraints
[2026-05-18 14:00:46,196][WARNING][modbus_packet] Field byte_count value 255 outside constraints
[2026-05-18 14:00:46,210][WARNING][modbus_packet] Field byte_count value 255 outside constraints
[2026-05-18 14:00:46,224][WARNING][modbus_packet] Field byte_count value 255 outside constraints
[2026-05-18 14:00:46,237][WARNING][modbus_packet] Field byte_count value 255 outside constraints
[2026-05-18 14:00:46,250][WARNING][modbus_packet] Field byte_count value 255 outside constraints
[2026-05-18 14:00:46,264][WARNING][modbus_packet] Field byte_count value 255 outside constraints
[2026-05-18 14:00:46,277][WARNING][modbus_packet] Field byte_count value 255 outside constraints
[2026-05-18 14:00:46,291][WARNING][modbus_packet] Field byte_count value 255 outside constraints
[2026-05-18 14:00:46,304][WARNING][modbus_packet] Field byte_count value 255 outside constraints
[2026-05-18 14:00:46,319][WARNING][modbus_packet] Field byte_count value 255 outside constraints
[2026-05-18 14:00:46,333][WARNING][modbus_packet] Field byte_count value 255 outside constraints
[2026-05-18 14:00:46,346][WARNING][modbus_packet] Field byte_count value 255 outside constraints
[2026-05-18 14:00:46,360][WARNING][modbus_packet] Field byte_count value 255 outside constraints
[2026-05-18 14:00:46,374][WARNING][modbus_packet] Field byte_count value 255 outside constraints
[2026-05-18 14:00:46,388][WARNING][modbus_packet] Field byte_count value 255 outside constraints
[2026-05-18 14:00:46,401][WARNING][modbus_packet] Field byte_count value 255 outside constraints
[2026-05-18 14:00:46,415][WARNING][modbus_packet] Field byte_count value 255 outside constraints
[2026-05-18 14:00:46,428][WARNING][modbus_packet] Field byte_count value 255 outside constraints
[2026-05-18 14:00:46,442][WARNING][modbus_packet] Field byte_count value 255 outside constraints
[2026-05-18 14:00:46,456][WARNING][modbus_packet] Field byte_count value 255 outside constraints
[2026-05-18 14:00:46,470][WARNING][modbus_packet] Field byte_count value 255 outside constraints
[2026-05-18 14:00:46,484][WARNING][modbus_packet] Field byte_count value 255 outside constraints
[2026-05-18 14:00:46,498][WARNING][modbus_packet] Field byte_count value 255 outside constraints
[2026-05-18 14:00:46,511][WARNING][modbus_packet] Field byte_count value 255 outside constraints
[2026-05-18 14:00:46,524][WARNING][modbus_packet] Field byte_count value 255 outside constraints
[2026-05-18 14:00:46,538][WARNING][modbus_packet] Field byte_count value 255 outside constraints
[2026-05-18 14:00:46,551][WARNING][modbus_packet] Field byte_count value 256 outside constraints
[2026-05-18 14:00:46,565][WARNING][modbus_packet] Field byte_count value 256 outside constraints
[2026-05-18 14:00:46,579][WARNING][modbus_packet] Field byte_count value 256 outside constraints
[2026-05-18 14:00:46,592][WARNING][modbus_packet] Field byte_count value 256 outside constraints
[2026-05-18 14:00:46,606][WARNING][modbus_packet] Field byte_count value 256 outside constraints
[2026-05-18 14:00:46,620][WARNING][modbus_packet] Field byte_count value 256 outside constraints
[2026-05-18 14:00:46,633][WARNING][modbus_packet] Field byte_count value 256 outside constraints
[2026-05-18 14:00:46,647][WARNING][modbus_packet] Field byte_count value 256 outside constraints
[2026-05-18 14:00:46,661][WARNING][modbus_packet] Field byte_count value 256 outside constraints
[2026-05-18 14:00:46,674][WARNING][modbus_packet] Field byte_count value 256 outside constraints
[2026-05-18 14:00:46,688][WARNING][modbus_packet] Field byte_count value 256 outside constraints
[2026-05-18 14:00:46,702][WARNING][modbus_packet] Field byte_count value 256 outside constraints
[2026-05-18 14:00:46,715][WARNING][modbus_packet] Field byte_count value 256 outside constraints
[2026-05-18 14:00:46,729][WARNING][modbus_packet] Field byte_count value 256 outside constraints
[2026-05-18 14:00:46,743][WARNING][modbus_packet] Field byte_count value 256 outside constraints
[2026-05-18 14:00:46,757][WARNING][modbus_packet] Field byte_count value 256 outside constraints
[2026-05-18 14:00:46,771][WARNING][modbus_packet] Field byte_count value 256 outside constraints
[2026-05-18 14:00:46,786][WARNING][modbus_packet] Field byte_count value 256 outside constraints
[2026-05-18 14:00:46,801][WARNING][modbus_packet] Field byte_count value 256 outside constraints
[2026-05-18 14:00:46,815][WARNING][modbus_packet] Field byte_count value 256 outside constraints
[2026-05-18 14:00:46,828][WARNING][modbus_packet] Field byte_count value 256 outside constraints
[2026-05-18 14:00:46,842][WARNING][modbus_packet] Field byte_count value 256 outside constraints
[2026-05-18 14:00:46,856][WARNING][modbus_packet] Field byte_count value 256 outside constraints
[2026-05-18 14:00:46,871][WARNING][modbus_packet] Field byte_count value 256 outside constraints
[2026-05-18 14:00:46,884][WARNING][modbus_packet] Field byte_count value 256 outside constraints
[2026-05-18 14:00:46,898][WARNING][modbus_packet] Field byte_count value 256 outside constraints
[2026-05-18 14:00:46,911][WARNING][modbus_packet] Field byte_count value 256 outside constraints
[2026-05-18 14:00:46,925][WARNING][modbus_packet] Field byte_count value 256 outside constraints
[2026-05-18 14:00:46,938][WARNING][modbus_packet] Field byte_count value 256 outside constraints
[2026-05-18 14:00:46,952][WARNING][modbus_packet] Field byte_count value 256 outside constraints
[2026-05-18 14:00:46,965][WARNING][modbus_packet] Field byte_count value 256 outside constraints
[2026-05-18 14:00:46,979][WARNING][modbus_packet] Field byte_count value 256 outside constraints
[2026-05-18 14:00:46,992][WARNING][modbus_packet] Field byte_count value 256 outside constraints
[2026-05-18 14:00:47,005][WARNING][modbus_packet] Field byte_count value 256 outside constraints
[2026-05-18 14:00:47,019][WARNING][modbus_packet] Field byte_count value 256 outside constraints
[2026-05-18 14:00:47,032][WARNING][modbus_packet] Field byte_count value 256 outside constraints
[2026-05-18 14:00:47,046][WARNING][modbus_packet] Field byte_count value 256 outside constraints
[2026-05-18 14:00:47,059][WARNING][modbus_packet] Field byte_count value 256 outside constraints
[2026-05-18 14:00:47,072][WARNING][modbus_packet] Field byte_count value 256 outside constraints
[2026-05-18 14:00:47,086][WARNING][modbus_packet] Field byte_count value 256 outside constraints
[2026-05-18 14:00:47,099][WARNING][modbus_packet] Field byte_count value 1967 outside constraints
[2026-05-18 14:00:47,113][WARNING][modbus_packet] Field byte_count value 1967 outside constraints
[2026-05-18 14:00:47,126][WARNING][modbus_packet] Field byte_count value 1967 outside constraints
[2026-05-18 14:00:47,139][WARNING][modbus_packet] Field byte_count value 1967 outside constraints
[2026-05-18 14:00:47,152][WARNING][modbus_packet] Field byte_count value 1967 outside constraints
[2026-05-18 14:00:47,166][WARNING][modbus_packet] Field byte_count value 1967 outside constraints
[2026-05-18 14:00:47,179][WARNING][modbus_packet] Field byte_count value 1967 outside constraints
[2026-05-18 14:00:47,193][WARNING][modbus_packet] Field byte_count value 1967 outside constraints
[2026-05-18 14:00:47,206][WARNING][modbus_packet] Field byte_count value 1967 outside constraints
[2026-05-18 14:00:47,219][WARNING][modbus_packet] Field byte_count value 1967 outside constraints
[2026-05-18 14:00:47,232][WARNING][modbus_packet] Field byte_count value 1967 outside constraints
[2026-05-18 14:00:47,245][WARNING][modbus_packet] Field byte_count value 1967 outside constraints
[2026-05-18 14:00:47,259][WARNING][modbus_packet] Field byte_count value 1967 outside constraints
[2026-05-18 14:00:47,272][WARNING][modbus_packet] Field byte_count value 1967 outside constraints
[2026-05-18 14:00:47,286][WARNING][modbus_packet] Field byte_count value 1967 outside constraints
[2026-05-18 14:00:47,299][WARNING][modbus_packet] Field byte_count value 1967 outside constraints
[2026-05-18 14:00:47,313][WARNING][modbus_packet] Field byte_count value 1967 outside constraints
[2026-05-18 14:00:47,326][WARNING][modbus_packet] Field byte_count value 1967 outside constraints
[2026-05-18 14:00:47,340][WARNING][modbus_packet] Field byte_count value 1967 outside constraints
[2026-05-18 14:00:47,353][WARNING][modbus_packet] Field byte_count value 1967 outside constraints
[2026-05-18 14:00:47,366][WARNING][modbus_packet] Field byte_count value 1967 outside constraints
[2026-05-18 14:00:47,380][WARNING][modbus_packet] Field byte_count value 1967 outside constraints
[2026-05-18 14:00:47,393][WARNING][modbus_packet] Field byte_count value 1967 outside constraints
[2026-05-18 14:00:47,407][WARNING][modbus_packet] Field byte_count value 1967 outside constraints
[2026-05-18 14:00:47,420][WARNING][modbus_packet] Field byte_count value 1967 outside constraints
[2026-05-18 14:00:47,434][WARNING][modbus_packet] Field byte_count value 1967 outside constraints
[2026-05-18 14:00:47,448][WARNING][modbus_packet] Field byte_count value 1967 outside constraints
[2026-05-18 14:00:47,462][WARNING][modbus_packet] Field byte_count value 1967 outside constraints
[2026-05-18 14:00:47,478][WARNING][modbus_packet] Field byte_count value 1967 outside constraints
[2026-05-18 14:00:47,492][WARNING][modbus_packet] Field byte_count value 1967 outside constraints
[2026-05-18 14:00:47,506][WARNING][modbus_packet] Field byte_count value 1967 outside constraints
[2026-05-18 14:00:47,520][WARNING][modbus_packet] Field byte_count value 1967 outside constraints
[2026-05-18 14:00:47,534][WARNING][modbus_packet] Field byte_count value 1967 outside constraints
[2026-05-18 14:00:47,547][WARNING][modbus_packet] Field byte_count value 1967 outside constraints
[2026-05-18 14:00:47,561][WARNING][modbus_packet] Field byte_count value 1967 outside constraints
[2026-05-18 14:00:47,575][WARNING][modbus_packet] Field byte_count value 1967 outside constraints
[2026-05-18 14:00:47,588][WARNING][modbus_packet] Field byte_count value 1967 outside constraints
[2026-05-18 14:00:47,602][WARNING][modbus_packet] Field byte_count value 1967 outside constraints
[2026-05-18 14:00:47,615][WARNING][modbus_packet] Field byte_count value 1967 outside constraints
[2026-05-18 14:00:47,628][WARNING][modbus_packet] Field byte_count value 1967 outside constraints
[2026-05-18 14:00:47,642][WARNING][modbus_packet] Field byte_count value 1968 outside constraints
[2026-05-18 14:00:47,655][WARNING][modbus_packet] Field byte_count value 1968 outside constraints
[2026-05-18 14:00:47,668][WARNING][modbus_packet] Field byte_count value 1968 outside constraints
[2026-05-18 14:00:47,682][WARNING][modbus_packet] Field byte_count value 1968 outside constraints
[2026-05-18 14:00:47,696][WARNING][modbus_packet] Field byte_count value 1968 outside constraints
[2026-05-18 14:00:47,709][WARNING][modbus_packet] Field byte_count value 1968 outside constraints
[2026-05-18 14:00:47,722][WARNING][modbus_packet] Field byte_count value 1968 outside constraints
[2026-05-18 14:00:47,736][WARNING][modbus_packet] Field byte_count value 1968 outside constraints
[2026-05-18 14:00:47,749][WARNING][modbus_packet] Field byte_count value 1968 outside constraints
[2026-05-18 14:00:47,762][WARNING][modbus_packet] Field byte_count value 1968 outside constraints
[2026-05-18 14:00:47,776][WARNING][modbus_packet] Field byte_count value 1968 outside constraints
[2026-05-18 14:00:47,790][WARNING][modbus_packet] Field byte_count value 1968 outside constraints
[2026-05-18 14:00:47,804][WARNING][modbus_packet] Field byte_count value 1968 outside constraints
[2026-05-18 14:00:47,817][WARNING][modbus_packet] Field byte_count value 1968 outside constraints
[2026-05-18 14:00:47,831][WARNING][modbus_packet] Field byte_count value 1968 outside constraints
[2026-05-18 14:00:47,844][WARNING][modbus_packet] Field byte_count value 1968 outside constraints
[2026-05-18 14:00:47,857][WARNING][modbus_packet] Field byte_count value 1968 outside constraints
[2026-05-18 14:00:47,872][WARNING][modbus_packet] Field byte_count value 1968 outside constraints
[2026-05-18 14:00:47,885][WARNING][modbus_packet] Field byte_count value 1968 outside constraints
[2026-05-18 14:00:47,899][WARNING][modbus_packet] Field byte_count value 1968 outside constraints
[2026-05-18 14:00:47,912][WARNING][modbus_packet] Field byte_count value 1968 outside constraints
[2026-05-18 14:00:47,926][WARNING][modbus_packet] Field byte_count value 1968 outside constraints
[2026-05-18 14:00:47,939][WARNING][modbus_packet] Field byte_count value 1968 outside constraints
[2026-05-18 14:00:47,953][WARNING][modbus_packet] Field byte_count value 1968 outside constraints
[2026-05-18 14:00:47,966][WARNING][modbus_packet] Field byte_count value 1968 outside constraints
[2026-05-18 14:00:47,980][WARNING][modbus_packet] Field byte_count value 1968 outside constraints
[2026-05-18 14:00:47,994][WARNING][modbus_packet] Field byte_count value 1968 outside constraints
[2026-05-18 14:00:48,007][WARNING][modbus_packet] Field byte_count value 1968 outside constraints
[2026-05-18 14:00:48,020][WARNING][modbus_packet] Field byte_count value 1968 outside constraints
[2026-05-18 14:00:48,034][WARNING][modbus_packet] Field byte_count value 1968 outside constraints
[2026-05-18 14:00:48,048][WARNING][modbus_packet] Field byte_count value 1968 outside constraints
[2026-05-18 14:00:48,061][WARNING][modbus_packet] Field byte_count value 1968 outside constraints
[2026-05-18 14:00:48,075][WARNING][modbus_packet] Field byte_count value 1968 outside constraints
[2026-05-18 14:00:48,088][WARNING][modbus_packet] Field byte_count value 1968 outside constraints
[2026-05-18 14:00:48,101][WARNING][modbus_packet] Field byte_count value 1968 outside constraints
[2026-05-18 14:00:48,114][WARNING][modbus_packet] Field byte_count value 1968 outside constraints
[2026-05-18 14:00:48,127][WARNING][modbus_packet] Field byte_count value 1968 outside constraints
[2026-05-18 14:00:48,140][WARNING][modbus_packet] Field byte_count value 1968 outside constraints
[2026-05-18 14:00:48,153][WARNING][modbus_packet] Field byte_count value 1968 outside constraints
[2026-05-18 14:00:48,166][WARNING][modbus_packet] Field byte_count value 1968 outside constraints
[2026-05-18 14:00:48,203][WARNING][modbus_packet] Field byte_count value 1968 outside constraints
[2026-05-18 14:00:48,226][INFO][fuzzer_core] Fuzzing function code 10
[2026-05-18 14:00:48,227][INFO][modbus_packet] Generated 192 test cases for FC10
[2026-05-18 14:00:48,230][INFO][fuzzer_core] New response pattern: 16:False:None:4
[2026-05-18 14:00:48,297][INFO][fuzzer_core] New response pattern: 16:True:3:1
[2026-05-18 14:00:55,021][INFO][fuzzer_core] New response pattern: 16:True:2:1
[2026-05-18 14:01:06,368][INFO][fuzzer_core] Fuzzing function code 17
[2026-05-18 14:01:06,373][WARNING][modbus_packet] Too many combinations (6144), limiting to 1000
[2026-05-18 14:01:06,373][INFO][modbus_packet] Generated 1000 test cases for FC17
[2026-05-18 14:01:06,377][INFO][fuzzer_core] New response pattern: 23:True:1:1
[2026-05-18 14:04:24,021][INFO] Loaded configuration from config.yaml
[2026-05-18 14:04:24,021][DEBUG] Configuration validation passed
[2026-05-18 14:04:24,021][ERROR][root] Fuzzing failed: ModbusFuzzer.fuzz_all_function_codes() got an unexpected keyword argument 'max_iterations'
[2026-05-19 10:42:05,430][INFO] Loaded configuration from config.yaml
[2026-05-19 10:42:05,430][DEBUG] Configuration validation passed
[2026-05-19 10:42:05,431][INFO][fuzzer_core] Starting fuzzing session against 192.168.60.3:502
[2026-05-19 10:42:05,431][INFO][fuzzer_core] Using strategies: ['grammar_based', 'boundary_values']
[2026-05-19 10:42:05,431][INFO][fuzzer_core] Fuzzing 12 function codes
[2026-05-19 10:42:05,431][INFO][fuzzer_core] Fuzzing function code 01
[2026-05-19 10:42:05,431][INFO][modbus_packet] Generated 48 test cases for FC01
[2026-05-19 10:42:05,436][INFO][modbus_connection] Connected to 192.168.60.3:502
[2026-05-19 10:42:05,558][INFO][fuzzer_core] New response pattern: 1:False:None:2
[2026-05-19 10:42:05,586][INFO][fuzzer_core] New response pattern: 1:False:None:33
[2026-05-19 10:42:05,615][INFO][fuzzer_core] New response pattern: 1:False:None:251
[2026-05-19 10:42:05,615][WARNING][fuzzer_core] Large response: 251 bytes
[2026-05-19 10:42:05,629][WARNING][fuzzer_core] Large response: 251 bytes
[2026-05-19 10:42:05,699][WARNING][fuzzer_core] Large response: 251 bytes
[2026-05-19 10:42:05,716][WARNING][fuzzer_core] Large response: 251 bytes
[2026-05-19 10:42:05,787][WARNING][fuzzer_core] Large response: 251 bytes
[2026-05-19 10:42:05,801][WARNING][fuzzer_core] Large response: 251 bytes
[2026-05-19 10:42:05,816][INFO][fuzzer_core] New response pattern: 1:True:2:1
[2026-05-19 10:42:06,277][INFO][fuzzer_core] Fuzzing function code 02
[2026-05-19 10:42:06,277][INFO][modbus_packet] Generated 48 test cases for FC02
[2026-05-19 10:42:06,281][INFO][fuzzer_core] New response pattern: 2:False:None:2
[2026-05-19 10:42:06,310][INFO][fuzzer_core] New response pattern: 2:False:None:33
[2026-05-19 10:42:06,337][INFO][fuzzer_core] New response pattern: 2:False:None:251
[2026-05-19 10:42:06,337][WARNING][fuzzer_core] Large response: 251 bytes
[2026-05-19 10:42:06,352][WARNING][fuzzer_core] Large response: 251 bytes
[2026-05-19 10:42:06,420][WARNING][fuzzer_core] Large response: 251 bytes
[2026-05-19 10:42:06,434][WARNING][fuzzer_core] Large response: 251 bytes
[2026-05-19 10:42:06,504][WARNING][fuzzer_core] Large response: 251 bytes
[2026-05-19 10:42:06,518][WARNING][fuzzer_core] Large response: 251 bytes
[2026-05-19 10:42:06,532][INFO][fuzzer_core] New response pattern: 2:True:2:1
[2026-05-19 10:42:07,005][INFO][fuzzer_core] Fuzzing function code 03
[2026-05-19 10:42:07,005][INFO][modbus_packet] Generated 32 test cases for FC03
[2026-05-19 10:42:07,010][INFO][fuzzer_core] New response pattern: 3:False:None:3
[2026-05-19 10:42:07,024][INFO][fuzzer_core] New response pattern: 3:False:None:5
[2026-05-19 10:42:07,040][INFO][fuzzer_core] New response pattern: 3:False:None:249
[2026-05-19 10:42:07,056][INFO][fuzzer_core] New response pattern: 3:False:None:251
[2026-05-19 10:42:07,056][WARNING][fuzzer_core] Large response: 251 bytes
[2026-05-19 10:42:07,111][WARNING][fuzzer_core] Large response: 251 bytes
[2026-05-19 10:42:07,169][WARNING][fuzzer_core] Large response: 251 bytes
[2026-05-19 10:42:07,183][INFO][fuzzer_core] New response pattern: 3:True:2:1
[2026-05-19 10:42:07,509][INFO][fuzzer_core] Fuzzing function code 04
[2026-05-19 10:42:07,510][INFO][modbus_packet] Generated 32 test cases for FC04
[2026-05-19 10:42:07,514][INFO][fuzzer_core] New response pattern: 4:False:None:3
[2026-05-19 10:42:07,532][INFO][fuzzer_core] New response pattern: 4:False:None:5
[2026-05-19 10:42:07,549][INFO][fuzzer_core] New response pattern: 4:False:None:249
[2026-05-19 10:42:07,563][INFO][fuzzer_core] New response pattern: 4:False:None:251
[2026-05-19 10:42:07,563][WARNING][fuzzer_core] Large response: 251 bytes
[2026-05-19 10:42:07,620][WARNING][fuzzer_core] Large response: 251 bytes
[2026-05-19 10:42:07,677][WARNING][fuzzer_core] Large response: 251 bytes
[2026-05-19 10:42:07,692][INFO][fuzzer_core] New response pattern: 4:True:2:1
[2026-05-19 10:42:08,021][INFO][fuzzer_core] Fuzzing function code 05
[2026-05-19 10:42:08,021][INFO][modbus_packet] Generated 64 test cases for FC05
[2026-05-19 10:42:08,026][INFO][fuzzer_core] New response pattern: 5:False:None:4
[2026-05-19 10:42:08,365][INFO][fuzzer_core] New response pattern: 5:True:2:1
[2026-05-19 10:42:08,970][INFO][fuzzer_core] Fuzzing function code 06
[2026-05-19 10:42:08,970][INFO][modbus_packet] Generated 64 test cases for FC06
[2026-05-19 10:42:08,974][INFO][fuzzer_core] New response pattern: 6:False:None:4
[2026-05-19 10:42:09,310][INFO][fuzzer_core] New response pattern: 6:True:2:1
[2026-05-19 10:42:09,923][INFO][fuzzer_core] Fuzzing function code 08
[2026-05-19 10:42:09,924][INFO][modbus_packet] Generated 64 test cases for FC08
[2026-05-19 10:42:09,928][INFO][fuzzer_core] New response pattern: 8:True:1:1
[2026-05-19 10:42:10,861][INFO][fuzzer_core] Fuzzing function code 0F
[2026-05-19 10:42:10,862][INFO][modbus_packet] Generated 288 test cases for FC0F
[2026-05-19 10:42:10,866][INFO][fuzzer_core] New response pattern: 15:False:None:4
[2026-05-19 10:42:11,426][INFO][fuzzer_core] New response pattern: 15:True:3:1
[2026-05-19 10:42:11,989][WARNING][modbus_packet] Field byte_count value 255 outside constraints
[2026-05-19 10:42:12,003][WARNING][modbus_packet] Field byte_count value 255 outside constraints
[2026-05-19 10:42:12,017][WARNING][modbus_packet] Field byte_count value 255 outside constraints
[2026-05-19 10:42:12,032][WARNING][modbus_packet] Field byte_count value 255 outside constraints
[2026-05-19 10:42:12,046][WARNING][modbus_packet] Field byte_count value 255 outside constraints
[2026-05-19 10:42:12,060][WARNING][modbus_packet] Field byte_count value 255 outside constraints
[2026-05-19 10:42:12,075][WARNING][modbus_packet] Field byte_count value 255 outside constraints
[2026-05-19 10:42:12,089][WARNING][modbus_packet] Field byte_count value 255 outside constraints
[2026-05-19 10:42:12,104][WARNING][modbus_packet] Field byte_count value 255 outside constraints
[2026-05-19 10:42:12,118][WARNING][modbus_packet] Field byte_count value 255 outside constraints
[2026-05-19 10:42:12,132][WARNING][modbus_packet] Field byte_count value 255 outside constraints
[2026-05-19 10:42:12,145][WARNING][modbus_packet] Field byte_count value 255 outside constraints
[2026-05-19 10:42:12,159][WARNING][modbus_packet] Field byte_count value 255 outside constraints
[2026-05-19 10:42:12,174][WARNING][modbus_packet] Field byte_count value 255 outside constraints
[2026-05-19 10:42:12,188][WARNING][modbus_packet] Field byte_count value 255 outside constraints
[2026-05-19 10:42:12,203][WARNING][modbus_packet] Field byte_count value 255 outside constraints
[2026-05-19 10:42:12,217][WARNING][modbus_packet] Field byte_count value 255 outside constraints
[2026-05-19 10:42:12,232][WARNING][modbus_packet] Field byte_count value 255 outside constraints
[2026-05-19 10:42:12,246][WARNING][modbus_packet] Field byte_count value 255 outside constraints
[2026-05-19 10:42:12,260][WARNING][modbus_packet] Field byte_count value 255 outside constraints
[2026-05-19 10:42:12,275][WARNING][modbus_packet] Field byte_count value 255 outside constraints
[2026-05-19 10:42:12,291][WARNING][modbus_packet] Field byte_count value 255 outside constraints
[2026-05-19 10:42:12,306][WARNING][modbus_packet] Field byte_count value 255 outside constraints
[2026-05-19 10:42:12,321][WARNING][modbus_packet] Field byte_count value 255 outside constraints
[2026-05-19 10:42:12,335][WARNING][modbus_packet] Field byte_count value 255 outside constraints
[2026-05-19 10:42:12,349][WARNING][modbus_packet] Field byte_count value 255 outside constraints
[2026-05-19 10:42:12,364][WARNING][modbus_packet] Field byte_count value 255 outside constraints
[2026-05-19 10:42:12,378][WARNING][modbus_packet] Field byte_count value 255 outside constraints
[2026-05-19 10:42:12,393][WARNING][modbus_packet] Field byte_count value 255 outside constraints
[2026-05-19 10:42:12,407][WARNING][modbus_packet] Field byte_count value 255 outside constraints
[2026-05-19 10:42:12,422][WARNING][modbus_packet] Field byte_count value 255 outside constraints
[2026-05-19 10:42:12,436][WARNING][modbus_packet] Field byte_count value 255 outside constraints
[2026-05-19 10:42:12,450][WARNING][modbus_packet] Field byte_count value 255 outside constraints
[2026-05-19 10:42:12,464][WARNING][modbus_packet] Field byte_count value 255 outside constraints
[2026-05-19 10:42:12,478][WARNING][modbus_packet] Field byte_count value 255 outside constraints
[2026-05-19 10:42:12,493][WARNING][modbus_packet] Field byte_count value 255 outside constraints
[2026-05-19 10:42:12,508][WARNING][modbus_packet] Field byte_count value 255 outside constraints
[2026-05-19 10:42:12,523][WARNING][modbus_packet] Field byte_count value 255 outside constraints
[2026-05-19 10:42:12,537][WARNING][modbus_packet] Field byte_count value 255 outside constraints
[2026-05-19 10:42:12,552][WARNING][modbus_packet] Field byte_count value 255 outside constraints
[2026-05-19 10:42:12,566][WARNING][modbus_packet] Field byte_count value 256 outside constraints
[2026-05-19 10:42:12,580][WARNING][modbus_packet] Field byte_count value 256 outside constraints
[2026-05-19 10:42:12,595][WARNING][modbus_packet] Field byte_count value 256 outside constraints
[2026-05-19 10:42:12,609][WARNING][modbus_packet] Field byte_count value 256 outside constraints
[2026-05-19 10:42:12,624][WARNING][modbus_packet] Field byte_count value 256 outside constraints
[2026-05-19 10:42:12,638][WARNING][modbus_packet] Field byte_count value 256 outside constraints
[2026-05-19 10:42:12,653][WARNING][modbus_packet] Field byte_count value 256 outside constraints
[2026-05-19 10:42:12,667][WARNING][modbus_packet] Field byte_count value 256 outside constraints
[2026-05-19 10:42:12,681][WARNING][modbus_packet] Field byte_count value 256 outside constraints
[2026-05-19 10:42:12,695][WARNING][modbus_packet] Field byte_count value 256 outside constraints
[2026-05-19 10:42:12,709][WARNING][modbus_packet] Field byte_count value 256 outside constraints
[2026-05-19 10:42:12,724][WARNING][modbus_packet] Field byte_count value 256 outside constraints
[2026-05-19 10:42:12,739][WARNING][modbus_packet] Field byte_count value 256 outside constraints
[2026-05-19 10:42:12,754][WARNING][modbus_packet] Field byte_count value 256 outside constraints
[2026-05-19 10:42:12,768][WARNING][modbus_packet] Field byte_count value 256 outside constraints
[2026-05-19 10:42:12,782][WARNING][modbus_packet] Field byte_count value 256 outside constraints
[2026-05-19 10:42:12,796][WARNING][modbus_packet] Field byte_count value 256 outside constraints
[2026-05-19 10:42:12,810][WARNING][modbus_packet] Field byte_count value 256 outside constraints
[2026-05-19 10:42:12,825][WARNING][modbus_packet] Field byte_count value 256 outside constraints
[2026-05-19 10:42:12,839][WARNING][modbus_packet] Field byte_count value 256 outside constraints
[2026-05-19 10:42:12,853][WARNING][modbus_packet] Field byte_count value 256 outside constraints
[2026-05-19 10:42:12,867][WARNING][modbus_packet] Field byte_count value 256 outside constraints
[2026-05-19 10:42:12,881][WARNING][modbus_packet] Field byte_count value 256 outside constraints
[2026-05-19 10:42:12,895][WARNING][modbus_packet] Field byte_count value 256 outside constraints
[2026-05-19 10:42:12,908][WARNING][modbus_packet] Field byte_count value 256 outside constraints
[2026-05-19 10:42:12,923][WARNING][modbus_packet] Field byte_count value 256 outside constraints
[2026-05-19 10:42:12,937][WARNING][modbus_packet] Field byte_count value 256 outside constraints
[2026-05-19 10:42:12,952][WARNING][modbus_packet] Field byte_count value 256 outside constraints
[2026-05-19 10:42:12,966][WARNING][modbus_packet] Field byte_count value 256 outside constraints
[2026-05-19 10:42:12,981][WARNING][modbus_packet] Field byte_count value 256 outside constraints
[2026-05-19 10:42:12,994][WARNING][modbus_packet] Field byte_count value 256 outside constraints
[2026-05-19 10:42:13,009][WARNING][modbus_packet] Field byte_count value 256 outside constraints
[2026-05-19 10:42:13,023][WARNING][modbus_packet] Field byte_count value 256 outside constraints
[2026-05-19 10:42:13,038][WARNING][modbus_packet] Field byte_count value 256 outside constraints
[2026-05-19 10:42:13,053][WARNING][modbus_packet] Field byte_count value 256 outside constraints
[2026-05-19 10:42:13,069][WARNING][modbus_packet] Field byte_count value 256 outside constraints
[2026-05-19 10:42:13,083][WARNING][modbus_packet] Field byte_count value 256 outside constraints
[2026-05-19 10:42:13,097][WARNING][modbus_packet] Field byte_count value 256 outside constraints
[2026-05-19 10:42:13,110][WARNING][modbus_packet] Field byte_count value 256 outside constraints
[2026-05-19 10:42:13,125][WARNING][modbus_packet] Field byte_count value 256 outside constraints
[2026-05-19 10:42:13,139][WARNING][modbus_packet] Field byte_count value 1967 outside constraints
[2026-05-19 10:42:13,154][WARNING][modbus_packet] Field byte_count value 1967 outside constraints
[2026-05-19 10:42:13,169][WARNING][modbus_packet] Field byte_count value 1967 outside constraints
[2026-05-19 10:42:13,182][WARNING][modbus_packet] Field byte_count value 1967 outside constraints
[2026-05-19 10:42:13,196][WARNING][modbus_packet] Field byte_count value 1967 outside constraints
[2026-05-19 10:42:13,210][WARNING][modbus_packet] Field byte_count value 1967 outside constraints
[2026-05-19 10:42:13,224][WARNING][modbus_packet] Field byte_count value 1967 outside constraints
[2026-05-19 10:42:13,238][WARNING][modbus_packet] Field byte_count value 1967 outside constraints
[2026-05-19 10:42:13,253][WARNING][modbus_packet] Field byte_count value 1967 outside constraints
[2026-05-19 10:42:13,267][WARNING][modbus_packet] Field byte_count value 1967 outside constraints
[2026-05-19 10:42:13,281][WARNING][modbus_packet] Field byte_count value 1967 outside constraints
[2026-05-19 10:42:13,295][WARNING][modbus_packet] Field byte_count value 1967 outside constraints
[2026-05-19 10:42:13,309][WARNING][modbus_packet] Field byte_count value 1967 outside constraints
[2026-05-19 10:42:13,323][WARNING][modbus_packet] Field byte_count value 1967 outside constraints
[2026-05-19 10:42:13,337][WARNING][modbus_packet] Field byte_count value 1967 outside constraints
[2026-05-19 10:42:13,351][WARNING][modbus_packet] Field byte_count value 1967 outside constraints
[2026-05-19 10:42:13,366][WARNING][modbus_packet] Field byte_count value 1967 outside constraints
[2026-05-19 10:42:13,380][WARNING][modbus_packet] Field byte_count value 1967 outside constraints
[2026-05-19 10:42:13,394][WARNING][modbus_packet] Field byte_count value 1967 outside constraints
[2026-05-19 10:42:13,408][WARNING][modbus_packet] Field byte_count value 1967 outside constraints
[2026-05-19 10:42:13,422][WARNING][modbus_packet] Field byte_count value 1967 outside constraints
[2026-05-19 10:42:13,437][WARNING][modbus_packet] Field byte_count value 1967 outside constraints
[2026-05-19 10:42:13,451][WARNING][modbus_packet] Field byte_count value 1967 outside constraints
[2026-05-19 10:42:13,466][WARNING][modbus_packet] Field byte_count value 1967 outside constraints
[2026-05-19 10:42:13,480][WARNING][modbus_packet] Field byte_count value 1967 outside constraints
[2026-05-19 10:42:13,496][WARNING][modbus_packet] Field byte_count value 1967 outside constraints
[2026-05-19 10:42:13,510][WARNING][modbus_packet] Field byte_count value 1967 outside constraints
[2026-05-19 10:42:13,524][WARNING][modbus_packet] Field byte_count value 1967 outside constraints
[2026-05-19 10:42:13,539][WARNING][modbus_packet] Field byte_count value 1967 outside constraints
[2026-05-19 10:42:13,553][WARNING][modbus_packet] Field byte_count value 1967 outside constraints
[2026-05-19 10:42:13,566][WARNING][modbus_packet] Field byte_count value 1967 outside constraints
[2026-05-19 10:42:13,581][WARNING][modbus_packet] Field byte_count value 1967 outside constraints
[2026-05-19 10:42:13,596][WARNING][modbus_packet] Field byte_count value 1967 outside constraints
[2026-05-19 10:42:13,611][WARNING][modbus_packet] Field byte_count value 1967 outside constraints
[2026-05-19 10:42:13,625][WARNING][modbus_packet] Field byte_count value 1967 outside constraints
[2026-05-19 10:42:13,640][WARNING][modbus_packet] Field byte_count value 1967 outside constraints
[2026-05-19 10:42:13,654][WARNING][modbus_packet] Field byte_count value 1967 outside constraints
[2026-05-19 10:42:13,668][WARNING][modbus_packet] Field byte_count value 1967 outside constraints
[2026-05-19 10:42:13,683][WARNING][modbus_packet] Field byte_count value 1967 outside constraints
[2026-05-19 10:42:13,697][WARNING][modbus_packet] Field byte_count value 1967 outside constraints
[2026-05-19 10:42:13,711][WARNING][modbus_packet] Field byte_count value 1968 outside constraints
[2026-05-19 10:42:13,725][WARNING][modbus_packet] Field byte_count value 1968 outside constraints
[2026-05-19 10:42:13,739][WARNING][modbus_packet] Field byte_count value 1968 outside constraints
[2026-05-19 10:42:13,753][WARNING][modbus_packet] Field byte_count value 1968 outside constraints
[2026-05-19 10:42:13,767][WARNING][modbus_packet] Field byte_count value 1968 outside constraints
[2026-05-19 10:42:13,781][WARNING][modbus_packet] Field byte_count value 1968 outside constraints
[2026-05-19 10:42:13,795][WARNING][modbus_packet] Field byte_count value 1968 outside constraints
[2026-05-19 10:42:13,810][WARNING][modbus_packet] Field byte_count value 1968 outside constraints
[2026-05-19 10:42:13,824][WARNING][modbus_packet] Field byte_count value 1968 outside constraints
[2026-05-19 10:42:13,839][WARNING][modbus_packet] Field byte_count value 1968 outside constraints
[2026-05-19 10:42:13,853][WARNING][modbus_packet] Field byte_count value 1968 outside constraints
[2026-05-19 10:42:13,867][WARNING][modbus_packet] Field byte_count value 1968 outside constraints
[2026-05-19 10:42:13,881][WARNING][modbus_packet] Field byte_count value 1968 outside constraints
[2026-05-19 10:42:13,895][WARNING][modbus_packet] Field byte_count value 1968 outside constraints
[2026-05-19 10:42:13,909][WARNING][modbus_packet] Field byte_count value 1968 outside constraints
[2026-05-19 10:42:13,926][WARNING][modbus_packet] Field byte_count value 1968 outside constraints
[2026-05-19 10:42:13,940][WARNING][modbus_packet] Field byte_count value 1968 outside constraints
[2026-05-19 10:42:13,954][WARNING][modbus_packet] Field byte_count value 1968 outside constraints
[2026-05-19 10:42:13,968][WARNING][modbus_packet] Field byte_count value 1968 outside constraints
[2026-05-19 10:42:13,982][WARNING][modbus_packet] Field byte_count value 1968 outside constraints
[2026-05-19 10:42:13,996][WARNING][modbus_packet] Field byte_count value 1968 outside constraints
[2026-05-19 10:42:14,010][WARNING][modbus_packet] Field byte_count value 1968 outside constraints
[2026-05-19 10:42:14,025][WARNING][modbus_packet] Field byte_count value 1968 outside constraints
[2026-05-19 10:42:14,039][WARNING][modbus_packet] Field byte_count value 1968 outside constraints
[2026-05-19 10:42:14,054][WARNING][modbus_packet] Field byte_count value 1968 outside constraints
[2026-05-19 10:42:14,068][WARNING][modbus_packet] Field byte_count value 1968 outside constraints
[2026-05-19 10:42:14,083][WARNING][modbus_packet] Field byte_count value 1968 outside constraints
[2026-05-19 10:42:14,097][WARNING][modbus_packet] Field byte_count value 1968 outside constraints
[2026-05-19 10:42:14,110][WARNING][modbus_packet] Field byte_count value 1968 outside constraints
[2026-05-19 10:42:14,125][WARNING][modbus_packet] Field byte_count value 1968 outside constraints
[2026-05-19 10:42:14,140][WARNING][modbus_packet] Field byte_count value 1968 outside constraints
[2026-05-19 10:42:14,154][WARNING][modbus_packet] Field byte_count value 1968 outside constraints
[2026-05-19 10:42:14,169][WARNING][modbus_packet] Field byte_count value 1968 outside constraints
[2026-05-19 10:42:14,183][WARNING][modbus_packet] Field byte_count value 1968 outside constraints
[2026-05-19 10:42:14,197][WARNING][modbus_packet] Field byte_count value 1968 outside constraints
[2026-05-19 10:42:14,211][WARNING][modbus_packet] Field byte_count value 1968 outside constraints
[2026-05-19 10:42:14,225][WARNING][modbus_packet] Field byte_count value 1968 outside constraints
[2026-05-19 10:42:14,240][WARNING][modbus_packet] Field byte_count value 1968 outside constraints
[2026-05-19 10:42:14,254][WARNING][modbus_packet] Field byte_count value 1968 outside constraints
[2026-05-19 10:42:14,268][WARNING][modbus_packet] Field byte_count value 1968 outside constraints
[2026-05-19 10:42:15,398][WARNING][modbus_packet] Field byte_count value 255 outside constraints
[2026-05-19 10:42:15,413][WARNING][modbus_packet] Field byte_count value 255 outside constraints
[2026-05-19 10:42:15,426][WARNING][modbus_packet] Field byte_count value 255 outside constraints
[2026-05-19 10:42:15,441][WARNING][modbus_packet] Field byte_count value 255 outside constraints
[2026-05-19 10:42:15,456][WARNING][modbus_packet] Field byte_count value 255 outside constraints
[2026-05-19 10:42:15,470][WARNING][modbus_packet] Field byte_count value 255 outside constraints
[2026-05-19 10:42:15,483][WARNING][modbus_packet] Field byte_count value 255 outside constraints
[2026-05-19 10:42:15,497][WARNING][modbus_packet] Field byte_count value 255 outside constraints
[2026-05-19 10:42:15,510][WARNING][modbus_packet] Field byte_count value 255 outside constraints
[2026-05-19 10:42:15,524][WARNING][modbus_packet] Field byte_count value 255 outside constraints
[2026-05-19 10:42:15,540][WARNING][modbus_packet] Field byte_count value 255 outside constraints
[2026-05-19 10:42:15,554][WARNING][modbus_packet] Field byte_count value 255 outside constraints
[2026-05-19 10:42:15,568][WARNING][modbus_packet] Field byte_count value 255 outside constraints
[2026-05-19 10:42:15,583][WARNING][modbus_packet] Field byte_count value 255 outside constraints
[2026-05-19 10:42:15,597][WARNING][modbus_packet] Field byte_count value 255 outside constraints
[2026-05-19 10:42:15,611][WARNING][modbus_packet] Field byte_count value 255 outside constraints
[2026-05-19 10:42:15,625][WARNING][modbus_packet] Field byte_count value 255 outside constraints
[2026-05-19 10:42:15,639][WARNING][modbus_packet] Field byte_count value 255 outside constraints
[2026-05-19 10:42:15,653][WARNING][modbus_packet] Field byte_count value 255 outside constraints
[2026-05-19 10:42:15,668][WARNING][modbus_packet] Field byte_count value 255 outside constraints
[2026-05-19 10:42:15,682][WARNING][modbus_packet] Field byte_count value 255 outside constraints
[2026-05-19 10:42:15,696][WARNING][modbus_packet] Field byte_count value 255 outside constraints
[2026-05-19 10:42:15,710][WARNING][modbus_packet] Field byte_count value 255 outside constraints
[2026-05-19 10:42:15,728][WARNING][modbus_packet] Field byte_count value 255 outside constraints
[2026-05-19 10:42:15,741][WARNING][modbus_packet] Field byte_count value 255 outside constraints
[2026-05-19 10:42:15,754][WARNING][modbus_packet] Field byte_count value 255 outside constraints
[2026-05-19 10:42:15,769][WARNING][modbus_packet] Field byte_count value 255 outside constraints
[2026-05-19 10:42:15,785][WARNING][modbus_packet] Field byte_count value 255 outside constraints
[2026-05-19 10:42:15,800][WARNING][modbus_packet] Field byte_count value 255 outside constraints
[2026-05-19 10:42:15,815][WARNING][modbus_packet] Field byte_count value 255 outside constraints
[2026-05-19 10:42:15,829][WARNING][modbus_packet] Field byte_count value 255 outside constraints
[2026-05-19 10:42:15,843][WARNING][modbus_packet] Field byte_count value 255 outside constraints
[2026-05-19 10:42:15,857][WARNING][modbus_packet] Field byte_count value 255 outside constraints
[2026-05-19 10:42:15,872][WARNING][modbus_packet] Field byte_count value 255 outside constraints
[2026-05-19 10:42:15,886][WARNING][modbus_packet] Field byte_count value 255 outside constraints
[2026-05-19 10:42:15,900][WARNING][modbus_packet] Field byte_count value 255 outside constraints
[2026-05-19 10:42:15,915][WARNING][modbus_packet] Field byte_count value 255 outside constraints
[2026-05-19 10:42:15,929][WARNING][modbus_packet] Field byte_count value 255 outside constraints
[2026-05-19 10:42:15,944][WARNING][modbus_packet] Field byte_count value 255 outside constraints
[2026-05-19 10:42:15,958][WARNING][modbus_packet] Field byte_count value 255 outside constraints
[2026-05-19 10:42:15,972][WARNING][modbus_packet] Field byte_count value 256 outside constraints
[2026-05-19 10:42:15,987][WARNING][modbus_packet] Field byte_count value 256 outside constraints
[2026-05-19 10:42:16,001][WARNING][modbus_packet] Field byte_count value 256 outside constraints
[2026-05-19 10:42:16,016][WARNING][modbus_packet] Field byte_count value 256 outside constraints
[2026-05-19 10:42:16,030][WARNING][modbus_packet] Field byte_count value 256 outside constraints
[2026-05-19 10:42:16,045][WARNING][modbus_packet] Field byte_count value 256 outside constraints
[2026-05-19 10:42:16,059][WARNING][modbus_packet] Field byte_count value 256 outside constraints
[2026-05-19 10:42:16,073][WARNING][modbus_packet] Field byte_count value 256 outside constraints
[2026-05-19 10:42:16,088][WARNING][modbus_packet] Field byte_count value 256 outside constraints
[2026-05-19 10:42:16,103][WARNING][modbus_packet] Field byte_count value 256 outside constraints
[2026-05-19 10:42:16,117][WARNING][modbus_packet] Field byte_count value 256 outside constraints
[2026-05-19 10:42:16,132][WARNING][modbus_packet] Field byte_count value 256 outside constraints
[2026-05-19 10:42:16,146][WARNING][modbus_packet] Field byte_count value 256 outside constraints
[2026-05-19 10:42:16,160][WARNING][modbus_packet] Field byte_count value 256 outside constraints
[2026-05-19 10:42:16,174][WARNING][modbus_packet] Field byte_count value 256 outside constraints
[2026-05-19 10:42:16,189][WARNING][modbus_packet] Field byte_count value 256 outside constraints
[2026-05-19 10:42:16,203][WARNING][modbus_packet] Field byte_count value 256 outside constraints
[2026-05-19 10:42:16,219][WARNING][modbus_packet] Field byte_count value 256 outside constraints
[2026-05-19 10:42:16,235][WARNING][modbus_packet] Field byte_count value 256 outside constraints
[2026-05-19 10:42:16,249][WARNING][modbus_packet] Field byte_count value 256 outside constraints
[2026-05-19 10:42:16,263][WARNING][modbus_packet] Field byte_count value 256 outside constraints
[2026-05-19 10:42:16,277][WARNING][modbus_packet] Field byte_count value 256 outside constraints
[2026-05-19 10:42:16,291][WARNING][modbus_packet] Field byte_count value 256 outside constraints
[2026-05-19 10:42:16,304][WARNING][modbus_packet] Field byte_count value 256 outside constraints
[2026-05-19 10:42:16,318][WARNING][modbus_packet] Field byte_count value 256 outside constraints
[2026-05-19 10:42:16,333][WARNING][modbus_packet] Field byte_count value 256 outside constraints
[2026-05-19 10:42:16,347][WARNING][modbus_packet] Field byte_count value 256 outside constraints
[2026-05-19 10:42:16,361][WARNING][modbus_packet] Field byte_count value 256 outside constraints
[2026-05-19 10:42:16,374][WARNING][modbus_packet] Field byte_count value 256 outside constraints
[2026-05-19 10:42:16,388][WARNING][modbus_packet] Field byte_count value 256 outside constraints
[2026-05-19 10:42:16,402][WARNING][modbus_packet] Field byte_count value 256 outside constraints
[2026-05-19 10:42:16,416][WARNING][modbus_packet] Field byte_count value 256 outside constraints
[2026-05-19 10:42:16,431][WARNING][modbus_packet] Field byte_count value 256 outside constraints
[2026-05-19 10:42:16,445][WARNING][modbus_packet] Field byte_count value 256 outside constraints
[2026-05-19 10:42:16,459][WARNING][modbus_packet] Field byte_count value 256 outside constraints
[2026-05-19 10:42:16,473][WARNING][modbus_packet] Field byte_count value 256 outside constraints
[2026-05-19 10:42:16,487][WARNING][modbus_packet] Field byte_count value 256 outside constraints
[2026-05-19 10:42:16,501][WARNING][modbus_packet] Field byte_count value 256 outside constraints
[2026-05-19 10:42:16,515][WARNING][modbus_packet] Field byte_count value 256 outside constraints
[2026-05-19 10:42:16,529][WARNING][modbus_packet] Field byte_count value 256 outside constraints
[2026-05-19 10:42:16,544][WARNING][modbus_packet] Field byte_count value 1967 outside constraints
[2026-05-19 10:42:16,558][WARNING][modbus_packet] Field byte_count value 1967 outside constraints
[2026-05-19 10:42:16,572][WARNING][modbus_packet] Field byte_count value 1967 outside constraints
[2026-05-19 10:42:16,586][WARNING][modbus_packet] Field byte_count value 1967 outside constraints
[2026-05-19 10:42:16,600][WARNING][modbus_packet] Field byte_count value 1967 outside constraints
[2026-05-19 10:42:16,613][WARNING][modbus_packet] Field byte_count value 1967 outside constraints
[2026-05-19 10:42:16,627][WARNING][modbus_packet] Field byte_count value 1967 outside constraints
[2026-05-19 10:42:16,642][WARNING][modbus_packet] Field byte_count value 1967 outside constraints
[2026-05-19 10:42:16,657][WARNING][modbus_packet] Field byte_count value 1967 outside constraints
[2026-05-19 10:42:16,672][WARNING][modbus_packet] Field byte_count value 1967 outside constraints
[2026-05-19 10:42:16,687][WARNING][modbus_packet] Field byte_count value 1967 outside constraints
[2026-05-19 10:42:16,701][WARNING][modbus_packet] Field byte_count value 1967 outside constraints
[2026-05-19 10:42:16,716][WARNING][modbus_packet] Field byte_count value 1967 outside constraints
[2026-05-19 10:42:16,731][WARNING][modbus_packet] Field byte_count value 1967 outside constraints
[2026-05-19 10:42:16,747][WARNING][modbus_packet] Field byte_count value 1967 outside constraints
[2026-05-19 10:42:16,762][WARNING][modbus_packet] Field byte_count value 1967 outside constraints
[2026-05-19 10:42:16,776][WARNING][modbus_packet] Field byte_count value 1967 outside constraints
[2026-05-19 10:42:16,790][WARNING][modbus_packet] Field byte_count value 1967 outside constraints
[2026-05-19 10:42:16,804][WARNING][modbus_packet] Field byte_count value 1967 outside constraints
[2026-05-19 10:42:16,817][WARNING][modbus_packet] Field byte_count value 1967 outside constraints
[2026-05-19 10:42:16,831][WARNING][modbus_packet] Field byte_count value 1967 outside constraints
[2026-05-19 10:42:16,846][WARNING][modbus_packet] Field byte_count value 1967 outside constraints
[2026-05-19 10:42:16,860][WARNING][modbus_packet] Field byte_count value 1967 outside constraints
[2026-05-19 10:42:16,875][WARNING][modbus_packet] Field byte_count value 1967 outside constraints
[2026-05-19 10:42:16,889][WARNING][modbus_packet] Field byte_count value 1967 outside constraints
[2026-05-19 10:42:16,903][WARNING][modbus_packet] Field byte_count value 1967 outside constraints
[2026-05-19 10:42:16,917][WARNING][modbus_packet] Field byte_count value 1967 outside constraints
[2026-05-19 10:42:16,933][WARNING][modbus_packet] Field byte_count value 1967 outside constraints
[2026-05-19 10:42:16,947][WARNING][modbus_packet] Field byte_count value 1967 outside constraints
[2026-05-19 10:42:16,961][WARNING][modbus_packet] Field byte_count value 1967 outside constraints
[2026-05-19 10:42:16,975][WARNING][modbus_packet] Field byte_count value 1967 outside constraints
[2026-05-19 10:42:16,989][WARNING][modbus_packet] Field byte_count value 1967 outside constraints
[2026-05-19 10:42:17,003][WARNING][modbus_packet] Field byte_count value 1967 outside constraints
[2026-05-19 10:42:17,017][WARNING][modbus_packet] Field byte_count value 1967 outside constraints
[2026-05-19 10:42:17,031][WARNING][modbus_packet] Field byte_count value 1967 outside constraints
[2026-05-19 10:42:17,045][WARNING][modbus_packet] Field byte_count value 1967 outside constraints
[2026-05-19 10:42:17,059][WARNING][modbus_packet] Field byte_count value 1967 outside constraints
[2026-05-19 10:42:17,073][WARNING][modbus_packet] Field byte_count value 1967 outside constraints
[2026-05-19 10:42:17,088][WARNING][modbus_packet] Field byte_count value 1967 outside constraints
[2026-05-19 10:42:17,104][WARNING][modbus_packet] Field byte_count value 1967 outside constraints
[2026-05-19 10:42:17,118][WARNING][modbus_packet] Field byte_count value 1968 outside constraints
[2026-05-19 10:42:17,132][WARNING][modbus_packet] Field byte_count value 1968 outside constraints
[2026-05-19 10:42:17,147][WARNING][modbus_packet] Field byte_count value 1968 outside constraints
[2026-05-19 10:42:17,161][WARNING][modbus_packet] Field byte_count value 1968 outside constraints
[2026-05-19 10:42:17,175][WARNING][modbus_packet] Field byte_count value 1968 outside constraints
[2026-05-19 10:42:17,189][WARNING][modbus_packet] Field byte_count value 1968 outside constraints
[2026-05-19 10:42:17,203][WARNING][modbus_packet] Field byte_count value 1968 outside constraints
[2026-05-19 10:42:17,218][WARNING][modbus_packet] Field byte_count value 1968 outside constraints
[2026-05-19 10:42:17,232][WARNING][modbus_packet] Field byte_count value 1968 outside constraints
[2026-05-19 10:42:17,246][WARNING][modbus_packet] Field byte_count value 1968 outside constraints
[2026-05-19 10:42:17,261][WARNING][modbus_packet] Field byte_count value 1968 outside constraints
[2026-05-19 10:42:17,274][WARNING][modbus_packet] Field byte_count value 1968 outside constraints
[2026-05-19 10:42:17,289][WARNING][modbus_packet] Field byte_count value 1968 outside constraints
[2026-05-19 10:42:17,303][WARNING][modbus_packet] Field byte_count value 1968 outside constraints
[2026-05-19 10:42:17,318][WARNING][modbus_packet] Field byte_count value 1968 outside constraints
[2026-05-19 10:42:17,332][WARNING][modbus_packet] Field byte_count value 1968 outside constraints
[2026-05-19 10:42:17,346][WARNING][modbus_packet] Field byte_count value 1968 outside constraints
[2026-05-19 10:42:17,360][WARNING][modbus_packet] Field byte_count value 1968 outside constraints
[2026-05-19 10:42:17,374][WARNING][modbus_packet] Field byte_count value 1968 outside constraints
[2026-05-19 10:42:17,388][WARNING][modbus_packet] Field byte_count value 1968 outside constraints
[2026-05-19 10:42:17,402][WARNING][modbus_packet] Field byte_count value 1968 outside constraints
[2026-05-19 10:42:17,417][WARNING][modbus_packet] Field byte_count value 1968 outside constraints
[2026-05-19 10:42:17,432][WARNING][modbus_packet] Field byte_count value 1968 outside constraints
[2026-05-19 10:42:17,447][WARNING][modbus_packet] Field byte_count value 1968 outside constraints
[2026-05-19 10:42:17,461][WARNING][modbus_packet] Field byte_count value 1968 outside constraints
[2026-05-19 10:42:17,474][WARNING][modbus_packet] Field byte_count value 1968 outside constraints
[2026-05-19 10:42:17,489][WARNING][modbus_packet] Field byte_count value 1968 outside constraints
[2026-05-19 10:42:17,503][WARNING][modbus_packet] Field byte_count value 1968 outside constraints
[2026-05-19 10:42:17,518][WARNING][modbus_packet] Field byte_count value 1968 outside constraints
[2026-05-19 10:42:17,533][WARNING][modbus_packet] Field byte_count value 1968 outside constraints
[2026-05-19 10:42:17,548][WARNING][modbus_packet] Field byte_count value 1968 outside constraints
[2026-05-19 10:42:17,562][WARNING][modbus_packet] Field byte_count value 1968 outside constraints
[2026-05-19 10:42:17,576][WARNING][modbus_packet] Field byte_count value 1968 outside constraints
[2026-05-19 10:42:17,590][WARNING][modbus_packet] Field byte_count value 1968 outside constraints
[2026-05-19 10:42:17,604][WARNING][modbus_packet] Field byte_count value 1968 outside constraints
[2026-05-19 10:42:17,618][WARNING][modbus_packet] Field byte_count value 1968 outside constraints
[2026-05-19 10:42:17,633][WARNING][modbus_packet] Field byte_count value 1968 outside constraints
[2026-05-19 10:42:17,647][WARNING][modbus_packet] Field byte_count value 1968 outside constraints
[2026-05-19 10:42:17,662][WARNING][modbus_packet] Field byte_count value 1968 outside constraints
[2026-05-19 10:42:17,676][WARNING][modbus_packet] Field byte_count value 1968 outside constraints
[2026-05-19 10:55:34,440][INFO] Loaded configuration from config.yaml
[2026-05-19 10:55:34,440][DEBUG] Configuration validation passed
[2026-05-19 10:55:34,440][INFO][fuzzer_core] Starting fuzzing session against 192.168.60.3:502
[2026-05-19 10:55:34,440][INFO][fuzzer_core] Using strategies: ['grammar_based', 'boundary_values']
[2026-05-19 10:55:34,440][INFO][fuzzer_core] Fuzzing 12 function codes
[2026-05-19 10:55:34,440][INFO][fuzzer_core] Duration limit set to 10.0 seconds
[2026-05-19 10:55:34,440][INFO][fuzzer_core] Fuzzing function code 01
[2026-05-19 10:55:34,440][INFO][modbus_packet] Generated 48 test cases for FC01
[2026-05-19 10:55:34,447][INFO][modbus_connection] Connected to 192.168.60.3:502
[2026-05-19 10:55:34,543][INFO][fuzzer_core] New response pattern: 1:False:None:2
[2026-05-19 10:55:34,571][INFO][fuzzer_core] New response pattern: 1:False:None:33
[2026-05-19 10:55:34,599][INFO][fuzzer_core] New response pattern: 1:False:None:251
[2026-05-19 10:55:34,600][WARNING][fuzzer_core] Large response: 251 bytes
[2026-05-19 10:55:34,615][WARNING][fuzzer_core] Large response: 251 bytes
[2026-05-19 10:55:34,686][WARNING][fuzzer_core] Large response: 251 bytes
[2026-05-19 10:55:34,700][WARNING][fuzzer_core] Large response: 251 bytes
[2026-05-19 10:55:34,772][WARNING][fuzzer_core] Large response: 251 bytes
[2026-05-19 10:55:34,786][WARNING][fuzzer_core] Large response: 251 bytes
[2026-05-19 10:55:34,801][INFO][fuzzer_core] New response pattern: 1:True:2:1
[2026-05-19 10:55:35,268][INFO][fuzzer_core] Fuzzing function code 02
[2026-05-19 10:55:35,269][INFO][modbus_packet] Generated 48 test cases for FC02
[2026-05-19 10:55:35,273][INFO][fuzzer_core] New response pattern: 2:False:None:2
[2026-05-19 10:55:35,300][INFO][fuzzer_core] New response pattern: 2:False:None:33
[2026-05-19 10:55:35,327][INFO][fuzzer_core] New response pattern: 2:False:None:251
[2026-05-19 10:55:35,327][WARNING][fuzzer_core] Large response: 251 bytes
[2026-05-19 10:55:35,342][WARNING][fuzzer_core] Large response: 251 bytes
[2026-05-19 10:55:35,411][WARNING][fuzzer_core] Large response: 251 bytes
[2026-05-19 10:55:35,426][WARNING][fuzzer_core] Large response: 251 bytes
[2026-05-19 10:55:35,499][WARNING][fuzzer_core] Large response: 251 bytes
[2026-05-19 10:55:35,513][WARNING][fuzzer_core] Large response: 251 bytes
[2026-05-19 10:55:35,527][INFO][fuzzer_core] New response pattern: 2:True:2:1
[2026-05-19 10:55:35,997][INFO][fuzzer_core] Fuzzing function code 03
[2026-05-19 10:55:35,997][INFO][modbus_packet] Generated 32 test cases for FC03
[2026-05-19 10:55:36,003][INFO][fuzzer_core] New response pattern: 3:False:None:3
[2026-05-19 10:55:36,017][INFO][fuzzer_core] New response pattern: 3:False:None:5
[2026-05-19 10:55:36,032][INFO][fuzzer_core] New response pattern: 3:False:None:249
[2026-05-19 10:55:36,046][INFO][fuzzer_core] New response pattern: 3:False:None:251
[2026-05-19 10:55:36,046][WARNING][fuzzer_core] Large response: 251 bytes
[2026-05-19 10:55:36,102][WARNING][fuzzer_core] Large response: 251 bytes
[2026-05-19 10:55:36,158][WARNING][fuzzer_core] Large response: 251 bytes
[2026-05-19 10:55:36,172][INFO][fuzzer_core] New response pattern: 3:True:2:1
[2026-05-19 10:55:36,501][INFO][fuzzer_core] Fuzzing function code 04
[2026-05-19 10:55:36,501][INFO][modbus_packet] Generated 32 test cases for FC04
[2026-05-19 10:55:36,506][INFO][fuzzer_core] New response pattern: 4:False:None:3
[2026-05-19 10:55:36,521][INFO][fuzzer_core] New response pattern: 4:False:None:5
[2026-05-19 10:55:36,534][INFO][fuzzer_core] New response pattern: 4:False:None:249
[2026-05-19 10:55:36,549][INFO][fuzzer_core] New response pattern: 4:False:None:251
[2026-05-19 10:55:36,549][WARNING][fuzzer_core] Large response: 251 bytes
[2026-05-19 10:55:36,608][WARNING][fuzzer_core] Large response: 251 bytes
[2026-05-19 10:55:36,664][WARNING][fuzzer_core] Large response: 251 bytes
[2026-05-19 10:55:36,678][INFO][fuzzer_core] New response pattern: 4:True:2:1
[2026-05-19 10:55:37,012][INFO][fuzzer_core] Fuzzing function code 05
[2026-05-19 10:55:37,012][INFO][modbus_packet] Generated 64 test cases for FC05
[2026-05-19 10:55:37,017][INFO][fuzzer_core] New response pattern: 5:False:None:4
[2026-05-19 10:55:37,355][INFO][fuzzer_core] New response pattern: 5:True:2:1
[2026-05-19 10:55:37,953][INFO][fuzzer_core] Fuzzing function code 06
[2026-05-19 10:55:37,954][INFO][modbus_packet] Generated 64 test cases for FC06
[2026-05-19 10:55:37,958][INFO][fuzzer_core] New response pattern: 6:False:None:4
[2026-05-19 10:55:38,297][INFO][fuzzer_core] New response pattern: 6:True:2:1
[2026-05-19 10:55:38,906][INFO][fuzzer_core] Fuzzing function code 08
[2026-05-19 10:55:38,907][INFO][modbus_packet] Generated 64 test cases for FC08
[2026-05-19 10:55:38,910][INFO][fuzzer_core] New response pattern: 8:True:1:1
[2026-05-19 10:55:39,858][INFO][fuzzer_core] Fuzzing function code 0F
[2026-05-19 10:55:39,858][INFO][modbus_packet] Generated 288 test cases for FC0F
[2026-05-19 10:55:39,863][INFO][fuzzer_core] New response pattern: 15:False:None:4
[2026-05-19 10:55:40,430][INFO][fuzzer_core] New response pattern: 15:True:3:1
[2026-05-19 10:55:40,985][WARNING][modbus_packet] Field byte_count value 255 outside constraints
[2026-05-19 10:55:41,000][WARNING][modbus_packet] Field byte_count value 255 outside constraints
[2026-05-19 10:55:41,014][WARNING][modbus_packet] Field byte_count value 255 outside constraints
[2026-05-19 10:55:41,029][WARNING][modbus_packet] Field byte_count value 255 outside constraints
[2026-05-19 10:55:41,043][WARNING][modbus_packet] Field byte_count value 255 outside constraints
[2026-05-19 10:55:41,057][WARNING][modbus_packet] Field byte_count value 255 outside constraints
[2026-05-19 10:55:41,072][WARNING][modbus_packet] Field byte_count value 255 outside constraints
[2026-05-19 10:55:41,086][WARNING][modbus_packet] Field byte_count value 255 outside constraints
[2026-05-19 10:55:41,100][WARNING][modbus_packet] Field byte_count value 255 outside constraints
[2026-05-19 10:55:41,114][WARNING][modbus_packet] Field byte_count value 255 outside constraints
[2026-05-19 10:55:41,128][WARNING][modbus_packet] Field byte_count value 255 outside constraints
[2026-05-19 10:55:41,143][WARNING][modbus_packet] Field byte_count value 255 outside constraints
[2026-05-19 10:55:41,158][WARNING][modbus_packet] Field byte_count value 255 outside constraints
[2026-05-19 10:55:41,174][WARNING][modbus_packet] Field byte_count value 255 outside constraints
[2026-05-19 10:55:41,188][WARNING][modbus_packet] Field byte_count value 255 outside constraints
[2026-05-19 10:55:41,202][WARNING][modbus_packet] Field byte_count value 255 outside constraints
[2026-05-19 10:55:41,216][WARNING][modbus_packet] Field byte_count value 255 outside constraints
[2026-05-19 10:55:41,230][WARNING][modbus_packet] Field byte_count value 255 outside constraints
[2026-05-19 10:55:41,244][WARNING][modbus_packet] Field byte_count value 255 outside constraints
[2026-05-19 10:55:41,259][WARNING][modbus_packet] Field byte_count value 255 outside constraints
[2026-05-19 10:55:41,274][WARNING][modbus_packet] Field byte_count value 255 outside constraints
[2026-05-19 10:55:41,288][WARNING][modbus_packet] Field byte_count value 255 outside constraints
[2026-05-19 10:55:41,302][WARNING][modbus_packet] Field byte_count value 255 outside constraints
[2026-05-19 10:55:41,316][WARNING][modbus_packet] Field byte_count value 255 outside constraints
[2026-05-19 10:55:41,330][WARNING][modbus_packet] Field byte_count value 255 outside constraints
[2026-05-19 10:55:41,344][WARNING][modbus_packet] Field byte_count value 255 outside constraints
[2026-05-19 10:55:41,359][WARNING][modbus_packet] Field byte_count value 255 outside constraints
[2026-05-19 10:55:41,373][WARNING][modbus_packet] Field byte_count value 255 outside constraints
[2026-05-19 10:55:41,388][WARNING][modbus_packet] Field byte_count value 255 outside constraints
[2026-05-19 10:55:41,402][WARNING][modbus_packet] Field byte_count value 255 outside constraints
[2026-05-19 10:55:41,416][WARNING][modbus_packet] Field byte_count value 255 outside constraints
[2026-05-19 10:55:41,431][WARNING][modbus_packet] Field byte_count value 255 outside constraints
[2026-05-19 10:55:41,445][WARNING][modbus_packet] Field byte_count value 255 outside constraints
[2026-05-19 10:55:41,459][WARNING][modbus_packet] Field byte_count value 255 outside constraints
[2026-05-19 10:55:41,475][WARNING][modbus_packet] Field byte_count value 255 outside constraints
[2026-05-19 10:55:41,489][WARNING][modbus_packet] Field byte_count value 255 outside constraints
[2026-05-19 10:55:41,503][WARNING][modbus_packet] Field byte_count value 255 outside constraints
[2026-05-19 10:55:41,518][WARNING][modbus_packet] Field byte_count value 255 outside constraints
[2026-05-19 10:55:41,532][WARNING][modbus_packet] Field byte_count value 255 outside constraints
[2026-05-19 10:55:41,546][WARNING][modbus_packet] Field byte_count value 255 outside constraints
[2026-05-19 10:55:41,560][WARNING][modbus_packet] Field byte_count value 256 outside constraints
[2026-05-19 10:55:41,574][WARNING][modbus_packet] Field byte_count value 256 outside constraints
[2026-05-19 10:55:41,589][WARNING][modbus_packet] Field byte_count value 256 outside constraints
[2026-05-19 10:55:41,605][WARNING][modbus_packet] Field byte_count value 256 outside constraints
[2026-05-19 10:55:41,620][WARNING][modbus_packet] Field byte_count value 256 outside constraints
[2026-05-19 10:55:41,633][WARNING][modbus_packet] Field byte_count value 256 outside constraints
[2026-05-19 10:55:41,647][WARNING][modbus_packet] Field byte_count value 256 outside constraints
[2026-05-19 10:55:41,661][WARNING][modbus_packet] Field byte_count value 256 outside constraints
[2026-05-19 10:55:41,675][WARNING][modbus_packet] Field byte_count value 256 outside constraints
[2026-05-19 10:55:41,690][WARNING][modbus_packet] Field byte_count value 256 outside constraints
[2026-05-19 10:55:41,705][WARNING][modbus_packet] Field byte_count value 256 outside constraints
[2026-05-19 10:55:41,719][WARNING][modbus_packet] Field byte_count value 256 outside constraints
[2026-05-19 10:55:41,732][WARNING][modbus_packet] Field byte_count value 256 outside constraints
[2026-05-19 10:55:41,747][WARNING][modbus_packet] Field byte_count value 256 outside constraints
[2026-05-19 10:55:41,761][WARNING][modbus_packet] Field byte_count value 256 outside constraints
[2026-05-19 10:55:41,775][WARNING][modbus_packet] Field byte_count value 256 outside constraints
[2026-05-19 10:55:41,790][WARNING][modbus_packet] Field byte_count value 256 outside constraints
[2026-05-19 10:55:41,804][WARNING][modbus_packet] Field byte_count value 256 outside constraints
[2026-05-19 10:55:41,818][WARNING][modbus_packet] Field byte_count value 256 outside constraints
[2026-05-19 10:55:41,832][WARNING][modbus_packet] Field byte_count value 256 outside constraints
[2026-05-19 10:55:41,846][WARNING][modbus_packet] Field byte_count value 256 outside constraints
[2026-05-19 10:55:41,860][WARNING][modbus_packet] Field byte_count value 256 outside constraints
[2026-05-19 10:55:41,875][WARNING][modbus_packet] Field byte_count value 256 outside constraints
[2026-05-19 10:55:41,889][WARNING][modbus_packet] Field byte_count value 256 outside constraints
[2026-05-19 10:55:41,903][WARNING][modbus_packet] Field byte_count value 256 outside constraints
[2026-05-19 10:55:41,918][WARNING][modbus_packet] Field byte_count value 256 outside constraints
[2026-05-19 10:55:41,932][WARNING][modbus_packet] Field byte_count value 256 outside constraints
[2026-05-19 10:55:41,946][WARNING][modbus_packet] Field byte_count value 256 outside constraints
[2026-05-19 10:55:41,961][WARNING][modbus_packet] Field byte_count value 256 outside constraints
[2026-05-19 10:55:41,975][WARNING][modbus_packet] Field byte_count value 256 outside constraints
[2026-05-19 10:55:41,989][WARNING][modbus_packet] Field byte_count value 256 outside constraints
[2026-05-19 10:55:42,002][WARNING][modbus_packet] Field byte_count value 256 outside constraints
[2026-05-19 10:55:42,016][WARNING][modbus_packet] Field byte_count value 256 outside constraints
[2026-05-19 10:55:42,032][WARNING][modbus_packet] Field byte_count value 256 outside constraints
[2026-05-19 10:55:42,048][WARNING][modbus_packet] Field byte_count value 256 outside constraints
[2026-05-19 10:55:42,062][WARNING][modbus_packet] Field byte_count value 256 outside constraints
[2026-05-19 10:55:42,078][WARNING][modbus_packet] Field byte_count value 256 outside constraints
[2026-05-19 10:55:42,092][WARNING][modbus_packet] Field byte_count value 256 outside constraints
[2026-05-19 10:55:42,107][WARNING][modbus_packet] Field byte_count value 256 outside constraints
[2026-05-19 10:55:42,122][WARNING][modbus_packet] Field byte_count value 256 outside constraints
[2026-05-19 10:55:42,137][WARNING][modbus_packet] Field byte_count value 1967 outside constraints
[2026-05-19 10:55:42,152][WARNING][modbus_packet] Field byte_count value 1967 outside constraints
[2026-05-19 10:55:42,166][WARNING][modbus_packet] Field byte_count value 1967 outside constraints
[2026-05-19 10:55:42,181][WARNING][modbus_packet] Field byte_count value 1967 outside constraints
[2026-05-19 10:55:42,195][WARNING][modbus_packet] Field byte_count value 1967 outside constraints
[2026-05-19 10:55:42,210][WARNING][modbus_packet] Field byte_count value 1967 outside constraints
[2026-05-19 10:55:42,224][WARNING][modbus_packet] Field byte_count value 1967 outside constraints
[2026-05-19 10:55:42,239][WARNING][modbus_packet] Field byte_count value 1967 outside constraints
[2026-05-19 10:55:42,254][WARNING][modbus_packet] Field byte_count value 1967 outside constraints
[2026-05-19 10:55:42,268][WARNING][modbus_packet] Field byte_count value 1967 outside constraints
[2026-05-19 10:55:42,282][WARNING][modbus_packet] Field byte_count value 1967 outside constraints
[2026-05-19 10:55:42,296][WARNING][modbus_packet] Field byte_count value 1967 outside constraints
[2026-05-19 10:55:42,310][WARNING][modbus_packet] Field byte_count value 1967 outside constraints
[2026-05-19 10:55:42,324][WARNING][modbus_packet] Field byte_count value 1967 outside constraints
[2026-05-19 10:55:42,339][WARNING][modbus_packet] Field byte_count value 1967 outside constraints
[2026-05-19 10:55:42,353][WARNING][modbus_packet] Field byte_count value 1967 outside constraints
[2026-05-19 10:55:42,368][WARNING][modbus_packet] Field byte_count value 1967 outside constraints
[2026-05-19 10:55:42,382][WARNING][modbus_packet] Field byte_count value 1967 outside constraints
[2026-05-19 10:55:42,396][WARNING][modbus_packet] Field byte_count value 1967 outside constraints
[2026-05-19 10:55:42,410][WARNING][modbus_packet] Field byte_count value 1967 outside constraints
[2026-05-19 10:55:42,424][WARNING][modbus_packet] Field byte_count value 1967 outside constraints
[2026-05-19 10:55:42,437][WARNING][modbus_packet] Field byte_count value 1967 outside constraints
[2026-05-19 10:55:42,452][WARNING][modbus_packet] Field byte_count value 1967 outside constraints
[2026-05-19 10:55:42,467][WARNING][modbus_packet] Field byte_count value 1967 outside constraints
[2026-05-19 10:55:42,482][WARNING][modbus_packet] Field byte_count value 1967 outside constraints
[2026-05-19 10:55:42,495][WARNING][modbus_packet] Field byte_count value 1967 outside constraints
[2026-05-19 10:55:42,509][WARNING][modbus_packet] Field byte_count value 1967 outside constraints
[2026-05-19 10:55:42,523][WARNING][modbus_packet] Field byte_count value 1967 outside constraints
[2026-05-19 10:55:42,537][WARNING][modbus_packet] Field byte_count value 1967 outside constraints
[2026-05-19 10:55:42,551][WARNING][modbus_packet] Field byte_count value 1967 outside constraints
[2026-05-19 10:55:42,565][WARNING][modbus_packet] Field byte_count value 1967 outside constraints
[2026-05-19 10:55:42,580][WARNING][modbus_packet] Field byte_count value 1967 outside constraints
[2026-05-19 10:55:42,594][WARNING][modbus_packet] Field byte_count value 1967 outside constraints
[2026-05-19 10:55:42,608][WARNING][modbus_packet] Field byte_count value 1967 outside constraints
[2026-05-19 10:55:42,621][WARNING][modbus_packet] Field byte_count value 1967 outside constraints
[2026-05-19 10:55:42,636][WARNING][modbus_packet] Field byte_count value 1967 outside constraints
[2026-05-19 10:55:42,650][WARNING][modbus_packet] Field byte_count value 1967 outside constraints
[2026-05-19 10:55:42,664][WARNING][modbus_packet] Field byte_count value 1967 outside constraints
[2026-05-19 10:55:42,678][WARNING][modbus_packet] Field byte_count value 1967 outside constraints
[2026-05-19 10:55:42,692][WARNING][modbus_packet] Field byte_count value 1967 outside constraints
[2026-05-19 10:55:42,707][WARNING][modbus_packet] Field byte_count value 1968 outside constraints
[2026-05-19 10:55:42,721][WARNING][modbus_packet] Field byte_count value 1968 outside constraints
[2026-05-19 10:55:42,735][WARNING][modbus_packet] Field byte_count value 1968 outside constraints
[2026-05-19 10:55:42,750][WARNING][modbus_packet] Field byte_count value 1968 outside constraints
[2026-05-19 10:55:42,764][WARNING][modbus_packet] Field byte_count value 1968 outside constraints
[2026-05-19 10:55:42,778][WARNING][modbus_packet] Field byte_count value 1968 outside constraints
[2026-05-19 10:55:42,793][WARNING][modbus_packet] Field byte_count value 1968 outside constraints
[2026-05-19 10:55:42,807][WARNING][modbus_packet] Field byte_count value 1968 outside constraints
[2026-05-19 10:55:42,822][WARNING][modbus_packet] Field byte_count value 1968 outside constraints
[2026-05-19 10:55:42,836][WARNING][modbus_packet] Field byte_count value 1968 outside constraints
[2026-05-19 10:55:42,850][WARNING][modbus_packet] Field byte_count value 1968 outside constraints
[2026-05-19 10:55:42,864][WARNING][modbus_packet] Field byte_count value 1968 outside constraints
[2026-05-19 10:55:42,878][WARNING][modbus_packet] Field byte_count value 1968 outside constraints
[2026-05-19 10:55:42,892][WARNING][modbus_packet] Field byte_count value 1968 outside constraints
[2026-05-19 10:55:42,908][WARNING][modbus_packet] Field byte_count value 1968 outside constraints
[2026-05-19 10:55:42,923][WARNING][modbus_packet] Field byte_count value 1968 outside constraints
[2026-05-19 10:55:42,937][WARNING][modbus_packet] Field byte_count value 1968 outside constraints
[2026-05-19 10:55:42,952][WARNING][modbus_packet] Field byte_count value 1968 outside constraints
[2026-05-19 10:55:42,966][WARNING][modbus_packet] Field byte_count value 1968 outside constraints
[2026-05-19 10:55:42,979][WARNING][modbus_packet] Field byte_count value 1968 outside constraints
[2026-05-19 10:55:42,994][WARNING][modbus_packet] Field byte_count value 1968 outside constraints
[2026-05-19 10:55:43,008][WARNING][modbus_packet] Field byte_count value 1968 outside constraints
[2026-05-19 10:55:43,022][WARNING][modbus_packet] Field byte_count value 1968 outside constraints
[2026-05-19 10:55:43,037][WARNING][modbus_packet] Field byte_count value 1968 outside constraints
[2026-05-19 10:55:43,051][WARNING][modbus_packet] Field byte_count value 1968 outside constraints
[2026-05-19 10:55:43,065][WARNING][modbus_packet] Field byte_count value 1968 outside constraints
[2026-05-19 10:55:43,079][WARNING][modbus_packet] Field byte_count value 1968 outside constraints
[2026-05-19 10:55:43,092][WARNING][modbus_packet] Field byte_count value 1968 outside constraints
[2026-05-19 10:55:43,107][WARNING][modbus_packet] Field byte_count value 1968 outside constraints
[2026-05-19 10:55:43,121][WARNING][modbus_packet] Field byte_count value 1968 outside constraints
[2026-05-19 10:55:43,134][WARNING][modbus_packet] Field byte_count value 1968 outside constraints
[2026-05-19 10:55:43,148][WARNING][modbus_packet] Field byte_count value 1968 outside constraints
[2026-05-19 10:55:43,162][WARNING][modbus_packet] Field byte_count value 1968 outside constraints
[2026-05-19 10:55:43,176][WARNING][modbus_packet] Field byte_count value 1968 outside constraints
[2026-05-19 10:55:43,189][WARNING][modbus_packet] Field byte_count value 1968 outside constraints
[2026-05-19 10:55:43,203][WARNING][modbus_packet] Field byte_count value 1968 outside constraints
[2026-05-19 10:55:43,217][WARNING][modbus_packet] Field byte_count value 1968 outside constraints
[2026-05-19 10:55:43,231][WARNING][modbus_packet] Field byte_count value 1968 outside constraints
[2026-05-19 10:55:43,245][WARNING][modbus_packet] Field byte_count value 1968 outside constraints
[2026-05-19 10:55:43,259][WARNING][modbus_packet] Field byte_count value 1968 outside constraints
[2026-05-19 10:55:44,384][WARNING][modbus_packet] Field byte_count value 255 outside constraints
[2026-05-19 10:55:44,398][WARNING][modbus_packet] Field byte_count value 255 outside constraints
[2026-05-19 10:55:44,412][WARNING][modbus_packet] Field byte_count value 255 outside constraints
[2026-05-19 10:55:44,427][WARNING][modbus_packet] Field byte_count value 255 outside constraints
[2026-05-19 10:55:44,451][INFO][fuzzer_core] Duration limit reached, stopping fuzzing
[2026-05-19 10:55:44,451][INFO][fuzzer_core] Fuzzing session completed in 10.01 seconds
[2026-05-19 10:55:44,451][INFO][fuzzer_core] Total tests: 690
[2026-05-19 10:55:44,451][INFO][fuzzer_core] Successful: 690
[2026-05-19 10:55:44,451][INFO][fuzzer_core] Failed: 0
[2026-05-19 10:55:44,451][INFO][fuzzer_core] Interesting findings: 527
[2026-05-19 10:55:44,466][INFO][fuzzer_core] Session report saved to fuzzing_session_20260519_105544.json
[2026-05-19 11:04:34,333][INFO] Loaded configuration from config.yaml
[2026-05-19 11:04:34,333][DEBUG] Configuration validation passed
[2026-05-19 11:04:34,333][INFO][fuzzer_core] Starting fuzzing session against 192.168.60.3:502
[2026-05-19 11:04:34,333][INFO][fuzzer_core] Using strategies: ['grammar_based', 'boundary_values']
[2026-05-19 11:04:34,333][INFO][fuzzer_core] Fuzzing 12 function codes
[2026-05-19 11:04:34,333][INFO][fuzzer_core] Duration limit set to 10.0 seconds
[2026-05-19 11:04:34,333][INFO][fuzzer_core] Fuzzing function code 01
[2026-05-19 11:04:34,333][INFO][modbus_packet] Generated 48 test cases for FC01
[2026-05-19 11:04:34,834][WARNING][modbus_connection] Connection timeout to 192.168.60.3:502 (attempt 1)
[2026-05-19 11:04:34,944][INFO][modbus_connection] Connected to 192.168.60.3:502
[2026-05-19 11:04:34,954][INFO][fuzzer_core] New response pattern: 1:False:None:2
[2026-05-19 11:04:34,980][INFO][fuzzer_core] New response pattern: 1:False:None:33
[2026-05-19 11:04:35,006][INFO][fuzzer_core] New response pattern: 1:False:None:251
[2026-05-19 11:04:35,006][WARNING][fuzzer_core] Large response: 251 bytes
[2026-05-19 11:04:35,019][WARNING][fuzzer_core] Large response: 251 bytes
[2026-05-19 11:04:35,086][WARNING][fuzzer_core] Large response: 251 bytes
[2026-05-19 11:04:35,099][WARNING][fuzzer_core] Large response: 251 bytes
[2026-05-19 11:04:35,167][WARNING][fuzzer_core] Large response: 251 bytes
[2026-05-19 11:04:35,181][WARNING][fuzzer_core] Large response: 251 bytes
[2026-05-19 11:04:35,195][INFO][fuzzer_core] New response pattern: 1:True:2:1
[2026-05-19 11:04:35,651][INFO][fuzzer_core] Fuzzing function code 02
[2026-05-19 11:04:35,652][INFO][modbus_packet] Generated 48 test cases for FC02
[2026-05-19 11:04:35,656][INFO][fuzzer_core] New response pattern: 2:False:None:2
[2026-05-19 11:04:35,684][INFO][fuzzer_core] New response pattern: 2:False:None:33
[2026-05-19 11:04:35,712][INFO][fuzzer_core] New response pattern: 2:False:None:251
[2026-05-19 11:04:35,712][WARNING][fuzzer_core] Large response: 251 bytes
[2026-05-19 11:04:35,726][WARNING][fuzzer_core] Large response: 251 bytes
[2026-05-19 11:04:35,798][WARNING][fuzzer_core] Large response: 251 bytes
[2026-05-19 11:04:35,814][WARNING][fuzzer_core] Large response: 251 bytes
[2026-05-19 11:04:35,885][WARNING][fuzzer_core] Large response: 251 bytes
[2026-05-19 11:04:35,900][WARNING][fuzzer_core] Large response: 251 bytes
[2026-05-19 11:04:35,914][INFO][fuzzer_core] New response pattern: 2:True:2:1
[2026-05-19 11:04:36,376][INFO][fuzzer_core] Fuzzing function code 03
[2026-05-19 11:04:36,376][INFO][modbus_packet] Generated 32 test cases for FC03
[2026-05-19 11:04:36,382][INFO][fuzzer_core] New response pattern: 3:False:None:3
[2026-05-19 11:04:36,397][INFO][fuzzer_core] New response pattern: 3:False:None:5
[2026-05-19 11:04:36,412][INFO][fuzzer_core] New response pattern: 3:False:None:249
[2026-05-19 11:04:36,426][INFO][fuzzer_core] New response pattern: 3:False:None:251
[2026-05-19 11:04:36,426][WARNING][fuzzer_core] Large response: 251 bytes
[2026-05-19 11:04:36,482][WARNING][fuzzer_core] Large response: 251 bytes
[2026-05-19 11:04:36,540][WARNING][fuzzer_core] Large response: 251 bytes
[2026-05-19 11:04:36,555][INFO][fuzzer_core] New response pattern: 3:True:2:1
[2026-05-19 11:04:36,882][INFO][fuzzer_core] Fuzzing function code 04
[2026-05-19 11:04:36,882][INFO][modbus_packet] Generated 32 test cases for FC04
[2026-05-19 11:04:36,886][INFO][fuzzer_core] New response pattern: 4:False:None:3
[2026-05-19 11:04:36,900][INFO][fuzzer_core] New response pattern: 4:False:None:5
[2026-05-19 11:04:36,915][INFO][fuzzer_core] New response pattern: 4:False:None:249
[2026-05-19 11:04:36,929][INFO][fuzzer_core] New response pattern: 4:False:None:251
[2026-05-19 11:04:36,929][WARNING][fuzzer_core] Large response: 251 bytes
[2026-05-19 11:04:36,984][WARNING][fuzzer_core] Large response: 251 bytes
[2026-05-19 11:04:37,042][WARNING][fuzzer_core] Large response: 251 bytes
[2026-05-19 11:04:37,056][INFO][fuzzer_core] New response pattern: 4:True:2:1
[2026-05-19 11:04:37,380][INFO][fuzzer_core] Fuzzing function code 05
[2026-05-19 11:04:37,380][INFO][modbus_packet] Generated 64 test cases for FC05
[2026-05-19 11:04:37,385][INFO][fuzzer_core] New response pattern: 5:False:None:4
[2026-05-19 11:04:37,719][INFO][fuzzer_core] New response pattern: 5:True:2:1
[2026-05-19 11:04:38,319][INFO][fuzzer_core] Fuzzing function code 06
[2026-05-19 11:04:38,319][INFO][modbus_packet] Generated 64 test cases for FC06
[2026-05-19 11:04:38,323][INFO][fuzzer_core] New response pattern: 6:False:None:4
[2026-05-19 11:04:38,655][INFO][fuzzer_core] New response pattern: 6:True:2:1
[2026-05-19 11:04:39,265][INFO][fuzzer_core] Fuzzing function code 08
[2026-05-19 11:04:39,265][INFO][modbus_packet] Generated 64 test cases for FC08
[2026-05-19 11:04:39,270][INFO][fuzzer_core] New response pattern: 8:True:1:1
[2026-05-19 11:04:40,198][INFO][fuzzer_core] Fuzzing function code 0F
[2026-05-19 11:04:40,198][INFO][modbus_packet] Generated 288 test cases for FC0F
[2026-05-19 11:04:40,202][INFO][fuzzer_core] New response pattern: 15:False:None:4
[2026-05-19 11:04:40,761][INFO][fuzzer_core] New response pattern: 15:True:3:1
[2026-05-19 11:04:41,304][WARNING][modbus_packet] Field byte_count value 255 outside constraints
[2026-05-19 11:04:41,319][WARNING][modbus_packet] Field byte_count value 255 outside constraints
[2026-05-19 11:04:41,333][WARNING][modbus_packet] Field byte_count value 255 outside constraints
[2026-05-19 11:04:41,347][WARNING][modbus_packet] Field byte_count value 255 outside constraints
[2026-05-19 11:04:41,361][WARNING][modbus_packet] Field byte_count value 255 outside constraints
[2026-05-19 11:04:41,375][WARNING][modbus_packet] Field byte_count value 255 outside constraints
[2026-05-19 11:04:41,389][WARNING][modbus_packet] Field byte_count value 255 outside constraints
[2026-05-19 11:04:41,403][WARNING][modbus_packet] Field byte_count value 255 outside constraints
[2026-05-19 11:04:41,417][WARNING][modbus_packet] Field byte_count value 255 outside constraints
[2026-05-19 11:04:41,431][WARNING][modbus_packet] Field byte_count value 255 outside constraints
[2026-05-19 11:04:41,445][WARNING][modbus_packet] Field byte_count value 255 outside constraints
[2026-05-19 11:04:41,458][WARNING][modbus_packet] Field byte_count value 255 outside constraints
[2026-05-19 11:04:41,473][WARNING][modbus_packet] Field byte_count value 255 outside constraints
[2026-05-19 11:04:41,487][WARNING][modbus_packet] Field byte_count value 255 outside constraints
[2026-05-19 11:04:41,500][WARNING][modbus_packet] Field byte_count value 255 outside constraints
[2026-05-19 11:04:41,513][WARNING][modbus_packet] Field byte_count value 255 outside constraints
[2026-05-19 11:04:41,527][WARNING][modbus_packet] Field byte_count value 255 outside constraints
[2026-05-19 11:04:41,541][WARNING][modbus_packet] Field byte_count value 255 outside constraints
[2026-05-19 11:04:41,556][WARNING][modbus_packet] Field byte_count value 255 outside constraints
[2026-05-19 11:04:41,570][WARNING][modbus_packet] Field byte_count value 255 outside constraints
[2026-05-19 11:04:41,584][WARNING][modbus_packet] Field byte_count value 255 outside constraints
[2026-05-19 11:04:41,598][WARNING][modbus_packet] Field byte_count value 255 outside constraints
[2026-05-19 11:04:41,611][WARNING][modbus_packet] Field byte_count value 255 outside constraints
[2026-05-19 11:04:41,625][WARNING][modbus_packet] Field byte_count value 255 outside constraints
[2026-05-19 11:04:41,640][WARNING][modbus_packet] Field byte_count value 255 outside constraints
[2026-05-19 11:04:41,655][WARNING][modbus_packet] Field byte_count value 255 outside constraints
[2026-05-19 11:04:41,669][WARNING][modbus_packet] Field byte_count value 255 outside constraints
[2026-05-19 11:04:41,683][WARNING][modbus_packet] Field byte_count value 255 outside constraints
[2026-05-19 11:04:41,697][WARNING][modbus_packet] Field byte_count value 255 outside constraints
[2026-05-19 11:04:41,711][WARNING][modbus_packet] Field byte_count value 255 outside constraints
[2026-05-19 11:04:41,725][WARNING][modbus_packet] Field byte_count value 255 outside constraints
[2026-05-19 11:04:41,739][WARNING][modbus_packet] Field byte_count value 255 outside constraints
[2026-05-19 11:04:41,754][WARNING][modbus_packet] Field byte_count value 255 outside constraints
[2026-05-19 11:04:41,769][WARNING][modbus_packet] Field byte_count value 255 outside constraints
[2026-05-19 11:04:41,783][WARNING][modbus_packet] Field byte_count value 255 outside constraints
[2026-05-19 11:04:41,798][WARNING][modbus_packet] Field byte_count value 255 outside constraints
[2026-05-19 11:04:41,813][WARNING][modbus_packet] Field byte_count value 255 outside constraints
[2026-05-19 11:04:41,828][WARNING][modbus_packet] Field byte_count value 255 outside constraints
[2026-05-19 11:04:41,843][WARNING][modbus_packet] Field byte_count value 255 outside constraints
[2026-05-19 11:04:41,857][WARNING][modbus_packet] Field byte_count value 255 outside constraints
[2026-05-19 11:04:41,872][WARNING][modbus_packet] Field byte_count value 256 outside constraints
[2026-05-19 11:04:41,885][WARNING][modbus_packet] Field byte_count value 256 outside constraints
[2026-05-19 11:04:41,899][WARNING][modbus_packet] Field byte_count value 256 outside constraints
[2026-05-19 11:04:41,913][WARNING][modbus_packet] Field byte_count value 256 outside constraints
[2026-05-19 11:04:41,927][WARNING][modbus_packet] Field byte_count value 256 outside constraints
[2026-05-19 11:04:41,941][WARNING][modbus_packet] Field byte_count value 256 outside constraints
[2026-05-19 11:04:41,956][WARNING][modbus_packet] Field byte_count value 256 outside constraints
[2026-05-19 11:04:41,970][WARNING][modbus_packet] Field byte_count value 256 outside constraints
[2026-05-19 11:04:41,984][WARNING][modbus_packet] Field byte_count value 256 outside constraints
[2026-05-19 11:04:41,999][WARNING][modbus_packet] Field byte_count value 256 outside constraints
[2026-05-19 11:04:42,014][WARNING][modbus_packet] Field byte_count value 256 outside constraints
[2026-05-19 11:04:42,028][WARNING][modbus_packet] Field byte_count value 256 outside constraints
[2026-05-19 11:04:42,042][WARNING][modbus_packet] Field byte_count value 256 outside constraints
[2026-05-19 11:04:42,056][WARNING][modbus_packet] Field byte_count value 256 outside constraints
[2026-05-19 11:04:42,072][WARNING][modbus_packet] Field byte_count value 256 outside constraints
[2026-05-19 11:04:42,087][WARNING][modbus_packet] Field byte_count value 256 outside constraints
[2026-05-19 11:04:42,101][WARNING][modbus_packet] Field byte_count value 256 outside constraints
[2026-05-19 11:04:42,116][WARNING][modbus_packet] Field byte_count value 256 outside constraints
[2026-05-19 11:04:42,130][WARNING][modbus_packet] Field byte_count value 256 outside constraints
[2026-05-19 11:04:42,144][WARNING][modbus_packet] Field byte_count value 256 outside constraints
[2026-05-19 11:04:42,158][WARNING][modbus_packet] Field byte_count value 256 outside constraints
[2026-05-19 11:04:42,173][WARNING][modbus_packet] Field byte_count value 256 outside constraints
[2026-05-19 11:04:42,187][WARNING][modbus_packet] Field byte_count value 256 outside constraints
[2026-05-19 11:04:42,201][WARNING][modbus_packet] Field byte_count value 256 outside constraints
[2026-05-19 11:04:42,215][WARNING][modbus_packet] Field byte_count value 256 outside constraints
[2026-05-19 11:04:42,230][WARNING][modbus_packet] Field byte_count value 256 outside constraints
[2026-05-19 11:04:42,243][WARNING][modbus_packet] Field byte_count value 256 outside constraints
[2026-05-19 11:04:42,257][WARNING][modbus_packet] Field byte_count value 256 outside constraints
[2026-05-19 11:04:42,271][WARNING][modbus_packet] Field byte_count value 256 outside constraints
[2026-05-19 11:04:42,286][WARNING][modbus_packet] Field byte_count value 256 outside constraints
[2026-05-19 11:04:42,300][WARNING][modbus_packet] Field byte_count value 256 outside constraints
[2026-05-19 11:04:42,314][WARNING][modbus_packet] Field byte_count value 256 outside constraints
[2026-05-19 11:04:42,328][WARNING][modbus_packet] Field byte_count value 256 outside constraints
[2026-05-19 11:04:42,342][WARNING][modbus_packet] Field byte_count value 256 outside constraints
[2026-05-19 11:04:42,356][WARNING][modbus_packet] Field byte_count value 256 outside constraints
[2026-05-19 11:04:42,370][WARNING][modbus_packet] Field byte_count value 256 outside constraints
[2026-05-19 11:04:42,384][WARNING][modbus_packet] Field byte_count value 256 outside constraints
[2026-05-19 11:04:42,398][WARNING][modbus_packet] Field byte_count value 256 outside constraints
[2026-05-19 11:04:42,412][WARNING][modbus_packet] Field byte_count value 256 outside constraints
[2026-05-19 11:04:42,426][WARNING][modbus_packet] Field byte_count value 256 outside constraints
[2026-05-19 11:04:42,440][WARNING][modbus_packet] Field byte_count value 1967 outside constraints
[2026-05-19 11:04:42,455][WARNING][modbus_packet] Field byte_count value 1967 outside constraints
[2026-05-19 11:04:42,469][WARNING][modbus_packet] Field byte_count value 1967 outside constraints
[2026-05-19 11:04:42,483][WARNING][modbus_packet] Field byte_count value 1967 outside constraints
[2026-05-19 11:04:42,497][WARNING][modbus_packet] Field byte_count value 1967 outside constraints
[2026-05-19 11:04:42,511][WARNING][modbus_packet] Field byte_count value 1967 outside constraints
[2026-05-19 11:04:42,525][WARNING][modbus_packet] Field byte_count value 1967 outside constraints
[2026-05-19 11:04:42,539][WARNING][modbus_packet] Field byte_count value 1967 outside constraints
[2026-05-19 11:04:42,553][WARNING][modbus_packet] Field byte_count value 1967 outside constraints
[2026-05-19 11:04:42,567][WARNING][modbus_packet] Field byte_count value 1967 outside constraints
[2026-05-19 11:04:42,581][WARNING][modbus_packet] Field byte_count value 1967 outside constraints
[2026-05-19 11:04:42,595][WARNING][modbus_packet] Field byte_count value 1967 outside constraints
[2026-05-19 11:04:42,609][WARNING][modbus_packet] Field byte_count value 1967 outside constraints
[2026-05-19 11:04:42,623][WARNING][modbus_packet] Field byte_count value 1967 outside constraints
[2026-05-19 11:04:42,637][WARNING][modbus_packet] Field byte_count value 1967 outside constraints
[2026-05-19 11:04:42,651][WARNING][modbus_packet] Field byte_count value 1967 outside constraints
[2026-05-19 11:04:42,665][WARNING][modbus_packet] Field byte_count value 1967 outside constraints
[2026-05-19 11:04:42,679][WARNING][modbus_packet] Field byte_count value 1967 outside constraints
[2026-05-19 11:04:42,693][WARNING][modbus_packet] Field byte_count value 1967 outside constraints
[2026-05-19 11:04:42,707][WARNING][modbus_packet] Field byte_count value 1967 outside constraints
[2026-05-19 11:04:42,721][WARNING][modbus_packet] Field byte_count value 1967 outside constraints
[2026-05-19 11:04:42,736][WARNING][modbus_packet] Field byte_count value 1967 outside constraints
[2026-05-19 11:04:42,750][WARNING][modbus_packet] Field byte_count value 1967 outside constraints
[2026-05-19 11:04:42,765][WARNING][modbus_packet] Field byte_count value 1967 outside constraints
[2026-05-19 11:04:42,778][WARNING][modbus_packet] Field byte_count value 1967 outside constraints
[2026-05-19 11:04:42,793][WARNING][modbus_packet] Field byte_count value 1967 outside constraints
[2026-05-19 11:04:42,807][WARNING][modbus_packet] Field byte_count value 1967 outside constraints
[2026-05-19 11:04:42,821][WARNING][modbus_packet] Field byte_count value 1967 outside constraints
[2026-05-19 11:04:42,835][WARNING][modbus_packet] Field byte_count value 1967 outside constraints
[2026-05-19 11:04:42,850][WARNING][modbus_packet] Field byte_count value 1967 outside constraints
[2026-05-19 11:04:42,864][WARNING][modbus_packet] Field byte_count value 1967 outside constraints
[2026-05-19 11:04:42,878][WARNING][modbus_packet] Field byte_count value 1967 outside constraints
[2026-05-19 11:04:42,892][WARNING][modbus_packet] Field byte_count value 1967 outside constraints
[2026-05-19 11:04:42,907][WARNING][modbus_packet] Field byte_count value 1967 outside constraints
[2026-05-19 11:04:42,921][WARNING][modbus_packet] Field byte_count value 1967 outside constraints
[2026-05-19 11:04:42,935][WARNING][modbus_packet] Field byte_count value 1967 outside constraints
[2026-05-19 11:04:42,950][WARNING][modbus_packet] Field byte_count value 1967 outside constraints
[2026-05-19 11:04:42,965][WARNING][modbus_packet] Field byte_count value 1967 outside constraints
[2026-05-19 11:04:42,979][WARNING][modbus_packet] Field byte_count value 1967 outside constraints
[2026-05-19 11:04:42,993][WARNING][modbus_packet] Field byte_count value 1967 outside constraints
[2026-05-19 11:04:43,008][WARNING][modbus_packet] Field byte_count value 1968 outside constraints
[2026-05-19 11:04:43,022][WARNING][modbus_packet] Field byte_count value 1968 outside constraints
[2026-05-19 11:04:43,037][WARNING][modbus_packet] Field byte_count value 1968 outside constraints
[2026-05-19 11:04:43,051][WARNING][modbus_packet] Field byte_count value 1968 outside constraints
[2026-05-19 11:04:43,065][WARNING][modbus_packet] Field byte_count value 1968 outside constraints
[2026-05-19 11:04:43,079][WARNING][modbus_packet] Field byte_count value 1968 outside constraints
[2026-05-19 11:04:43,093][WARNING][modbus_packet] Field byte_count value 1968 outside constraints
[2026-05-19 11:04:43,106][WARNING][modbus_packet] Field byte_count value 1968 outside constraints
[2026-05-19 11:04:43,120][WARNING][modbus_packet] Field byte_count value 1968 outside constraints
[2026-05-19 11:04:43,134][WARNING][modbus_packet] Field byte_count value 1968 outside constraints
[2026-05-19 11:04:43,148][WARNING][modbus_packet] Field byte_count value 1968 outside constraints
[2026-05-19 11:04:43,162][WARNING][modbus_packet] Field byte_count value 1968 outside constraints
[2026-05-19 11:04:43,176][WARNING][modbus_packet] Field byte_count value 1968 outside constraints
[2026-05-19 11:04:43,190][WARNING][modbus_packet] Field byte_count value 1968 outside constraints
[2026-05-19 11:04:43,204][WARNING][modbus_packet] Field byte_count value 1968 outside constraints
[2026-05-19 11:04:43,218][WARNING][modbus_packet] Field byte_count value 1968 outside constraints
[2026-05-19 11:04:43,232][WARNING][modbus_packet] Field byte_count value 1968 outside constraints
[2026-05-19 11:04:43,246][WARNING][modbus_packet] Field byte_count value 1968 outside constraints
[2026-05-19 11:04:43,259][WARNING][modbus_packet] Field byte_count value 1968 outside constraints
[2026-05-19 11:04:43,273][WARNING][modbus_packet] Field byte_count value 1968 outside constraints
[2026-05-19 11:04:43,287][WARNING][modbus_packet] Field byte_count value 1968 outside constraints
[2026-05-19 11:04:43,301][WARNING][modbus_packet] Field byte_count value 1968 outside constraints
[2026-05-19 11:04:43,314][WARNING][modbus_packet] Field byte_count value 1968 outside constraints
[2026-05-19 11:04:43,328][WARNING][modbus_packet] Field byte_count value 1968 outside constraints
[2026-05-19 11:04:43,342][WARNING][modbus_packet] Field byte_count value 1968 outside constraints
[2026-05-19 11:04:43,356][WARNING][modbus_packet] Field byte_count value 1968 outside constraints
[2026-05-19 11:04:43,370][WARNING][modbus_packet] Field byte_count value 1968 outside constraints
[2026-05-19 11:04:43,385][WARNING][modbus_packet] Field byte_count value 1968 outside constraints
[2026-05-19 11:04:43,399][WARNING][modbus_packet] Field byte_count value 1968 outside constraints
[2026-05-19 11:04:43,413][WARNING][modbus_packet] Field byte_count value 1968 outside constraints
[2026-05-19 11:04:43,427][WARNING][modbus_packet] Field byte_count value 1968 outside constraints
[2026-05-19 11:04:43,441][WARNING][modbus_packet] Field byte_count value 1968 outside constraints
[2026-05-19 11:04:43,456][WARNING][modbus_packet] Field byte_count value 1968 outside constraints
[2026-05-19 11:04:43,470][WARNING][modbus_packet] Field byte_count value 1968 outside constraints
[2026-05-19 11:04:43,484][WARNING][modbus_packet] Field byte_count value 1968 outside constraints
[2026-05-19 11:04:43,498][WARNING][modbus_packet] Field byte_count value 1968 outside constraints
[2026-05-19 11:04:43,512][WARNING][modbus_packet] Field byte_count value 1968 outside constraints
[2026-05-19 11:04:43,526][WARNING][modbus_packet] Field byte_count value 1968 outside constraints
[2026-05-19 11:04:43,541][WARNING][modbus_packet] Field byte_count value 1968 outside constraints
[2026-05-19 11:04:43,555][WARNING][modbus_packet] Field byte_count value 1968 outside constraints
[2026-05-19 11:04:44,349][INFO][fuzzer_core] Duration limit reached, stopping fuzzing
[2026-05-19 11:04:44,350][INFO][fuzzer_core] Fuzzing session completed in 10.02 seconds
[2026-05-19 11:04:44,350][INFO][fuzzer_core] Total tests: 661
[2026-05-19 11:04:44,350][INFO][fuzzer_core] Successful: 661
[2026-05-19 11:04:44,350][INFO][fuzzer_core] Failed: 0
[2026-05-19 11:04:44,350][INFO][fuzzer_core] Interesting findings: 498
[2026-05-19 11:04:44,363][INFO][fuzzer_core] Session report saved to fuzzing_session_20260519_110444.json
[2026-05-19 11:15:37,501][INFO] Loaded configuration from config.yaml
[2026-05-19 11:15:37,501][DEBUG] Configuration validation passed
[2026-05-19 11:15:37,501][INFO][fuzzer_core] Starting fuzzing session against 192.168.60.3:502
[2026-05-19 11:15:37,502][INFO][fuzzer_core] Using strategies: ['grammar_based', 'boundary_values']
[2026-05-19 11:15:37,502][INFO][fuzzer_core] Fuzzing 12 function codes
[2026-05-19 11:15:37,502][INFO][fuzzer_core] Duration limit set to 10.0 seconds
[2026-05-19 11:15:37,502][INFO][fuzzer_core] Fuzzing function code 01
[2026-05-19 11:15:37,502][INFO][modbus_packet] Generated 48 test cases for FC01
[2026-05-19 11:15:37,507][INFO][modbus_connection] Connected to 192.168.60.3:502
[2026-05-19 11:15:37,523][INFO][fuzzer_core] New response pattern: 1:False:None:2
[2026-05-19 11:15:37,551][INFO][fuzzer_core] New response pattern: 1:False:None:33
[2026-05-19 11:15:37,578][INFO][fuzzer_core] New response pattern: 1:False:None:251
[2026-05-19 11:15:37,578][WARNING][fuzzer_core] Large response: 251 bytes
[2026-05-19 11:15:37,592][WARNING][fuzzer_core] Large response: 251 bytes
[2026-05-19 11:15:37,660][WARNING][fuzzer_core] Large response: 251 bytes
[2026-05-19 11:15:37,674][WARNING][fuzzer_core] Large response: 251 bytes
[2026-05-19 11:15:37,745][WARNING][fuzzer_core] Large response: 251 bytes
[2026-05-19 11:15:37,759][WARNING][fuzzer_core] Large response: 251 bytes
[2026-05-19 11:15:37,773][INFO][fuzzer_core] New response pattern: 1:True:2:1
[2026-05-19 11:15:38,234][INFO][fuzzer_core] Fuzzing function code 02
[2026-05-19 11:15:38,234][INFO][modbus_packet] Generated 48 test cases for FC02
[2026-05-19 11:15:38,239][INFO][fuzzer_core] New response pattern: 2:False:None:2
[2026-05-19 11:15:38,267][INFO][fuzzer_core] New response pattern: 2:False:None:33
[2026-05-19 11:15:38,294][INFO][fuzzer_core] New response pattern: 2:False:None:251
[2026-05-19 11:15:38,295][WARNING][fuzzer_core] Large response: 251 bytes
[2026-05-19 11:15:38,308][WARNING][fuzzer_core] Large response: 251 bytes
[2026-05-19 11:15:38,377][WARNING][fuzzer_core] Large response: 251 bytes
[2026-05-19 11:15:38,391][WARNING][fuzzer_core] Large response: 251 bytes
[2026-05-19 11:15:38,460][WARNING][fuzzer_core] Large response: 251 bytes
[2026-05-19 11:15:38,474][WARNING][fuzzer_core] Large response: 251 bytes
[2026-05-19 11:15:38,488][INFO][fuzzer_core] New response pattern: 2:True:2:1
[2026-05-19 11:15:38,947][INFO][fuzzer_core] Fuzzing function code 03
[2026-05-19 11:15:38,947][INFO][modbus_packet] Generated 32 test cases for FC03
[2026-05-19 11:15:38,952][INFO][fuzzer_core] New response pattern: 3:False:None:3
[2026-05-19 11:15:38,966][INFO][fuzzer_core] New response pattern: 3:False:None:5
[2026-05-19 11:15:38,980][INFO][fuzzer_core] New response pattern: 3:False:None:249
[2026-05-19 11:15:38,994][INFO][fuzzer_core] New response pattern: 3:False:None:251
[2026-05-19 11:15:38,994][WARNING][fuzzer_core] Large response: 251 bytes
[2026-05-19 11:15:39,049][WARNING][fuzzer_core] Large response: 251 bytes
[2026-05-19 11:15:39,105][WARNING][fuzzer_core] Large response: 251 bytes
[2026-05-19 11:15:39,119][INFO][fuzzer_core] New response pattern: 3:True:2:1
[2026-05-19 11:15:39,435][INFO][fuzzer_core] Fuzzing function code 04
[2026-05-19 11:15:39,435][INFO][modbus_packet] Generated 32 test cases for FC04
[2026-05-19 11:15:39,439][INFO][fuzzer_core] New response pattern: 4:False:None:3
[2026-05-19 11:15:39,453][INFO][fuzzer_core] New response pattern: 4:False:None:5
[2026-05-19 11:15:39,467][INFO][fuzzer_core] New response pattern: 4:False:None:249
[2026-05-19 11:15:39,481][INFO][fuzzer_core] New response pattern: 4:False:None:251
[2026-05-19 11:15:39,481][WARNING][fuzzer_core] Large response: 251 bytes
[2026-05-19 11:15:39,535][WARNING][fuzzer_core] Large response: 251 bytes
[2026-05-19 11:15:39,592][WARNING][fuzzer_core] Large response: 251 bytes
[2026-05-19 11:15:39,605][INFO][fuzzer_core] New response pattern: 4:True:2:1
[2026-05-19 11:15:39,925][INFO][fuzzer_core] Fuzzing function code 05
[2026-05-19 11:15:39,925][INFO][modbus_packet] Generated 64 test cases for FC05
[2026-05-19 11:15:39,929][INFO][fuzzer_core] New response pattern: 5:False:None:4
[2026-05-19 11:15:40,256][INFO][fuzzer_core] New response pattern: 5:True:2:1
[2026-05-19 11:15:40,859][INFO][fuzzer_core] Fuzzing function code 06
[2026-05-19 11:15:40,859][INFO][modbus_packet] Generated 64 test cases for FC06
[2026-05-19 11:15:40,864][INFO][fuzzer_core] New response pattern: 6:False:None:4
[2026-05-19 11:15:41,193][INFO][fuzzer_core] New response pattern: 6:True:2:1
[2026-05-19 11:15:41,787][INFO][fuzzer_core] Fuzzing function code 08
[2026-05-19 11:15:41,788][INFO][modbus_packet] Generated 64 test cases for FC08
[2026-05-19 11:15:41,792][INFO][fuzzer_core] New response pattern: 8:True:1:1
[2026-05-19 11:15:42,719][INFO][fuzzer_core] Fuzzing function code 0F
[2026-05-19 11:15:42,720][INFO][modbus_packet] Generated 288 test cases for FC0F
[2026-05-19 11:15:42,724][INFO][fuzzer_core] New response pattern: 15:False:None:4
[2026-05-19 11:15:43,281][INFO][fuzzer_core] New response pattern: 15:True:3:1
[2026-05-19 11:15:43,833][WARNING][modbus_packet] Field byte_count value 255 outside constraints
[2026-05-19 11:15:43,847][WARNING][modbus_packet] Field byte_count value 255 outside constraints
[2026-05-19 11:15:43,861][WARNING][modbus_packet] Field byte_count value 255 outside constraints
[2026-05-19 11:15:43,875][WARNING][modbus_packet] Field byte_count value 255 outside constraints
[2026-05-19 11:15:43,889][WARNING][modbus_packet] Field byte_count value 255 outside constraints
[2026-05-19 11:15:43,903][WARNING][modbus_packet] Field byte_count value 255 outside constraints
[2026-05-19 11:15:43,916][WARNING][modbus_packet] Field byte_count value 255 outside constraints
[2026-05-19 11:15:43,930][WARNING][modbus_packet] Field byte_count value 255 outside constraints
[2026-05-19 11:15:43,944][WARNING][modbus_packet] Field byte_count value 255 outside constraints
[2026-05-19 11:15:43,958][WARNING][modbus_packet] Field byte_count value 255 outside constraints
[2026-05-19 11:15:43,972][WARNING][modbus_packet] Field byte_count value 255 outside constraints
[2026-05-19 11:15:43,985][WARNING][modbus_packet] Field byte_count value 255 outside constraints
[2026-05-19 11:15:43,999][WARNING][modbus_packet] Field byte_count value 255 outside constraints
[2026-05-19 11:15:44,013][WARNING][modbus_packet] Field byte_count value 255 outside constraints
[2026-05-19 11:15:44,027][WARNING][modbus_packet] Field byte_count value 255 outside constraints
[2026-05-19 11:15:44,042][WARNING][modbus_packet] Field byte_count value 255 outside constraints
[2026-05-19 11:15:44,056][WARNING][modbus_packet] Field byte_count value 255 outside constraints
[2026-05-19 11:15:44,070][WARNING][modbus_packet] Field byte_count value 255 outside constraints
[2026-05-19 11:15:44,084][WARNING][modbus_packet] Field byte_count value 255 outside constraints
[2026-05-19 11:15:44,098][WARNING][modbus_packet] Field byte_count value 255 outside constraints
[2026-05-19 11:15:44,112][WARNING][modbus_packet] Field byte_count value 255 outside constraints
[2026-05-19 11:15:44,128][WARNING][modbus_packet] Field byte_count value 255 outside constraints
[2026-05-19 11:15:44,144][WARNING][modbus_packet] Field byte_count value 255 outside constraints
[2026-05-19 11:15:44,159][WARNING][modbus_packet] Field byte_count value 255 outside constraints
[2026-05-19 11:15:44,174][WARNING][modbus_packet] Field byte_count value 255 outside constraints
[2026-05-19 11:15:44,188][WARNING][modbus_packet] Field byte_count value 255 outside constraints
[2026-05-19 11:15:44,201][WARNING][modbus_packet] Field byte_count value 255 outside constraints
[2026-05-19 11:15:44,215][WARNING][modbus_packet] Field byte_count value 255 outside constraints
[2026-05-19 11:15:44,230][WARNING][modbus_packet] Field byte_count value 255 outside constraints
[2026-05-19 11:15:44,244][WARNING][modbus_packet] Field byte_count value 255 outside constraints
[2026-05-19 11:15:44,257][WARNING][modbus_packet] Field byte_count value 255 outside constraints
[2026-05-19 11:15:44,271][WARNING][modbus_packet] Field byte_count value 255 outside constraints
[2026-05-19 11:15:44,285][WARNING][modbus_packet] Field byte_count value 255 outside constraints
[2026-05-19 11:15:44,299][WARNING][modbus_packet] Field byte_count value 255 outside constraints
[2026-05-19 11:15:44,312][WARNING][modbus_packet] Field byte_count value 255 outside constraints
[2026-05-19 11:15:44,327][WARNING][modbus_packet] Field byte_count value 255 outside constraints
[2026-05-19 11:15:44,341][WARNING][modbus_packet] Field byte_count value 255 outside constraints
[2026-05-19 11:15:44,355][WARNING][modbus_packet] Field byte_count value 255 outside constraints
[2026-05-19 11:15:44,370][WARNING][modbus_packet] Field byte_count value 255 outside constraints
[2026-05-19 11:15:44,384][WARNING][modbus_packet] Field byte_count value 255 outside constraints
[2026-05-19 11:15:44,398][WARNING][modbus_packet] Field byte_count value 256 outside constraints
[2026-05-19 11:15:44,412][WARNING][modbus_packet] Field byte_count value 256 outside constraints
[2026-05-19 11:15:44,425][WARNING][modbus_packet] Field byte_count value 256 outside constraints
[2026-05-19 11:15:44,440][WARNING][modbus_packet] Field byte_count value 256 outside constraints
[2026-05-19 11:15:44,454][WARNING][modbus_packet] Field byte_count value 256 outside constraints
[2026-05-19 11:15:44,468][WARNING][modbus_packet] Field byte_count value 256 outside constraints
[2026-05-19 11:15:44,481][WARNING][modbus_packet] Field byte_count value 256 outside constraints
[2026-05-19 11:15:44,495][WARNING][modbus_packet] Field byte_count value 256 outside constraints
[2026-05-19 11:15:44,509][WARNING][modbus_packet] Field byte_count value 256 outside constraints
[2026-05-19 11:15:44,523][WARNING][modbus_packet] Field byte_count value 256 outside constraints
[2026-05-19 11:15:44,537][WARNING][modbus_packet] Field byte_count value 256 outside constraints
[2026-05-19 11:15:44,551][WARNING][modbus_packet] Field byte_count value 256 outside constraints
[2026-05-19 11:15:44,566][WARNING][modbus_packet] Field byte_count value 256 outside constraints
[2026-05-19 11:15:44,580][WARNING][modbus_packet] Field byte_count value 256 outside constraints
[2026-05-19 11:15:44,594][WARNING][modbus_packet] Field byte_count value 256 outside constraints
[2026-05-19 11:15:44,608][WARNING][modbus_packet] Field byte_count value 256 outside constraints
[2026-05-19 11:15:44,622][WARNING][modbus_packet] Field byte_count value 256 outside constraints
[2026-05-19 11:15:44,636][WARNING][modbus_packet] Field byte_count value 256 outside constraints
[2026-05-19 11:15:44,650][WARNING][modbus_packet] Field byte_count value 256 outside constraints
[2026-05-19 11:15:44,664][WARNING][modbus_packet] Field byte_count value 256 outside constraints
[2026-05-19 11:15:44,677][WARNING][modbus_packet] Field byte_count value 256 outside constraints
[2026-05-19 11:15:44,691][WARNING][modbus_packet] Field byte_count value 256 outside constraints
[2026-05-19 11:15:44,705][WARNING][modbus_packet] Field byte_count value 256 outside constraints
[2026-05-19 11:15:44,719][WARNING][modbus_packet] Field byte_count value 256 outside constraints
[2026-05-19 11:15:44,733][WARNING][modbus_packet] Field byte_count value 256 outside constraints
[2026-05-19 11:15:44,747][WARNING][modbus_packet] Field byte_count value 256 outside constraints
[2026-05-19 11:15:44,761][WARNING][modbus_packet] Field byte_count value 256 outside constraints
[2026-05-19 11:15:44,776][WARNING][modbus_packet] Field byte_count value 256 outside constraints
[2026-05-19 11:15:44,790][WARNING][modbus_packet] Field byte_count value 256 outside constraints
[2026-05-19 11:15:44,805][WARNING][modbus_packet] Field byte_count value 256 outside constraints
[2026-05-19 11:15:44,819][WARNING][modbus_packet] Field byte_count value 256 outside constraints
[2026-05-19 11:15:44,833][WARNING][modbus_packet] Field byte_count value 256 outside constraints
[2026-05-19 11:15:44,847][WARNING][modbus_packet] Field byte_count value 256 outside constraints
[2026-05-19 11:15:44,861][WARNING][modbus_packet] Field byte_count value 256 outside constraints
[2026-05-19 11:15:44,875][WARNING][modbus_packet] Field byte_count value 256 outside constraints
[2026-05-19 11:15:44,889][WARNING][modbus_packet] Field byte_count value 256 outside constraints
[2026-05-19 11:15:44,903][WARNING][modbus_packet] Field byte_count value 256 outside constraints
[2026-05-19 11:15:44,917][WARNING][modbus_packet] Field byte_count value 256 outside constraints
[2026-05-19 11:15:44,931][WARNING][modbus_packet] Field byte_count value 256 outside constraints
[2026-05-19 11:15:44,945][WARNING][modbus_packet] Field byte_count value 256 outside constraints
[2026-05-19 11:15:44,960][WARNING][modbus_packet] Field byte_count value 1967 outside constraints
[2026-05-19 11:15:44,973][WARNING][modbus_packet] Field byte_count value 1967 outside constraints
[2026-05-19 11:15:44,987][WARNING][modbus_packet] Field byte_count value 1967 outside constraints
[2026-05-19 11:15:45,001][WARNING][modbus_packet] Field byte_count value 1967 outside constraints
[2026-05-19 11:15:45,016][WARNING][modbus_packet] Field byte_count value 1967 outside constraints
[2026-05-19 11:15:45,029][WARNING][modbus_packet] Field byte_count value 1967 outside constraints
[2026-05-19 11:15:45,043][WARNING][modbus_packet] Field byte_count value 1967 outside constraints
[2026-05-19 11:15:45,056][WARNING][modbus_packet] Field byte_count value 1967 outside constraints
[2026-05-19 11:15:45,071][WARNING][modbus_packet] Field byte_count value 1967 outside constraints
[2026-05-19 11:15:45,084][WARNING][modbus_packet] Field byte_count value 1967 outside constraints
[2026-05-19 11:15:45,098][WARNING][modbus_packet] Field byte_count value 1967 outside constraints
[2026-05-19 11:15:45,112][WARNING][modbus_packet] Field byte_count value 1967 outside constraints
[2026-05-19 11:15:45,126][WARNING][modbus_packet] Field byte_count value 1967 outside constraints
[2026-05-19 11:15:45,140][WARNING][modbus_packet] Field byte_count value 1967 outside constraints
[2026-05-19 11:15:45,154][WARNING][modbus_packet] Field byte_count value 1967 outside constraints
[2026-05-19 11:15:45,169][WARNING][modbus_packet] Field byte_count value 1967 outside constraints
[2026-05-19 11:15:45,183][WARNING][modbus_packet] Field byte_count value 1967 outside constraints
[2026-05-19 11:15:45,197][WARNING][modbus_packet] Field byte_count value 1967 outside constraints
[2026-05-19 11:15:45,211][WARNING][modbus_packet] Field byte_count value 1967 outside constraints
[2026-05-19 11:15:45,225][WARNING][modbus_packet] Field byte_count value 1967 outside constraints
[2026-05-19 11:15:45,239][WARNING][modbus_packet] Field byte_count value 1967 outside constraints
[2026-05-19 11:15:45,254][WARNING][modbus_packet] Field byte_count value 1967 outside constraints
[2026-05-19 11:15:45,268][WARNING][modbus_packet] Field byte_count value 1967 outside constraints
[2026-05-19 11:15:45,282][WARNING][modbus_packet] Field byte_count value 1967 outside constraints
[2026-05-19 11:15:45,297][WARNING][modbus_packet] Field byte_count value 1967 outside constraints
[2026-05-19 11:15:45,311][WARNING][modbus_packet] Field byte_count value 1967 outside constraints
[2026-05-19 11:15:45,325][WARNING][modbus_packet] Field byte_count value 1967 outside constraints
[2026-05-19 11:15:45,339][WARNING][modbus_packet] Field byte_count value 1967 outside constraints
[2026-05-19 11:15:45,353][WARNING][modbus_packet] Field byte_count value 1967 outside constraints
[2026-05-19 11:15:45,367][WARNING][modbus_packet] Field byte_count value 1967 outside constraints
[2026-05-19 11:15:45,382][WARNING][modbus_packet] Field byte_count value 1967 outside constraints
[2026-05-19 11:15:45,396][WARNING][modbus_packet] Field byte_count value 1967 outside constraints
[2026-05-19 11:15:45,411][WARNING][modbus_packet] Field byte_count value 1967 outside constraints
[2026-05-19 11:15:45,425][WARNING][modbus_packet] Field byte_count value 1967 outside constraints
[2026-05-19 11:15:45,439][WARNING][modbus_packet] Field byte_count value 1967 outside constraints
[2026-05-19 11:15:45,452][WARNING][modbus_packet] Field byte_count value 1967 outside constraints
[2026-05-19 11:15:45,467][WARNING][modbus_packet] Field byte_count value 1967 outside constraints
[2026-05-19 11:15:45,481][WARNING][modbus_packet] Field byte_count value 1967 outside constraints
[2026-05-19 11:15:45,495][WARNING][modbus_packet] Field byte_count value 1967 outside constraints
[2026-05-19 11:15:45,509][WARNING][modbus_packet] Field byte_count value 1967 outside constraints
[2026-05-19 11:15:45,523][WARNING][modbus_packet] Field byte_count value 1968 outside constraints
[2026-05-19 11:15:45,538][WARNING][modbus_packet] Field byte_count value 1968 outside constraints
[2026-05-19 11:15:45,552][WARNING][modbus_packet] Field byte_count value 1968 outside constraints
[2026-05-19 11:15:45,566][WARNING][modbus_packet] Field byte_count value 1968 outside constraints
[2026-05-19 11:15:45,580][WARNING][modbus_packet] Field byte_count value 1968 outside constraints
[2026-05-19 11:15:45,594][WARNING][modbus_packet] Field byte_count value 1968 outside constraints
[2026-05-19 11:15:45,608][WARNING][modbus_packet] Field byte_count value 1968 outside constraints
[2026-05-19 11:15:45,622][WARNING][modbus_packet] Field byte_count value 1968 outside constraints
[2026-05-19 11:15:45,636][WARNING][modbus_packet] Field byte_count value 1968 outside constraints
[2026-05-19 11:15:45,650][WARNING][modbus_packet] Field byte_count value 1968 outside constraints
[2026-05-19 11:15:45,664][WARNING][modbus_packet] Field byte_count value 1968 outside constraints
[2026-05-19 11:15:45,678][WARNING][modbus_packet] Field byte_count value 1968 outside constraints
[2026-05-19 11:15:45,692][WARNING][modbus_packet] Field byte_count value 1968 outside constraints
[2026-05-19 11:15:45,706][WARNING][modbus_packet] Field byte_count value 1968 outside constraints
[2026-05-19 11:15:45,720][WARNING][modbus_packet] Field byte_count value 1968 outside constraints
[2026-05-19 11:15:45,733][WARNING][modbus_packet] Field byte_count value 1968 outside constraints
[2026-05-19 11:15:45,748][WARNING][modbus_packet] Field byte_count value 1968 outside constraints
[2026-05-19 11:15:45,763][WARNING][modbus_packet] Field byte_count value 1968 outside constraints
[2026-05-19 11:15:45,778][WARNING][modbus_packet] Field byte_count value 1968 outside constraints
[2026-05-19 11:15:45,792][WARNING][modbus_packet] Field byte_count value 1968 outside constraints
[2026-05-19 11:15:45,807][WARNING][modbus_packet] Field byte_count value 1968 outside constraints
[2026-05-19 11:15:45,821][WARNING][modbus_packet] Field byte_count value 1968 outside constraints
[2026-05-19 11:15:45,835][WARNING][modbus_packet] Field byte_count value 1968 outside constraints
[2026-05-19 11:15:45,849][WARNING][modbus_packet] Field byte_count value 1968 outside constraints
[2026-05-19 11:15:45,864][WARNING][modbus_packet] Field byte_count value 1968 outside constraints
[2026-05-19 11:15:45,878][WARNING][modbus_packet] Field byte_count value 1968 outside constraints
[2026-05-19 11:15:45,892][WARNING][modbus_packet] Field byte_count value 1968 outside constraints
[2026-05-19 11:15:45,907][WARNING][modbus_packet] Field byte_count value 1968 outside constraints
[2026-05-19 11:15:45,921][WARNING][modbus_packet] Field byte_count value 1968 outside constraints
[2026-05-19 11:15:45,935][WARNING][modbus_packet] Field byte_count value 1968 outside constraints
[2026-05-19 11:15:45,950][WARNING][modbus_packet] Field byte_count value 1968 outside constraints
[2026-05-19 11:15:45,964][WARNING][modbus_packet] Field byte_count value 1968 outside constraints
[2026-05-19 11:15:45,978][WARNING][modbus_packet] Field byte_count value 1968 outside constraints
[2026-05-19 11:15:45,993][WARNING][modbus_packet] Field byte_count value 1968 outside constraints
[2026-05-19 11:15:46,007][WARNING][modbus_packet] Field byte_count value 1968 outside constraints
[2026-05-19 11:15:46,021][WARNING][modbus_packet] Field byte_count value 1968 outside constraints
[2026-05-19 11:15:46,035][WARNING][modbus_packet] Field byte_count value 1968 outside constraints
[2026-05-19 11:15:46,050][WARNING][modbus_packet] Field byte_count value 1968 outside constraints
[2026-05-19 11:15:46,065][WARNING][modbus_packet] Field byte_count value 1968 outside constraints
[2026-05-19 11:15:46,079][WARNING][modbus_packet] Field byte_count value 1968 outside constraints
[2026-05-19 11:15:47,186][WARNING][modbus_packet] Field byte_count value 255 outside constraints
[2026-05-19 11:15:47,200][WARNING][modbus_packet] Field byte_count value 255 outside constraints
[2026-05-19 11:15:47,214][WARNING][modbus_packet] Field byte_count value 255 outside constraints
[2026-05-19 11:15:47,228][WARNING][modbus_packet] Field byte_count value 255 outside constraints
[2026-05-19 11:15:47,242][WARNING][modbus_packet] Field byte_count value 255 outside constraints
[2026-05-19 11:15:47,256][WARNING][modbus_packet] Field byte_count value 255 outside constraints
[2026-05-19 11:15:47,270][WARNING][modbus_packet] Field byte_count value 255 outside constraints
[2026-05-19 11:15:47,284][WARNING][modbus_packet] Field byte_count value 255 outside constraints
[2026-05-19 11:15:47,298][WARNING][modbus_packet] Field byte_count value 255 outside constraints
[2026-05-19 11:15:47,312][WARNING][modbus_packet] Field byte_count value 255 outside constraints
[2026-05-19 11:15:47,325][WARNING][modbus_packet] Field byte_count value 255 outside constraints
[2026-05-19 11:15:47,339][WARNING][modbus_packet] Field byte_count value 255 outside constraints
[2026-05-19 11:15:47,352][WARNING][modbus_packet] Field byte_count value 255 outside constraints
[2026-05-19 11:15:47,366][WARNING][modbus_packet] Field byte_count value 255 outside constraints
[2026-05-19 11:15:47,380][WARNING][modbus_packet] Field byte_count value 255 outside constraints
[2026-05-19 11:15:47,393][WARNING][modbus_packet] Field byte_count value 255 outside constraints
[2026-05-19 11:15:47,407][WARNING][modbus_packet] Field byte_count value 255 outside constraints
[2026-05-19 11:15:47,421][WARNING][modbus_packet] Field byte_count value 255 outside constraints
[2026-05-19 11:15:47,434][WARNING][modbus_packet] Field byte_count value 255 outside constraints
[2026-05-19 11:15:47,448][WARNING][modbus_packet] Field byte_count value 255 outside constraints
[2026-05-19 11:15:47,462][WARNING][modbus_packet] Field byte_count value 255 outside constraints
[2026-05-19 11:15:47,475][WARNING][modbus_packet] Field byte_count value 255 outside constraints
[2026-05-19 11:15:47,489][WARNING][modbus_packet] Field byte_count value 255 outside constraints
[2026-05-19 11:15:47,514][INFO][fuzzer_core] Duration limit reached, stopping fuzzing
[2026-05-19 11:15:47,514][INFO][fuzzer_core] Fuzzing session completed in 10.01 seconds
[2026-05-19 11:15:47,514][INFO][fuzzer_core] Total tests: 709
[2026-05-19 11:15:47,514][INFO][fuzzer_core] Successful: 709
[2026-05-19 11:15:47,514][INFO][fuzzer_core] Failed: 0
[2026-05-19 11:15:47,514][INFO][fuzzer_core] Interesting findings: 546
[2026-05-19 11:15:47,526][INFO][fuzzer_core] Session report saved to fuzzing_sessions/fuzzing_session_20260519_111547.json
